{
  "format_version": "1.10.0",
  "animation_controllers": {
    "controller.animation.3d_armor": {
      "states": {
        "default": {
          "transitions": [
            {
              "3D_armor":  "(query.get_equipped_item_name('main_hand') == 'carnival_goblin_mask_item') && (query.is_using_item)"
            }
          ]
        },
        "3D_armor": {
          "transitions": [
            {
              "default": "(1.0)"
            }
          ],
          "on_entry": [
            "/replaceitem entity @s slot.armor.head 1 pocket:carnival_goblin_mask_item",
            "/replaceitem entity @s slot.weapon.mainhand 1 air",
            "/playsound armor.equip_iron @a ~ ~ ~ 9"
          ]
        }
      }
    },
    "controller.animation.3d_armor_function": {
      "states": {
        "default": {
          "transitions": [
            {
              "3D_armor_function": "query.is_chested"
            }
          ]
        },
        "3D_armor_function": {
          "transitions": [
            {
              "default": "(1.0)"
            }
          ],
          "on_entry": [
            "/effect @s jump_boost 1 1 true"
          ]
        }
      }
    }
  }
}