{
  "format_version": "1.10.0",
  "render_controllers": {
    "controller.render.mwolf": {
      "arrays": {
        "geometries": {
          "Array.geos": [ "Geometry.default", "Geometry.pinkie" ]
        },
        "textures": {
          "Array.skins": [
            "Texture.default",
            "Texture.tame"
          ],
        
          "Array.angry": [
            "Texture.angry"
          ]
        }
      },
   
         "is_hurt_color": {
                "r": 1,
                "g": 0,
                "b": 0,
                "a": "(query.is_alive * 0.6)+(!query.is_alive * 0.3)"
            },
      "geometry": "Array.geos[query.mark_variant]",
      "materials": [ { "*": "Material.default" } ],
      "textures": [ "query.is_angry ? Array.angry[query.variant] : Array.skins[query.variant]" ],
    "overlay_color": {
          "r": "math.sin(query.life_time * 150 + query.variant * 600)",
          "g": "math.sin(query.life_time * 150 + query.variant * 600 + 120)",
          "b": "math.sin(query.life_time * 150 + query.variant * 600 + 240)",
          "a": "query.is_illager_captain ? 0.45 : 0"
      }
    }
  }
}
