{
	"format_version": "1.8.0",
	"animations": {
		"animation.duende.move": {
			"loop": true,
			"animation_length": 1.04,
			"bones": {
				"cuerpo": {
					"rotation": {
						"0.0": [0, 0, 0],
						"0.36": [0, -2.5, 0],
						"0.68": [0, 2.5, 0],
						"1.04": [0, 0, 0]
					},
					"position": {
						"0.0": [0, 0, 0],
						"1.04": [0, 0, 0]
					}
				},
				"brazo1": {
					"rotation": {
						"0.0": [0, 0, 0],
						"0.24": [-15, 0, 0],
						"0.52": [0, 0, 0]
					},
					"position": {
						"0.0": [0, 0, 0],
						"0.24": [0, 0, 0],
						"0.52": [0, 0, 0]
					}
				},
				"mandibula": {
					"rotation": {
						"0.0": [-10, 0, 0],
						"0.52": [0, 0, 0],
						"1.04": [-10, 0, 0]
					},
					"position": {
						"0.0": [0, 0, 0],
						"0.52": [0, 0, 0],
						"1.04": [0, 0, 0]
					}
				},
				"bone11": {
					"rotation": {
						"0.0": [0, 0, 0],
						"0.52": [0, 5, 5],
						"1.04": [0, 0, 0]
					},
					"position": {
						"0.0": [0, 0, 0],
						"0.52": [0.2, 0.3, 0.2],
						"1.04": [0, 0, 0]
					}
				},
				"bone12": {
					"rotation": {
						"0.0": [0, 0, 0],
						"0.52": [0, -5, -5],
						"1.04": [0, 0, 0]
					},
					"position": {
						"0.0": [0, 0, 0],
						"0.52": [-0.2, 0.3, 0.2],
						"1.04": [0, 0, 0]
					}
				},
				"pierna1": {
					"rotation": {
						"0.0": [0, 0, 0],
						"0.24": [-7.5, 0, 0],
						"0.52": [0, 0, 0]
					},
					"position": {
						"0.0": [0, 0, 0],
						"0.24": [0, 0, 0],
						"0.52": [0, 0, 0]
					}
				},
				"pierna2": {
					"rotation": {
						"0.52": [0, 0, 0],
						"0.76": [-7.5, 0, 0],
						"1.04": [0, 0, 0]
					},
					"position": {
						"0.52": [0, 0, 0],
						"0.76": [0, 0, 0],
						"1.04": [0, 0, 0]
					}
				},
				"brazo2": {
					"rotation": {
						"0.52": [0, 0, 0],
						"0.76": [-15, 0, 0],
						"1.04": [0, 0, 0]
					},
					"position": {
						"0.52": [0, 0, 0],
						"0.76": [0, 0, 0],
						"1.04": [0, 0, 0]
					}
				}
			}
		},
		"animation.duende.attack": {
			"loop": true,
			"animation_length": 1.04,
			"bones": {
				"brazo1": {
					"rotation": {
						"0.0": [0, 0, 0],
						"0.12": [-20, 0, -10],
						"0.2": [-20, 0, -10],
						"0.36": [-44.77, 25, -8.64],
						"0.48": [-47.7, 21.05, -7.28],
						"0.6": [-23.76, 4.6, -5.91],
						"0.72": [-14.62, -7.17, -3.64],
						"0.88": [-7.31, -3.58, -1.82],
						"1.04": [0, 0, 0]
					},
					"position": {
						"0.0": [0, 0, 0],
						"0.12": [0, 0, 0],
						"1.04": [0, 0, 0]
					}
				},
				"cabeza": {
					"rotation": {
						"0.0": [0, 0, 0],
						"0.36": [-2.5, 7.5, 0],
						"1.04": [0, 0, 0]
					},
					"position": {
						"0.0": [0, 0, 0],
						"0.36": [0, 0, 0],
						"1.04": [0, 0, 0]
					}
				},
				"mandibula": {
					"rotation": {
						"0.0": [-10, 0, 0],
						"0.28": [-12.5, 0, 0],
						"0.52": [-1.71, 0, 0],
						"1.04": [-10, 0, 0]
					},
					"position": {
						"0.0": [0, 0, 0],
						"0.28": [0, 0, 0],
						"0.52": [0, 0, 0],
						"1.04": [0, 0, 0]
					}
				},
				"pierna1": {
					"rotation": {
						"0.0": [0, 0, 0],
						"0.36": [5, 0, 0],
						"1.04": [0, 0, 0]
					},
					"position": {
						"0.0": [0, 0, 0],
						"0.36": [0, 0, 0],
						"1.04": [0, 0, 0]
					}
				},
				"pierna2": {
					"rotation": {
						"0.0": [0, 0, 0],
						"0.36": [-2.5, 0, 0],
						"1.04": [0, 0, 0]
					},
					"position": {
						"0.0": [0, 0, 0],
						"1.04": [0, 0, 0]
					}
				},
				"brazo2": {
					"rotation": {
						"0.0": [0, 0, 0],
						"0.16": [-65, 0, 0],
						"0.52": [-23.41, 0, 0],
						"1.04": [0, 0, 0]
					},
					"position": {
						"0.0": [0, 0, 0],
						"0.16": [0, 0, 0],
						"0.52": [0, 0, 0],
						"1.04": [0, 0, 0]
					}
				},
				"bone": {
					"rotation": {
						"0.0": [0, 0, 0],
						"0.08": [0, 0, 0],
						"0.16": [0, 0, 0],
						"0.32": [0, 0, -7.5],
						"0.68": [0, 0, -7.5],
						"1.04": [0, 0, 0]
					},
					"position": {
						"0.0": [0, 0, 0],
						"0.08": [0, -0.4, 0],
						"0.16": [0, 0, 0],
						"1.04": [0, 0, 0]
					},
					"scale": {
						"0.0": [1, 1, 1],
						"0.08": [1, 1.7, 1],
						"0.16": [1, 1, 1],
						"1.04": [1, 1, 1]
					}
				},
				"bone2": {
					"rotation": {
						"0.0": [0, 0, 0],
						"0.08": [0, 0, 0],
						"0.16": [0, 0, 0],
						"0.32": [0, 0, 7.5],
						"0.68": [0, 0, 7.5],
						"1.04": [0, 0, 0]
					},
					"position": {
						"0.0": [0, 0, 0],
						"0.08": [0, -0.4, 0],
						"0.16": [0, 0, 0],
						"1.04": [0, 0, 0]
					},
					"scale": {
						"0.0": [1, 1, 1],
						"0.08": [1, 1.7, 1],
						"0.16": [1, 1, 1],
						"1.04": [1, 1, 1]
					}
				}
			}
		},
		"animation.duende.static": {
			"loop": true,
			"animation_length": 1.04,
			"bones": {
				"cuerpo": {
					"rotation": {
						"0.0": [0, 0, 0],
						"0.52": [1, 0, 0],
						"1.04": [0, 0, 0]
					},
					"position": {
						"0.0": [0, 0, 0],
						"0.52": [0, 0, 0],
						"1.04": [0, 0, 0]
					}
				},
				"brazo1": {
					"rotation": {
						"0.0": [0, 0, 0],
						"0.52": [2.5, 0, 0],
						"1.04": [0, 0, 0]
					},
					"position": {
						"0.0": [0, 0, 0],
						"0.52": [0, 0, -0.3],
						"1.04": [0, 0, 0]
					}
				},
				"cabeza": {
					"rotation": {
						"0.0": [0, 0, 0],
						"0.52": [5, 0, 0],
						"1.04": [0, 0, 0]
					},
					"position": {
						"0.0": [0, 0, 0],
						"0.52": [0, 0, -0.3],
						"1.04": [0, 0, 0]
					}
				},
				"bone": {
					"rotation": {
						"0.0": [0, 0, 0],
						"0.52": [0, 0, -7.5],
						"1.04": [0, 0, 0]
					},
					"position": {
						"0.0": [0, 0, 0],
						"0.52": [0, 0, 0],
						"1.04": [0, 0, 0]
					}
				},
				"bone2": {
					"rotation": {
						"0.0": [0, 0, 0],
						"0.52": [0, 0, 7.5],
						"1.04": [0, 0, 0]
					},
					"position": {
						"0.0": [0, 0, 0],
						"0.52": [0, 0, 0],
						"1.04": [0, 0, 0]
					}
				},
				"mandibula": {
					"rotation": {
						"0.0": [-10, 0, 0],
						"0.52": [-7.5, 0, 0],
						"1.04": [-10, 0, 0]
					},
					"position": {
						"0.0": [0, 0, 0],
						"0.52": [0, 0, 0],
						"1.04": [0, 0, 0]
					}
				},
				"brazo2": {
					"rotation": {
						"0.0": [0, 0, 0],
						"0.52": [2.5, 0, 0],
						"1.04": [0, 0, 0]
					},
					"position": {
						"0.0": [0, 0, 0],
						"0.52": [0, 0, -0.3],
						"1.04": [0, 0, 0]
					}
				}
			}
		}
	}
}