{
  "format_version": "1.8.0",
  "minecraft:client_entity": {
    "description": {
      "identifier": "mutant:mutant_wolf",
      "textures": {
        "default": "textures/entity/mwolf/mwolf",
        "angry": "textures/entity/mwolf/mwolf_angry",
        "tame": "textures/entity/mwolf/mwolf_tame"
      },
      "materials": {
        "default": "cat"
      },
      "geometry": {
        "default": "geometry.mwolf",
        "pinkie": "geometry.mwolfpinkie"
      },
      "render_controllers": [
        "controller.render.mwolf"
      ],
      "spawn_egg": {
        "texture": "mwolf_spawn_eggs",
       "texture_index": 0
      },
      "sound_effects": {
        "bark": "mob.mwolf.idle",
        "baby_bark": "mob.mwolf.baby_idle"
    },
      "scripts": {
        "scale": "1.5",
        
        "pre_animation": [

          "variable.roar_length = 0.55;", 
          "variable.bite_anim_duration = 0.55f;", 
          "variable.bite_neck_length = 3.5;",
          
          "variable.mpet_walk_divisor=11.0;",
         

          "variable.mpet_walk_multiplier=1.0;"
         
        ]
      },
      "animations": {
        "death": "animation.mwolf.death",
        "death_cancel": "animation.mwolf.death_cancel",
        "big_head": "animation.mwolf.baby_scaling",
        "look_at_target": "animation.mwolf.look_at_target",
        "tail": "animation.mwolf.tail",
        "angry": "animation.mwolf.angry",
        "sleep": "animation.mwolf.sleep",
        "sit": "animation.mwolf.sit",
        "walk": "animation.mwolf.leg_default",
        "angry_1": "animation.mwolf.eating",
        "baby_angry_1": "animation.mwolf.baby_eating",
        "idle_1": "animation.mwolf.idle_1",
        "idle_2": "animation.mwolf.idle_2",
      
        "mwolf_item": "animation.mwolf.item",
       
        "begging": "animation.mwolf.begging",
        
        "biting": "animation.mwolf.bitting"
       
      },
      "animation_controllers": [
        { "death":  "controller.animation.mwolf.death" },
        { "idle":  "controller.animation.mwolf.idle" },
        { "tail":  "controller.animation.mwolf.tail" },
        { "move":  "controller.animation.mwolf.walking" },
        { "general": "controller.animation.mwolf.general" },
        { "biting": "controller.animation.mwolf.biting" },
        { "beg": "controller.animation.mwolf.beg" },
        { "big_head": "controller.animation.mwolf.baby_big_head" }
      ]

    }
  }
}