{
  "tiers": [
    {
        "trades": [
        {
          "wants": [
            {
              "item": "pocket:eye_of_cyclops",
              "quantity": {
                "min": 1,
                "max": 1
              }
            }
          ],
          "gives": [
            {
              "item": "pocket:spectral_lantern"
            }
          ]
        },
        {
          "wants": [
            {
              "item": "minecraft:iron_ingot",
              "quantity": {
                "min": 20,
                "max": 20
              }
            }
          ],
          "gives": [
            {
              "item": "minecraft:lantern",
              "quantity": 32
            }
          ]
        },
        {
          "wants": [
            {
              "item": "minecraft:iron_ingot",
              "quantity": {
                "min": 2,
                "max": 2
              }
            }
          ],
          "gives": [
            {
              "item": "minecraft:pumpkin_seeds"
            }
          ]
        },
        {
          "wants": [
            {
              "item": "minecraft:iron_ingot",
              "quantity": {
                "min": 4,
                "max": 4
              }
            }
          ],
          "gives": [
            {
              "item": "minecraft:pumpkin",
              "quantity": 2
            }
          ]
        },
        {
          "wants": [
            {
              "item": "minecraft:iron_ingot",
              "quantity": {
                "min": 12,
                "max": 12
              }
            }
          ],
          "gives": [
            {
              "item": "minecraft:carved_pumpkin",
              "quantity": 3
            }
          ]
        },
        {
          "wants": [
            {
              "item": "minecraft:obsidian",
              "quantity": {
                "min": 10,
                "max": 12
              }
            }
          ],
          "gives": [
            {
              "item": "minecraft:diamond",
              "quantity": 2
            }
          ]
        },
        {
          "wants": [
            {
              "item": "minecraft:diamond",
              "quantity": {
                "min": 15,
                "max": 16
              }
            }
          ],
          "gives": [
            {
              "item": "minecraft:netherite_ingot",
              "quantity": 2
            }
          ]
        },
        {
          "wants": [
            {
              "item": "minecraft:diamond",
              "quantity": {
                "min": 26,
                "max": 28
              }
            }
          ],
          "gives": [
            {
              "item": "minecraft:netherite_boots",
              "functions": [
                {
                  "function": "enchant_with_levels",
                  "treasure": false,
                  "levels": {
                    "min": 7,
                    "max": 9
                  }
                }
              ]
            }
          ]
        }
      ]
    }
  ]
}
