{
"format_version": "1.10.0",
	"minecraft:client_entity": {
		"description": {
			"identifier": "pocket:cannibal_goblin_2",
			"materials": {
				"default": "skeleton"
			},
			"textures": {
				"default": "textures/entity/cannibal_goblin_2"
			},
			"geometry": {
				"default": "geometry.cannibal_goblin_2"
			},
			"animations": {
				"moving": "animation.cannibal_goblin_2.move",
				"staticking": "animation.cannibal_goblin_2.static",
				"attacking": "animation.cannibal_goblin_2.attack",
				"move": "controller.animation.cannibal_goblin_2.move",
				"static": "controller.animation.cannibal_goblin_2.static",
				"attack": "controller.animation.cannibal_goblin_2.attack"
			},
			"scripts": {
				"animate": [
					"move",
					"static", 
					"attack"
				],
				"pre_animation": [
					"variable.attack = Math.sin(variable.attack_time * 30.0);"
				]
			},
			"render_controllers": [
				"controller.render.default"
			],
			"spawn_egg": {
				"texture": "egg_cannibal_goblin"
			}
		}
	}
}