{
"format_version": "1.10.0",
	"minecraft:client_entity": {
		"description": {
			"identifier": "pocket:ettins",
       "materials": {
         "default": "spider",
         "invisible": "spider_invisible"
       },
			"textures": {
				"default": "textures/entity/ettins"
			},
			"geometry": {
				"default": "geometry.ettins"
			},
			"animations": {
				"moving": "animation.ettins.move",
				"staticking": "animation.ettins.static",
				"attacking": "animation.ettins.attack",
				"move": "controller.animation.ettins.move",
				"static": "controller.animation.ettins.static",
				"attack": "controller.animation.ettins.attack"
			},
			"scripts": {
				"animate": [
					"move",
					"static", 
					"attack"
				],
				"pre_animation": [
					"variable.attack = Math.sin(variable.attack_time * 30.0);"
				]
			},
			"render_controllers": [
				"controller.render.spider"
			],
			"spawn_egg": {
				"texture": "egg_ettins"
			}
		}
	}
}