{
    "format_version": "1.10.0",
    "animation_controllers": {
      "controller.animation.jack_o_lantern.static": {
			"initial_state": "staticking",
			"states": {
				"static": {
					"animations": [
						"staticking"
					]
				}
			}
		},
		"controller.animation.jack_o_lantern.move": {
			"states": {
				"move": {
					"animations": [
						{
							"moving": "query.ground_speed > 0"
						}
					]
				}
			}
		},
"controller.animation.jack_o_lantern.attack": {
		"states": {
		  "default": {
			"transitions": [
			  {
				"attack": "variable.attack>0"
			  }
			],
			"blend_transition": 0.1
		  },
		  "attack": {
			"animations": [
			  "attacking"
			],
			"transitions": [
			  {
				"default": "query.all_animations_finished"
			  }
			],
			"blend_transition": 0.1
		  }
		}
	  }
	 }
 }