{
	"format_version": "1.10.0",
	"geometry.mwolf": {
		"texturewidth": 64,
		"textureheight": 64,
		"visible_bounds_width": 3,
		"visible_bounds_height": 2,
		"visible_bounds_offset": [0, 1, 0],
		"bones": [
			{
				"name": "root",
				"pivot": [0, 0, 0]
			},
			{
				"name": "body",
				"parent": "root",
				"pivot": [0, 15, -5],
				"cubes": [
					{"origin": [-4, 11, -8], "size": [8, 1, 7], "uv": [19, 33]},
					{"origin": [-5, 12, -9], "size": [10, 7, 8], "uv": [0, 10]}
				]
			},
			{
				"name": "backbody",
				"parent": "body",
				"pivot": [0, 18, -1],
				"rotation": [-2, 0, 0],
				"cubes": [
					{"origin": [-4, 12, -1], "size": [8, 6, 10], "uv": [28, 0]},
					{"origin": [-3, 11, -1], "size": [6, 1, 4], "uv": [20, 46]},
					{"origin": [-2, 11, 3], "size": [4, 1, 4], "uv": [20, 41]}
				]
			},
			{
				"name": "tail",
				"parent": "backbody",
				"pivot": [0, 17, 9],
				"rotation": [35, 0, 0],
				"cubes": [
					{"origin": [-1, 13, 8], "size": [2, 4, 2], "uv": [0, 38]}
				]
			},
			{
				"name": "tail2",
				"parent": "tail",
				"pivot": [0, 13, 9],
				"rotation": [-10, 0, 0],
				"cubes": [
					{"origin": [-1, 9, 8], "size": [2, 4, 2], "uv": [0, 44], "inflate": 0.25}
				]
			},
			{
				"name": "tail3",
				"parent": "tail2",
				"pivot": [0, 9, 9],
				"rotation": [-15, 0, 0],
				"cubes": [
					{"origin": [-1.5, 4, 7.5], "size": [3, 5, 3], "uv": [8, 38]}
				]
			},
			{
				"name": "left_leg_back",
				"parent": "backbody",
				"pivot": [3, 12.25, 6],
				"rotation": [5, 0, 0],
				"cubes": [
					{"origin": [1.5, 7.25, 4], "size": [3, 6, 4], "uv": [48, 25], "inflate": 0.1, "mirror": true}
				]
			},
			{
				"name": "left_leg_back2",
				"parent": "left_leg_back",
				"pivot": [3, 7.25, 5.5],
				"cubes": [
					{"origin": [1.5, 1.25, 5.5], "size": [3, 6, 3], "uv": [48, 16], "mirror": true}
				]
			},
			{
				"name": "left_leg_back3",
				"parent": "left_leg_back2",
				"pivot": [3, 1.25, 6.5],
				"rotation": [-3, 0, 0],
				"cubes": [
					{"origin": [1.5, 0.25, 4.5], "size": [3, 1, 3], "uv": [40, 47], "inflate": 0.25},
					{"origin": [1.2, -0.05, 3.3], "size": [1, 1, 1], "uv": [39, 47], "inflate": -0.05},
					{"origin": [2.5, -0.05, 3.3], "size": [1, 1, 1], "uv": [39, 47], "inflate": -0.05},
					{"origin": [3.8, -0.05, 3.3], "size": [1, 1, 1], "uv": [39, 47], "inflate": -0.05}
				]
			},
			{
				"name": "right_leg_back",
				"parent": "backbody",
				"pivot": [-3, 12.25, 6],
				"rotation": [5, 0, 0],
				"cubes": [
					{"origin": [-4.5, 7.25, 4], "size": [3, 6, 4], "uv": [48, 25], "inflate": 0.1}
				]
			},
			{
				"name": "right_leg_back2",
				"parent": "right_leg_back",
				"pivot": [-3, 7.25, 5.5],
				"cubes": [
					{"origin": [-4.5, 1.25, 5.5], "size": [3, 6, 3], "uv": [48, 16]}
				]
			},
			{
				"name": "right_leg_back3",
				"parent": "right_leg_back2",
				"pivot": [-3, 1.25, 6.5],
				"rotation": [-3, 0, 0],
				"cubes": [
					{"origin": [-2.2, -0.05, 3.3], "size": [1, 1, 1], "uv": [39, 47], "inflate": -0.05},
					{"origin": [-3.5, -0.05, 3.3], "size": [1, 1, 1], "uv": [39, 47], "inflate": -0.05},
					{"origin": [-4.8, -0.05, 3.3], "size": [1, 1, 1], "uv": [39, 47], "inflate": -0.05},
					{"origin": [-4.5, 0.25, 4.5], "size": [3, 1, 3], "uv": [40, 47], "inflate": 0.25}
				]
			},
			{
				"name": "neck",
				"parent": "body",
				"pivot": [0, 15, -4],
				"cubes": [
					{"origin": [-3, 13.5, -8], "size": [6, 5, 6], "uv": [0, 25]}
				]
			},
			{
				"name": "head",
				"parent": "neck",
				"pivot": [0, 16.5, -8],
				"cubes": [
					{"origin": [-3, 13.5, -12], "size": [6, 6, 4], "uv": [0, 0]}
				],
				"locators": {
					"held_item": [-2, 14, -13],
					"lead": [0, 16, -9]
				}
			},
			{
				"name": "topmouth",
				"parent": "head",
				"pivot": [0, 14.5, -12],
				"cubes": [
					{"origin": [-1.5, 14.5, -15], "size": [3, 2, 4], "uv": [40, 41], "inflate": 0.1},
					{"origin": [-1.5, 13.5, -15], "size": [3, 1, 4], "uv": [0, 55], "inflate": 0.04}
				]
			},
			{
				"name": "botmouth",
				"parent": "head",
				"pivot": [0, 14.5, -12],
				"cubes": [
					{"origin": [-1.5, 13.5, -15], "size": [3, 1, 4], "uv": [50, 40], "inflate": 0.05},
					{"origin": [-1.5, 13.85, -15], "size": [3, 1, 4], "uv": [12, 51], "inflate": 0.04}
				]
			},
			{
				"name": "rightArm",
				"parent": "botmouth",
				"pivot": [0, 13.5, -11]
			},
			{
				"name": "rightItem",
				"parent": "rightArm",
				"pivot": [0, 13.5, -11]
			},
			{
				"name": "tongue",
				"parent": "botmouth",
				"pivot": [0, 14.5, -12],
				"rotation": [-90, 0, 0],
				"cubes": [
					{"origin": [-1, 12, -13], "size": [2, 4, 1], "uv": [0, 50]},
					{"origin": [-1, 12, -12.5], "size": [2, 4, 1], "uv": [6, 50]}
				]
			},
			{
				"name": "left_ear",
				"parent": "head",
				"pivot": [1, 19.5, -9.5],
				"cubes": [
					{"origin": [1, 19.5, -10], "size": [2, 3, 1], "uv": [16, 0], "mirror": true},
					{"origin": [1, 22.5, -10], "size": [1, 1, 1], "uv": [22, 0]}
				]
			},
			{
				"name": "right_ear",
				"parent": "head",
				"pivot": [-1, 19.5, -9.5],
				"cubes": [
					{"origin": [-3, 19.5, -10], "size": [2, 3, 1], "uv": [16, 0]},
					{"origin": [-2, 22.5, -10], "size": [1, 1, 1], "uv": [22, 0]}
				]
			},
			{
				"name": "left_leg_front",
				"parent": "body",
				"pivot": [2, 12, -5],
				"cubes": [
					{"origin": [1.5, 6, -7], "size": [3, 6, 3], "uv": [36, 24], "inflate": 0.1, "mirror": true}
				]
			},
			{
				"name": "left_leg_front2",
				"parent": "left_leg_front",
				"pivot": [3, 6, -4],
				"cubes": [
					{"origin": [1.5, 1, -7], "size": [3, 5, 3], "uv": [36, 16], "mirror": true}
				]
			},
			{
				"name": "left_leg_front3",
				"parent": "left_leg_front2",
				"pivot": [3, 1, -6],
				"cubes": [
					{"origin": [1.5, 0, -8], "size": [3, 1, 3], "uv": [40, 47], "inflate": 0.25},
					{"origin": [3.8, -0.3, -9.2], "size": [1, 1, 1], "uv": [39, 47], "inflate": -0.05},
					{"origin": [1.2, -0.3, -9.2], "size": [1, 1, 1], "uv": [39, 47], "inflate": -0.05},
					{"origin": [2.5, -0.3, -9.2], "size": [1, 1, 1], "uv": [39, 47], "inflate": -0.05}
				]
			},
			{
				"name": "right_leg_front",
				"parent": "body",
				"pivot": [-3, 12, -5],
				"cubes": [
					{"origin": [-4.5, 6, -7], "size": [3, 6, 3], "uv": [36, 24], "inflate": 0.1}
				]
			},
			{
				"name": "right_leg_front2",
				"parent": "right_leg_front",
				"pivot": [-3, 6, -4],
				"cubes": [
					{"origin": [-4.5, 1, -7], "size": [3, 5, 3], "uv": [36, 16]}
				]
			},
			{
				"name": "right_leg_front3",
				"parent": "right_leg_front2",
				"pivot": [-3, 1, -6],
				"cubes": [
					{"origin": [-2.2, -0.3, -9.2], "size": [1, 1, 1], "uv": [39, 47], "inflate": -0.05},
					{"origin": [-3.5, -0.3, -9.2], "size": [1, 1, 1], "uv": [39, 47], "inflate": -0.05},
					{"origin": [-4.8, -0.3, -9.2], "size": [1, 1, 1], "uv": [39, 47], "inflate": -0.05},
					{"origin": [-4.5, 0, -8], "size": [3, 1, 3], "uv": [40, 47], "inflate": 0.25}
				]
			}
		]
	},
	"geometry.mwolfpinkie": {
		"texturewidth": 64,
		"textureheight": 64,
		"visible_bounds_width": 4,
		"visible_bounds_height": 4,
		"visible_bounds_offset": [0, 2, 0],
		"bones": [
			{
				"name": "root",
				"pivot": [0, 0, 0]
			},
			{
				"name": "body",
				"parent": "root",
				"pivot": [0, 15, -5],
				"cubes": [
					{"origin": [-4, 11, -8], "size": [8, 1, 7], "uv": [19, 33]},
					{"origin": [-5, 12, -9], "size": [10, 7, 8], "uv": [0, 10]}
				]
			},
			{
				"name": "backbody",
				"parent": "body",
				"pivot": [0, 18, -1],
				"rotation": [-2, 0, 0],
				"cubes": [
					{"origin": [-4, 12, -1], "size": [8, 6, 10], "uv": [28, 0]},
					{"origin": [-3, 11, -1], "size": [6, 1, 4], "uv": [20, 46]},
					{"origin": [-2, 11, 3], "size": [4, 1, 4], "uv": [20, 41]}
				]
			},
			{
				"name": "tail",
				"parent": "backbody",
				"pivot": [0, 17, 9],
				"rotation": [35, 0, 0],
				"cubes": [
					{"origin": [-1, 13, 8], "size": [2, 4, 2], "uv": [0, 38]}
				]
			},
			{
				"name": "tail2",
				"parent": "tail",
				"pivot": [0, 13, 9],
				"rotation": [-10, 0, 0],
				"cubes": [
					{"origin": [-1, 9, 8], "size": [2, 4, 2], "uv": [0, 44], "inflate": 0.25}
				]
			},
			{
				"name": "tail3",
				"parent": "tail2",
				"pivot": [0, 9, 9],
				"rotation": [-15, 0, 0],
				"cubes": [
					{"origin": [-1.5, 4, 7.5], "size": [3, 5, 3], "uv": [8, 38]}
				]
			},
			{
				"name": "left_leg_back",
				"parent": "backbody",
				"pivot": [3, 12.25, 6],
				"rotation": [5, 0, 0],
				"cubes": [
					{"origin": [1.5, 7.25, 4], "size": [3, 6, 4], "uv": [48, 25], "inflate": 0.1, "mirror": true}
				]
			},
			{
				"name": "left_leg_back2",
				"parent": "left_leg_back",
				"pivot": [3, 7.25, 5.5],
				"cubes": [
					{"origin": [1.5, 1.25, 5.5], "size": [3, 6, 3], "uv": [48, 16], "mirror": true}
				]
			},
			{
				"name": "left_leg_back3",
				"parent": "left_leg_back2",
				"pivot": [3, 1.25, 6.5],
				"rotation": [-3, 0, 0],
				"cubes": [
					{"origin": [1.5, 0.25, 4.5], "size": [3, 1, 3], "uv": [40, 47], "inflate": 0.25},
					{"origin": [1.2, -0.05, 3.3], "size": [1, 1, 1], "uv": [39, 47], "inflate": -0.05},
					{"origin": [2.5, -0.05, 3.3], "size": [1, 1, 1], "uv": [39, 47], "inflate": -0.05},
					{"origin": [3.8, -0.05, 3.3], "size": [1, 1, 1], "uv": [39, 47], "inflate": -0.05}
				]
			},
			{
				"name": "right_leg_back",
				"parent": "backbody",
				"pivot": [-3, 12.25, 6],
				"rotation": [5, 0, 0],
				"cubes": [
					{"origin": [-4.5, 7.25, 4], "size": [3, 6, 4], "uv": [48, 25], "inflate": 0.1}
				]
			},
			{
				"name": "right_leg_back2",
				"parent": "right_leg_back",
				"pivot": [-3, 7.25, 5.5],
				"cubes": [
					{"origin": [-4.5, 1.25, 5.5], "size": [3, 6, 3], "uv": [48, 16]}
				]
			},
			{
				"name": "right_leg_back3",
				"parent": "right_leg_back2",
				"pivot": [-3, 1.25, 6.5],
				"rotation": [-3, 0, 0],
				"cubes": [
					{"origin": [-2.2, -0.05, 3.3], "size": [1, 1, 1], "uv": [39, 47], "inflate": -0.05},
					{"origin": [-3.5, -0.05, 3.3], "size": [1, 1, 1], "uv": [39, 47], "inflate": -0.05},
					{"origin": [-4.8, -0.05, 3.3], "size": [1, 1, 1], "uv": [39, 47], "inflate": -0.05},
					{"origin": [-4.5, 0.25, 4.5], "size": [3, 1, 3], "uv": [40, 47], "inflate": 0.25}
				]
			},
			{
				"name": "neck",
				"parent": "body",
				"pivot": [0, 15, -4],
				"cubes": [
					{"origin": [-3, 13.5, -8], "size": [6, 5, 6], "uv": [0, 25]}
				]
			},
			{
				"name": "head",
				"parent": "neck",
				"pivot": [0, 16.5, -8],
				"cubes": [
					{"origin": [-3, 13.5, -12], "size": [6, 6, 4], "uv": [0, 0]}
				],
				"locators": {
					"held_item": [-2, 14, -13],
					"lead": [0, 16, -9]
				}
			},
			{
				"name": "hat",
				"parent": "head",
				"pivot": [0, 20, -10],
				"rotation": [-5, 0, 0],
				"cubes": [
					{"origin": [-3, 20.5, -13], "size": [6, 2, 6], "uv": [9, 56], "inflate": 0.1},
					{"origin": [-3.5, 18.5, -13.5], "size": [7, 2, 7], "uv": [34, 54]}
				]
			},
			{
				"name": "left_ear",
				"parent": "hat",
				"pivot": [3, 22.5, -10.5]
			},
			{
				"name": "hat2",
				"parent": "left_ear",
				"pivot": [3, 22.5, -10],
				"rotation": [-12.5, 0, 10],
				"cubes": [
					{"origin": [1.5, 21.5, -11.5], "size": [3, 3, 3], "uv": [41, 58], "inflate": -0.1},
					{"origin": [1.5, 23.75, -11.5], "size": [3, 2, 3], "uv": [25, 1], "inflate": -0.25},
					{"origin": [1.5, 23.75, -11.5], "size": [3, 2, 3], "uv": [25, 1], "inflate": -0.5},
					{"origin": [2, 24.25, -11], "size": [2, 1, 2], "uv": [21, 7]}
				]
			},
			{
				"name": "right_ear",
				"parent": "hat",
				"pivot": [-3, 22.5, -10.5]
			},
			{
				"name": "hat3",
				"parent": "right_ear",
				"pivot": [-3, 22.5, -10],
				"rotation": [-7.5, 0, -10],
				"cubes": [
					{"origin": [-4.5, 21.5, -11.5], "size": [3, 3, 3], "uv": [41, 58], "inflate": -0.1},
					{"origin": [-4.5, 23.75, -11.5], "size": [3, 2, 3], "uv": [25, 1], "inflate": -0.25},
					{"origin": [-4.5, 23.75, -11.5], "size": [3, 2, 3], "uv": [25, 1], "inflate": -0.5},
					{"origin": [-4, 24.25, -11], "size": [2, 1, 2], "uv": [21, 7]}
				]
			},
			{
				"name": "topmouth",
				"parent": "head",
				"pivot": [0, 14.5, -12],
				"cubes": [
					{"origin": [-1.5, 14.5, -15], "size": [3, 2, 4], "uv": [40, 41], "inflate": 0.1},
					{"origin": [-1.5, 13.5, -15], "size": [3, 1, 4], "uv": [0, 55], "inflate": 0.04}
				]
			},
			{
				"name": "botmouth",
				"parent": "head",
				"pivot": [0, 14.5, -12],
				"cubes": [
					{"origin": [-1.5, 13.5, -15], "size": [3, 1, 4], "uv": [50, 40], "inflate": 0.05},
					{"origin": [-1.5, 13.85, -15], "size": [3, 1, 4], "uv": [12, 51], "inflate": 0.04}
				]
			},
			{
				"name": "rightArm",
				"parent": "botmouth",
				"pivot": [0, 13.5, -11]
			},
			{
				"name": "rightItem",
				"parent": "rightArm",
				"pivot": [0, 13.5, -11]
			},
			{
				"name": "tongue",
				"parent": "botmouth",
				"pivot": [0, 14.5, -12],
				"rotation": [-90, 0, 0],
				"cubes": [
					{"origin": [-1, 12, -13], "size": [2, 4, 1], "uv": [0, 50]},
					{"origin": [-1, 12, -12.5], "size": [2, 4, 1], "uv": [6, 50]}
				]
			},
			{
				"name": "left_leg_front",
				"parent": "body",
				"pivot": [2, 12, -5],
				"cubes": [
					{"origin": [1.5, 6, -7], "size": [3, 6, 3], "uv": [36, 24], "inflate": 0.1, "mirror": true}
				]
			},
			{
				"name": "left_leg_front2",
				"parent": "left_leg_front",
				"pivot": [3, 6, -4],
				"cubes": [
					{"origin": [1.5, 1, -7], "size": [3, 5, 3], "uv": [36, 16], "mirror": true}
				]
			},
			{
				"name": "left_leg_front3",
				"parent": "left_leg_front2",
				"pivot": [3, 1, -6],
				"cubes": [
					{"origin": [1.5, 0, -8], "size": [3, 1, 3], "uv": [40, 47], "inflate": 0.25},
					{"origin": [3.8, -0.3, -9.2], "size": [1, 1, 1], "uv": [39, 47], "inflate": -0.05},
					{"origin": [1.2, -0.3, -9.2], "size": [1, 1, 1], "uv": [39, 47], "inflate": -0.05},
					{"origin": [2.5, -0.3, -9.2], "size": [1, 1, 1], "uv": [39, 47], "inflate": -0.05}
				]
			},
			{
				"name": "right_leg_front",
				"parent": "body",
				"pivot": [-3, 12, -5],
				"cubes": [
					{"origin": [-4.5, 6, -7], "size": [3, 6, 3], "uv": [36, 24], "inflate": 0.1}
				]
			},
			{
				"name": "right_leg_front2",
				"parent": "right_leg_front",
				"pivot": [-3, 6, -4],
				"cubes": [
					{"origin": [-4.5, 1, -7], "size": [3, 5, 3], "uv": [36, 16]}
				]
			},
			{
				"name": "right_leg_front3",
				"parent": "right_leg_front2",
				"pivot": [-3, 1, -6],
				"cubes": [
					{"origin": [-2.2, -0.3, -9.2], "size": [1, 1, 1], "uv": [39, 47], "inflate": -0.05},
					{"origin": [-3.5, -0.3, -9.2], "size": [1, 1, 1], "uv": [39, 47], "inflate": -0.05},
					{"origin": [-4.8, -0.3, -9.2], "size": [1, 1, 1], "uv": [39, 47], "inflate": -0.05},
					{"origin": [-4.5, 0, -8], "size": [3, 1, 3], "uv": [40, 47], "inflate": 0.25}
				]
			}
		]
	}
}