{
	"format_version": "1.8.0",
	"animations": {
		"animation.cannibal_goblin_2.static": {
			"loop": true,
			"animation_length": 0.52,
			"bones": {
				"brazo1": {
					"rotation": {
						"0.0": [-3, 0, 0],
						"0.16": [-11, 0, 0],
						"0.28": [-5, 0, 0],
						"0.4": [-14, 0, 0],
						"0.52": [-8, 0, 0]
					}
				},
				"cabeza": {
					"rotation": {
						"0.0": [-1, 0, 0],
						"0.12": [3, 0, 0],
						"0.24": [-5, 0, 0],
						"0.32": [6, 0, 0],
						"0.48": [-5, 0, 0]
					}
				},
				"bone11": {
					"rotation": {
						"0.0": [0, 0, -13],
						"0.24": [0, 0, 7],
						"0.36": [0, 0, -20],
						"0.52": [0, 0, 3]
					}
				},
				"brazo2": {
					"rotation": {
						"0.0": [0, 0, 1],
						"0.08": [0, 0, -4],
						"0.16": [0, 0, -1],
						"0.24": [0, 0, -3],
						"0.32": [0, 0, 3],
						"0.44": [0, 0, -6],
						"0.52": [0, 0, 1]
					}
				},
				"bone2": {
					"rotation": {
						"0.0": [0, 0, 10],
						"0.24": [0, 0, -9],
						"0.36": [0, 0, 22],
						"0.52": [0, 0, -2]
					}
				}
			}
		},
		"animation.cannibal_goblin_2.move": {
			"loop": true,
			"animation_length": 0.52,
			"bones": {
				"brazo1": {
					"rotation": {
						"0.0": [1, 0, 0],
						"0.16": [-46, 0, 0]
					}
				},
				"flexion": {
					"rotation": {
						"0.16": [16, -8, 0],
						"0.2": [11, -8, 0],
						"0.32": [18, -8, 0],
						"0.48": [9, -8, 0],
						"0.52": [15, -8, 0]
					}
				},
				"cabeza": {
					"rotation": {
						"0.0": [-1, 0, 0],
						"0.12": [11, 0, 0],
						"0.28": [-12, 0, 0],
						"0.44": [0, 0, 0],
						"0.52": [-12, 0, 0]
					}
				},
				"bone11": {
					"rotation": {
						"0.0": [0, 0, -1],
						"0.08": [0, 0, 16.5],
						"0.32": [0, 0, -16],
						"0.48": [0, 0, 4],
						"0.52": [0, 0, -3.5]
					}
				},
				"brazo2": {
					"rotation": {
						"0.0": [-2, 0, 0],
						"0.16": [32, 0, 0],
						"0.32": [-30.5, 0, 0],
						"0.44": [14.5, 0, 0],
						"0.52": [32, 0, 0]
					}
				},
				"flexion2": {
					"rotation": {
						"0.32": [-27.5, 0, 0],
						"0.52": [-42.5, 0, 0]
					}
				},
				"pierna3": {
					"rotation": {
						"0.0": [-2, 0, 0],
						"0.16": [-24.5, 0, 0],
						"0.44": [28, 0, 0]
					}
				},
				"bone2": {
					"rotation": {
						"0.0": [0, 0, 1],
						"0.08": [0, 0, -19],
						"0.32": [0, 0, 8.5],
						"0.48": [0, 0, -9],
						"0.52": [0, 0, 1]
					}
				},
				"bone4": {
					"rotation": {
						"0.0": [2.5, 0, 0],
						"0.16": [27.5, 0, 0]
					}
				},
				"pierna2": {
					"rotation": {
						"0.0": [-2, 0, 0],
						"0.16": [19, 0, 0],
						"0.44": [-38.5, 0, 0]
					}
				},
				"bone5": {
					"rotation": {
						"0.0": [9, 0, 0],
						"0.16": [54, 0, 0]
					}
				},
				"bone6": {
					"rotation": {
						"0.08": [-22, 0, 0],
						"0.2": [-26, 0, 0],
						"0.48": [-47, 0, 0]
					},
					"position": [0, 0.4, 0]
				},
				"bone8": {
					"rotation": {
						"0.12": [26, 0, 0],
						"0.32": [12, 0, 0],
						"0.48": [41, 0, 0]
					}
				}
			}
		},
		"animation.cannibal_goblin_2.attack": {
			"loop": true,
			"animation_length": 0.76,
			"bones": {
				"brazo1": {
					"rotation": {
						"0.0": [3, 0, 0],
						"0.16": [3, 37.5, 0],
						"0.32": [-39, 37.5, 0],
						"0.44": [16, 37.5, 0],
						"0.56": [-16.5, 37.5, 0],
						"0.76": [38.5, 37.5, 0]
					}
				},
				"flexion": {
					"rotation": {
						"0.56": [-15, 0, 0],
						"0.64": [19, 0, 0]
					}
				},
				"cabeza": {
					"rotation": {
						"0.0": [2, 0, 0],
						"0.12": [-14, 0, 0],
						"0.2": [-14, 0, -5],
						"0.28": [-14, 0, 7],
						"0.4": [1, 0, 7],
						"0.48": [-16, 0, -2],
						"0.68": [8, 0, 5],
						"0.76": [-17, 0, 5]
					}
				},
				"bone11": {
					"rotation": {
						"0.0": [0, 0, -2],
						"0.16": [0, 0, 9],
						"0.24": [0, 0, -8],
						"0.36": [0, 0, 6],
						"0.52": [0, 0, -10],
						"0.68": [0, 0, 7.5]
					}
				},
				"brazo2": {
					"rotation": {
						"0.0": [1, 0, 0],
						"0.12": [37.5, 0, 0],
						"0.2": [-7.5, 0, 0],
						"0.32": [37.5, 0, 7],
						"0.52": [-36.5, 0, 7],
						"0.64": [29.5, 0, 7],
						"0.76": [2, 0, 2]
					}
				},
				"flexion2": {
					"rotation": {
						"0.12": [-16, 0, 0],
						"0.2": [-34, 0, 0],
						"0.76": [-4, 0, 0]
					}
				},
				"bone2": {
					"rotation": {
						"0.0": [0, 0, 4],
						"0.16": [0, 0, -15],
						"0.24": [0, 0, 2],
						"0.36": [0, 0, -13],
						"0.52": [0, 0, 4.5],
						"0.68": [0, 0, -8]
					}
				}
			}
		},
		"animation.canival.dance": {
			"animation_length": 1.24,
			"bones": {
				"brazo1": {
					"rotation": {
						"0.0": [2, 0, 0],
						"0.16": [2, 0, -15],
						"0.24": [2, 0, -18],
						"0.36": [2, 0, -21],
						"0.44": [2, 0, 0],
						"0.6": [2, 0, -15],
						"0.64": [-21, 0, -16.5],
						"0.68": [2, 0, -18],
						"0.8": [2, 0, 0],
						"0.88": [2, 0, 0],
						"0.96": [2, 0, -15],
						"1.04": [2, 0, -18],
						"1.12": [2, 0, -18],
						"1.16": [2, 0, -21],
						"1.24": [2, 0, -21]
					}
				},
				"cabeza": {
					"rotation": {
						"0.0": [2, 0, 0],
						"0.16": [2, 0, -2.5],
						"0.36": [2, 0, -6.5],
						"0.44": [2, 0, 0],
						"0.6": [2, 0, -2.5],
						"0.8": [2, 0, 0],
						"0.88": [2, 0, 0],
						"0.96": [2, 0, -2.5],
						"1.04": [2, 0, -2.5],
						"1.16": [2, 0, -6.5],
						"1.24": [2, 0, -6.5]
					}
				},
				"bone11": {
					"rotation": {
						"0.0": [0, 0, -3],
						"0.24": [0, 0, 13],
						"0.4": [0, 0, -7],
						"0.56": [0, 0, 8],
						"0.72": [0, 0, -15],
						"0.76": [0, 0, 11],
						"0.88": [0, 0, -9],
						"1.08": [0, 0, 11],
						"1.2": [0, 0, -34]
					}
				},
				"brazo2": {
					"rotation": {
						"0.0": [3, 0, 0],
						"0.16": [3, 30, 20],
						"0.24": [3, 30, 24],
						"0.36": [3, 20, 13],
						"0.44": [3, 0, 0],
						"0.6": [3, 30, 20],
						"0.68": [3, 30, 24],
						"0.8": [3, 0, 0],
						"0.88": [3, 0, 0],
						"0.96": [3, 30, 20],
						"1.04": [3, 30, 24],
						"1.12": [3, 30, 24],
						"1.16": [3, 20, 13],
						"1.24": [3, 20, 13]
					}
				},
				"pierna3": {
					"rotation": {
						"0.0": [0, 0, 0],
						"0.16": [2, 0, 10],
						"0.24": [0, 0, 15],
						"0.36": [0, 0, -1],
						"0.44": [0, 0, 0],
						"0.6": [2, 0, 10],
						"0.68": [0, 0, 15],
						"0.8": [0, 0, 0],
						"0.88": [0, 0, 0],
						"0.96": [2, 0, 10],
						"1.04": [0, 0, 15],
						"1.12": [0, 0, 15],
						"1.16": [0, 0, -1],
						"1.24": [0, 0, -1]
					}
				},
				"bone2": {
					"rotation": {
						"0.0": [0, 0, 2],
						"0.08": [0, 0, -19],
						"0.24": [0, 0, -7],
						"0.32": [0, 0, 8.5],
						"0.4": [0, 0, 3],
						"0.48": [0, 0, -9],
						"0.56": [0, 0, 1],
						"0.64": [0, 0, -19],
						"0.68": [0, 0, -1],
						"0.72": [0, 0, 19],
						"0.76": [0, 0, 19],
						"0.88": [0, 0, 8.5],
						"1.0": [0, 0, -8.5],
						"1.08": [0, 0, 1],
						"1.16": [0, 0, 9],
						"1.2": [0, 0, -1]
					}
				},
				"bone4": {
					"rotation": {
						"0.0": [0, 0, 0],
						"0.16": [5, 0, 0],
						"0.44": [0, 0, 0],
						"0.6": [5, 0, 0],
						"0.8": [0, 0, 0],
						"0.88": [0, 0, 0],
						"0.96": [5, 0, 0],
						"1.04": [5, 0, 0]
					}
				},
				"pierna2": {
					"rotation": {
						"0.0": [1, 0, 0],
						"0.16": [1, 0, -17.5],
						"0.24": [1, 0, -11.5],
						"0.36": [1, 0, -16.5],
						"0.44": [1, 0, 0],
						"0.6": [1, 0, -17.5],
						"0.68": [1, 0, -11.5],
						"0.8": [1, 0, 0],
						"0.88": [1, 0, 0],
						"0.96": [1, 0, -17.5],
						"1.04": [1, 0, -11.5],
						"1.12": [1, 0, -11.5],
						"1.16": [1, 0, -16.5],
						"1.24": [1, 0, -16.5]
					}
				},
				"bone5": {
					"rotation": {
						"0.0": [0, 0, 0],
						"0.44": [0, 0, 0],
						"0.8": [0, 0, 0],
						"0.88": [0, 0, 0]
					}
				},
				"bone9": {
					"rotation": {
						"0.0": [0, 0, 0],
						"0.16": [0, 0, 10],
						"0.36": [0, 0, 5],
						"0.4": [0, 0, -5.5],
						"0.44": [0, 0, 0],
						"0.56": [0, 0, -10.5],
						"0.6": [0, 0, 1],
						"0.8": [0, 0, 3],
						"0.88": [0, 0, 0],
						"0.96": [0, 0, 10],
						"1.04": [0, 0, 10],
						"1.16": [0, 0, 5],
						"1.24": [0, 0, 5]
					},
					"position": {
						"0.0": [0, 0.1, 0],
						"0.16": [0, 0.5, 0],
						"0.24": [0, 0.6, 0],
						"0.36": [0, -0.2, 0],
						"0.44": [0, 0.1, 0],
						"0.6": [0, 0.5, 0],
						"0.68": [0, 0.6, 0],
						"0.8": [0, 0.1, 0],
						"0.88": [0, 0.1, 0],
						"0.96": [0, 0.5, 0],
						"1.04": [0, 0.6, 0],
						"1.12": [0, 0.6, 0],
						"1.16": [0, -0.2, 0],
						"1.24": [0, -0.2, 0]
					}
				}
			}
		}
	}
}