{
    "pools": [
      {
            "rolls": 1,
            "entries": [
                {
                    "type": "item",
                    "name": "pocket:goblin_tusk",
                    "weight": 1,
                    "functions": [
                        {
                            "function": "set_count",
                            "count": {
                                "min": 2,
                                "max": 1
                            }
                        }
                    ]
                }
            ]
        },
        {
			"conditions": [
				{
					"condition": "killed_by_player"
				},
				{
					"condition": "random_chance_with_looting",
					"chance": 0.5,
					"looting_multiplier": 0.01
				}
			],
            "rolls": 1,
            "entries": [
                {
                    "type": "item",
                    "name": "pocket:wooden_bat",
                    "weight": 1,
                    "functions": [
                        {
                            "function": "set_count",
                            "count": {
                                "min": 1,
                                "max": 1
                            }
                        }
                    ]
                }
            ]
        }
    ]
}