{
  "format_version": "1.8.0",
  "minecraft:spawn_rules": {
    "description": {
      "identifier": "pocket:goblin",
      "population_control": "animal"
    },
    "conditions": [
      {
        "minecraft:spawns_on_surface": {
        },
        "minecraft:brightness_filter": {
          "min": 7,
          "max": 15,
          "adjust_for_weather": true
        },
        
        "minecraft:difficulty_filter": {
          "min": "easy",
          "max": "hard"
        },

        "minecraft:weight": {
          "default": 16
        },
        
        "minecraft:herd": {
          "min_size": 1,
          "max_size": 1
        },

        "minecraft:biome_filter": [
          { "test": "has_biome_tag", "operator":"==", "value": "swamp"},
          { "test": "has_biome_tag", "operator":"!=", "value": "swamp"}
        ]
      },
      {
        "minecraft:spawns_on_surface": {
        },
        "minecraft:spawns_underground": {
        },
        "minecraft:brightness_filter": {
          "min": 7,
          "max": 14,
          "adjust_for_weather": true
        },
        
        "minecraft:difficulty_filter": {
          "min": "easy",
          "max": "hard"
        },

        "minecraft:height_filter": {
          "min": 10,
          "max": 10
        },

        "minecraft:weight": {
          "default": 10
        },
        
        "minecraft:herd": {
          "min_size": 1,
          "max_size": 2
        },

        "minecraft:biome_filter": [
          { "test": "has_biome_tag", "operator":"==", "value": "swamp"},
          { "test": "has_biome_tag", "operator":"==", "value": "swamp"}
        ]
      }
    ]
  }
}