{
	"format_version": "1.8.0",
	"animations": {
		"animation.ettins.static": {
			"loop": true,
			"animation_length": 2,
			"bones": {
				"bone": {
					"rotation": {
						"0.0": [0, 0, 0],
						"1.0": [-5, 0, 0],
						"2.0": [0, 0, 0]
					},
					"position": {
						"0.0": [0, 0, 0],
						"1.0": [0, 0, -2],
						"2.0": [0, 0, 0]
					}
				},
				"bone4": {
					"rotation": {
						"0.0": [0, 0, 0],
						"1.0": [12.5, 0, 0],
						"2.0": [0, 0, 0]
					},
					"position": {
						"0.0": [0, 0, 0],
						"1.0": [0, 0, 0],
						"2.0": [0, 0, 0]
					}
				},
				"bone10": {
					"rotation": {
						"0.0": [0, 0, 0],
						"1.0": [12.5, 0, 0],
						"2.0": [0, 0, 0]
					},
					"position": {
						"0.0": [0, 0, 0],
						"1.0": [0, 0, 0],
						"2.0": [0, 0, 0]
					}
				},
				"bone9": {
					"rotation": {
						"0.0": [0, 0, 0],
						"1.0": [-5, 0, 0],
						"2.0": [0, 0, 0]
					},
					"position": {
						"0.0": [0, 0, 0],
						"1.0": [0, 0, 2],
						"2.0": [0, 0, 0]
					}
				},
				"bone5": {
					"rotation": {
						"0.0": [0, 0, 0],
						"1.0": [-5, 0, 0],
						"2.0": [0, 0, 0]
					},
					"position": {
						"0.0": [0, 0, 0],
						"1.0": [0, 0, 2],
						"2.0": [0, 0, 0]
					}
				}
			}
		},
		"animation.ettins.move": {
			"loop": true,
			"animation_length": 2.4,
			"bones": {
				"bone4": {
					"rotation": {
						"0.0": [0, 0, 0],
						"0.48": [12.5, 0, 0],
						"0.96": [0, 0, 0]
					},
					"position": {
						"0.0": [0, 0, 0],
						"0.48": [0, 0, 0],
						"0.96": [0, 0, 0]
					}
				},
				"bone10": {
					"rotation": {
						"0.96": [0, 0, 0],
						"1.44": [12.5, 0, 0],
						"2.4": [0, 0, 0]
					},
					"position": {
						"0.96": [0, 0, 0],
						"1.44": [0, 0, 0],
						"2.4": [0, 0, 0]
					}
				},
				"bone3": {
					"rotation": {
						"0.0": [0, 0, 0],
						"0.48": [-30, 0, 0],
						"0.96": [-15, 0, 0],
						"1.44": [0, 0, 0]
					},
					"position": {
						"0.0": [0, 0, 0],
						"0.48": [0, 2, -12],
						"0.96": [0, 1, -7],
						"1.44": [0, 0, 0]
					}
				},
				"bone9": {
					"rotation": {
						"0.96": [0, 0, 0],
						"1.44": [-15, 0, 0],
						"2.4": [0, 0, 0]
					},
					"position": {
						"0.96": [0, 0, -1],
						"1.44": [0, 0, 0],
						"2.4": [0, 0, -1]
					}
				},
				"bone2": {
					"rotation": {
						"0.96": [0, 0, 0],
						"1.44": [-30, 0, 0],
						"1.92": [-15, 0, 0],
						"2.4": [0, 0, 0]
					},
					"position": {
						"0.96": [0, 0, 0],
						"1.44": [0, 2, -12],
						"1.92": [0, 1, -7],
						"2.4": [0, 0, 0]
					}
				},
				"bone5": {
					"rotation": {
						"0.0": [0, 0, 0],
						"0.48": [-15, 0, 0],
						"1.44": [0, 0, 0]
					},
					"position": {
						"0.0": [0, 0, 0],
						"0.48": [0, 0, 0],
						"1.44": [0, 0, 0]
					}
				},
				"pierna2": {
					"rotation": {
						"0.48": [0, 0, 0],
						"0.96": [15, 0, 0],
						"1.44": [0, 0, 0]
					},
					"position": {
						"0.48": [0, 0, 0],
						"0.96": [0, 0.2, 4.3],
						"1.44": [0, 0, 0]
					}
				},
				"Pierna3": {
					"rotation": {
						"1.44": [0, 0, 0],
						"1.92": [15, 0, 0],
						"2.4": [0, 0, 0]
					},
					"position": {
						"1.44": [0, 0, 0],
						"1.92": [0, 0.2, 4.6],
						"2.4": [0, 0, 0]
					}
				}
			}
		},
		"animation.ettins.attack": {
			"loop": true,
			"animation_length": 1.32,
			"bones": {
				"bone": {
					"rotation": {
						"0.0": [0, 0, 0],
						"0.44": [-12.5, 0, 0],
						"0.88": [17.5, 0, 0],
						"1.32": [0, 0, 0]
					},
					"position": {
						"0.0": [0, 0, 0],
						"0.44": [0, 0, -5],
						"0.88": [0, 1, 7],
						"1.32": [0, 0, 0]
					}
				},
				"bone9": {
					"rotation": {
						"0.0": [0, 0, 0],
						"0.44": [-195, 0, 0],
						"0.88": [-45, 0, 0],
						"1.32": [0, 0, 0]
					},
					"position": {
						"0.0": [0, 0, 0],
						"0.44": [0, -2, 4],
						"0.88": [0, -4, -7],
						"1.32": [0, 0, 0]
					}
				},
				"bone5": {
					"rotation": {
						"0.0": [0, 0, 0],
						"0.44": [-195, 0, 0],
						"0.88": [-45, 0, 0],
						"1.32": [0, 0, 0]
					},
					"position": {
						"0.0": [0, 0, 0],
						"0.44": [0, -2, 4],
						"0.88": [0, -4, -7],
						"1.32": [0, 0, 0]
					}
				}
			}
		},
		"animation.model.attack2": {
			"animation_length": 1.28,
			"bones": {
				"bone": {
					"rotation": {
						"0.0": [0, 0, 0],
						"0.4": [-5, 0, 0],
						"0.76": [0, 0, 0]
					},
					"position": {
						"0.0": [0, 0, 0],
						"0.4": [0, 0, -2],
						"0.76": [0, 0, 0]
					}
				},
				"bone9": {
					"rotation": {
						"0.0": [0, 0, 0],
						"0.4": [-32.5, 0, 0],
						"0.76": [0, 0, 0]
					},
					"position": {
						"0.0": [0, 0, 0],
						"0.4": [0, -1, 2],
						"0.76": [0, 0, 0]
					}
				},
				"bone2": {
					"rotation": {
						"0.0": [0, 0, 0],
						"0.4": [-37.5, 0, 0],
						"0.76": [-20, 0, 0]
					},
					"position": {
						"0.0": [0, 0, 0],
						"0.4": [0, 6, -15],
						"0.76": [0, 3, -9],
						"0.92": [0, 0, -9]
					}
				},
				"Pierna3": {
					"rotation": {
						"0.4": [0, 0, 0],
						"0.76": [20, 0, 0]
					},
					"position": {
						"0.4": [0, 0, 0],
						"0.76": [0, 1.8, 4.8]
					}
				},
				"bone5": {
					"rotation": {
						"0.0": [0, 0, 0],
						"0.4": [-32.5, 0, 0],
						"0.76": [0, 0, 0]
					},
					"position": {
						"0.0": [0, 0, 0],
						"0.4": [0, -1, 2],
						"0.76": [0, 0, 0]
					}
				}
			}
		}
	}
}