{
	"format_version": "1.8.0",
	"animations": {
		"animation.arctic_scorpion.static": {
			"loop": true,
			"animation_length": 1.64,
			"bones": {
				"bone": {
					"rotation": {
						"0.0": [0, 0, 0],
						"0.8": [7.5, 0, 0],
						"1.6": [0, 0, 0]
					},
					"position": {
						"0.0": [0, 0, 0],
						"0.8": [0, -1, 0],
						"1.6": [0, 0, 0]
					}
				},
				"bone4": {
					"rotation": {
						"0.0": [0, 0, 0],
						"0.8": [0, 0, -7.5],
						"1.6": [0, 0, 0]
					},
					"position": {
						"0.0": [0, 0, 0],
						"0.8": [0, 0.3, 0],
						"1.6": [0, 0, 0]
					}
				},
				"bone8": {
					"rotation": {
						"0.0": [0, 0, 0],
						"0.8": [0, 0, 7.5],
						"1.6": [0, 0, 0]
					},
					"position": {
						"0.0": [0, 0, 0],
						"0.8": [0, 0.3, 0],
						"1.6": [0, 0, 0]
					}
				},
				"bone14": {
					"rotation": {
						"0.0": [0, 0, 0],
						"0.8": [-2.5, 0, 0],
						"1.6": [0, 0, 0]
					},
					"position": {
						"0.0": [0, 0, 0],
						"0.8": [0, 0, 0],
						"1.6": [0, 0, 0]
					}
				},
				"bone13": {
					"rotation": {
						"0.0": [0, 0, 0],
						"0.8": [2.5, 0, 0],
						"1.6": [0, 0, 0]
					},
					"position": {
						"0.0": [0, 0, 0],
						"0.8": [0, 0.1, 0],
						"1.6": [0, 0, 0]
					}
				},
				"bone18": {
					"rotation": {
						"0.0": [0, 0, 0],
						"0.8": [-2.5, 0, 0],
						"1.6": [0, 0, 0]
					},
					"position": {
						"0.0": [0, 0, 0],
						"0.8": [0, 0, 0],
						"1.6": [0, 0, 0]
					}
				},
				"bone19": {
					"rotation": {
						"0.0": [0, 0, 0],
						"0.8": [2.5, 0, 0],
						"1.6": [0, 0, 0]
					},
					"position": {
						"0.0": [0, 0, 0],
						"0.8": [0, 0.1, 0],
						"1.6": [0, 0, 0]
					}
				},
				"bone11": {
					"rotation": {
						"0.0": [0, 0, 0],
						"0.8": [-5, 0, 0],
						"1.6": [0, 0, 0]
					}
				}
			}
		},
		"animation.arctic_scorpion.attack": {
			"loop": true,
			"animation_length": 1.04,
			"bones": {
				"bone": {
					"rotation": {
						"0.0": [0, 0, 0],
						"0.48": [-5, 0, 0],
						"0.96": [0, 0, 0]
					},
					"position": {
						"0.0": [0, 0, 0],
						"0.48": [0, 1, 0],
						"0.96": [0, 0, 0]
					}
				},
				"bone16": {
					"rotation": {
						"0.0": [0, 0, 0],
						"0.48": [0, 20, 0],
						"0.96": [0, 0, 0]
					},
					"position": [-0.2, 0, 0]
				},
				"bone14": {
					"rotation": {
						"0.0": [15, 0, 0],
						"0.48": [-2.5, 0, 0],
						"0.96": [0, 0, 0]
					},
					"position": {
						"0.0": [0, 0, 0.4],
						"0.96": [0, 0, 0]
					}
				},
				"bone13": {
					"rotation": {
						"0.0": [-15, 0, 0],
						"0.48": [2.5, 0, 0],
						"0.96": [0, 0, 0]
					},
					"position": {
						"0.0": [0, -1.4, 0],
						"0.48": [0, 0.1, 0],
						"0.96": [0, 0, 0]
					}
				},
				"bone17": {
					"rotation": {
						"0.0": [0, 0, 0],
						"0.48": [0, -20, 0],
						"0.96": [0, 0, 0]
					},
					"position": [0.2, 0, 0]
				},
				"bone18": {
					"rotation": {
						"0.0": [15, 0, 0],
						"0.48": [-2.5, 0, 0],
						"0.96": [0, 0, 0]
					},
					"position": [0, -0.3, 0]
				},
				"bone19": {
					"rotation": {
						"0.0": [-15, 0, 0],
						"0.48": [2.5, 0, 0],
						"0.96": [0, 0, 0]
					},
					"position": {
						"0.0": [0, -1.3, 0],
						"0.48": [0, 0.1, 0],
						"0.96": [0, 0, 0]
					}
				},
				"bone11": {
					"rotation": {
						"0.0": [0, 0, 0],
						"0.48": [-5, 0, 0],
						"0.96": [0, 0, 0]
					}
				}
			}
		},
		"animation.arctic_scorpion.move": {
			"loop": true,
			"animation_length": 2.6,
			"bones": {
				"bone": {
					"rotation": {
						"0.0": [0, 0, 0],
						"0.56": [7.5, 0, 0],
						"1.12": [0, 0, 0],
						"1.68": [7.5, 0, 0],
						"2.52": [0, 0, 0]
					},
					"position": {
						"0.0": [0, 0, 0],
						"0.56": [0, -2, 0],
						"1.12": [0, 0, 0],
						"1.68": [0, -2, 0],
						"2.52": [0, 0, 0]
					}
				},
				"bone3": {
					"rotation": {
						"1.96": [0, 0, 0],
						"2.24": [0, 0, -10],
						"2.52": [0, 7.5, 0]
					},
					"position": {
						"1.96": [0, 0, 0],
						"2.24": [-0.1, 0, 0]
					}
				},
				"bone10": {
					"rotation": {
						"1.68": [0, 0, 0],
						"1.96": [0, 0, 10],
						"2.24": [0, -7.5, 0]
					},
					"position": {
						"1.68": [0, 0, 0],
						"1.96": [0.1, 0, 0]
					}
				},
				"bone4": {
					"rotation": {
						"1.4": [0, 0, 0],
						"1.68": [0, 0, -10],
						"1.96": [0, 7.5, 0]
					},
					"position": {
						"1.4": [0, 0, 0],
						"1.68": [-0.1, 0, 0]
					}
				},
				"bone9": {
					"rotation": {
						"1.12": [0, 0, 0],
						"1.4": [0, 0, 10],
						"1.68": [0, -7.5, 0]
					},
					"position": {
						"1.12": [0, 0, 0],
						"1.4": [0.1, 0, 0]
					}
				},
				"bone6": {
					"rotation": {
						"0.84": [0, 0, 0],
						"1.12": [0, 0, -10],
						"1.4": [0, 7.5, 0]
					},
					"position": {
						"0.84": [0, 0, 0],
						"1.12": [-0.1, 0, 0]
					}
				},
				"bone8": {
					"rotation": {
						"0.56": [0, 0, 0],
						"0.84": [0, 0, 10],
						"1.12": [0, -7.5, 0]
					},
					"position": {
						"0.56": [0, 0, 0],
						"0.84": [0.1, 0, 0]
					}
				},
				"bone16": {
					"rotation": {
						"0.0": [0, 0, 0],
						"0.56": [0, 0, -15],
						"1.12": [0, 0, 0],
						"1.68": [0, 0, -17.5],
						"2.52": [0, 0, 0]
					},
					"position": {
						"0.0": [0, 0, 0],
						"0.56": [0, 0, 0],
						"1.12": [0, 0, 0],
						"1.68": [0, 0, 0],
						"2.52": [0, 0, 0]
					}
				},
				"bone17": {
					"rotation": {
						"0.0": [0, 0, 0],
						"0.56": [0, 0, 15],
						"1.12": [0, 0, 0],
						"1.68": [0, 0, 15],
						"2.52": [0, 0, 0]
					},
					"position": {
						"0.0": [0, 0, 0],
						"0.56": [0, 0, 0],
						"1.12": [0, 0, 0],
						"1.68": [0, 0, 0],
						"2.52": [0, 0, 0]
					}
				},
				"bone12": {
					"rotation": {
						"0.28": [0, 0, 0],
						"0.56": [0, 0, -10],
						"0.84": [0, 7.5, 0]
					},
					"position": {
						"0.28": [0, 0, 0],
						"0.56": [-0.1, 0, 0]
					}
				},
				"bone7": {
					"rotation": {
						"0.0": [0, 0, 0],
						"0.28": [0, 0, 10],
						"0.56": [0, -7.5, 0]
					},
					"position": {
						"0.0": [0, 0, 0],
						"0.28": [0.1, 0, 0]
					}
				},
				"bone11": {
					"rotation": {
						"0.0": [0, 0, 0],
						"0.56": [-7.5, 0, 0],
						"1.12": [0, 0, 0],
						"1.68": [-7.5, 0, 0],
						"2.52": [0, 0, 0]
					}
				}
			}
		},
		"animation.arctic_scorpion.attack2": {
			"loop": true,
			"animation_length": 0.6,
			"bones": {
				"bone16": {
					"rotation": {
						"0.0": [0, 0, 0],
						"0.28": [0, 27.5, 0],
						"0.56": [0, 0, 0]
					},
					"position": {
						"0.0": [0, 0, 0],
						"0.28": [-0.2, 0, -0.9],
						"0.56": [0, 0, 0]
					}
				},
				"bone14": {
					"rotation": {
						"0.0": [7.5, 0, 0],
						"0.28": [-5, -17.5, 0],
						"0.56": [0, 0, 0]
					},
					"position": {
						"0.0": [0, -0.1, 0],
						"0.28": [3, 0.6, 0],
						"0.56": [0, 0, 0]
					}
				},
				"bone13": {
					"rotation": {
						"0.0": [-7.5, 0, 0],
						"0.28": [0, -17.5, 0],
						"0.56": [0, 0, 0]
					},
					"position": {
						"0.0": [0, -0.6, -0.1],
						"0.28": [1.5, -0.5, -0.2],
						"0.56": [0, 0, 0]
					}
				},
				"bone30": {
					"rotation": {
						"0.0": [0, 0, 0],
						"0.28": [0, -27.5, 0],
						"0.56": [0, 0, 0]
					},
					"position": {
						"0.0": [0, 0, 0],
						"0.28": [0.1, 0, -2.6],
						"0.56": [0, 0, 0]
					}
				},
				"bone31": {
					"rotation": {
						"0.0": [0, 0, 0],
						"0.28": [0, -17.5, 0],
						"0.56": [0, 0, 0]
					},
					"position": {
						"0.0": [0, 0, 0],
						"0.28": [1.4, 0, -3.3],
						"0.56": [0, 0, 0]
					}
				}
			}
		},
		"animation.arctic_scorpion.attack3": {
			"loop": true,
			"animation_length": 0.76,
			"bones": {
				"bone": {
					"rotation": {
						"0.0": [0, 0, 0],
						"0.28": [42.5, 0, 0],
						"0.56": [0, 0, 0]
					},
					"position": {
						"0.0": [0, 0, 0],
						"0.28": [0, -6, 4],
						"0.56": [0, 0, 0]
					}
				},
				"bone16": {
					"rotation": {
						"0.0": [0, 0, 0],
						"0.24": [0, -12.5, 0],
						"0.52": [0, 0, 0]
					},
					"position": {
						"0.0": [0, 0, 0],
						"0.24": [0, 0, 0],
						"0.52": [0, 0, 0]
					}
				},
				"bone17": {
					"rotation": {
						"0.0": [0, 0, 0],
						"0.24": [0, 12.5, 0],
						"0.52": [0, 0, 0]
					},
					"position": {
						"0.0": [0, 0, 0],
						"0.24": [0, 0, 0],
						"0.52": [0, 0, 0]
					}
				},
				"bone11": {
					"rotation": {
						"0.0": [0, 0, 0],
						"0.24": [-7.5, 0, 0],
						"0.52": [0, 0, 0]
					},
					"position": {
						"0.0": [0, 0, 0],
						"0.24": [0, 0, 0],
						"0.52": [0, 0, 0]
					}
				}
			}
		}
	}
}