{
	"format_version": "1.8.0",
	"animations": {
		"animation.mwolf.death": {
			"animation_length": 7.48,
			"bones": {
				"root" : {
					"position" : [ 0.0, 0.0, 0.0 ],
					"rotation" : [ "query.vertical_speed * -5.0", 0.0, "query.vertical_speed * -2.0" ]
				},
				"body": {
					"rotation": {
						"0.0": [0, 0, 0],
						"0.16": [10, 0, 0],
						"0.32": [-7.5, 0, 0],
						"0.52": [-12.5, 0, 0],
						"0.84": [2.5, 0, 0],
						"1.0": [0, 0, 0],
						"1.48": [0, 0, 0]
					},
					"position": {
						"0.0": [0, 0, 0],
						"0.52": [0, 0, 0],
						"0.6": [0, -1.38, 0],
						"0.84": [0, -10.75, 0],
						"0.92": [0, -10.25, 0],
						"1.0": [0, -10, 0]
					}
				},
				"backbody": {
					"rotation": {
						"0.0": [0, 0, 0],
						"0.16": [-12.5, 0, 0],
						"0.32": [-2.79, 0, 0],
						"0.52": [0, 0, 0]
					}
				},
				"tail": {
					"rotation": {
						"0.0": [0, 0, 0],
						"0.16": [-10, 0, 0],
						"0.4": [27.5, 0, 0],
						"0.6": [52.5, 0, 0],
						"0.8": [70, 0, 0],
						"0.92": [48.35, 0, 0],
						"1.04": [7.5, 0, 0]
					}
				},
				"tail2": {
					"rotation": {
						"0.0": [35, 0, 0],
						"0.16": [35, 0, 0],
						"0.4": [57.5, 0, 0],
						"0.6": [62.5, 0, 0],
						"0.8": [60, 0, 0],
						"0.92": [52.21, 0, 0],
						"1.04": [37.5, 0, 0]
					}
				},
				"tail3": {
					"rotation": {
						"0.0": [-37.5, 0, 0],
						"0.16": [-37.5, 0, 0],
						"0.4": [62.5, 0, 0],
						"0.6": [50, 0, 0],
						"0.8": [55, 0, 0],
						"0.92": [42.88, 0, 0],
						"1.04": [20, 0, 0]
					}
				},
				"left_leg_back": {
					"rotation": {
						"0.0": [0, 0, 0],
						"0.16": [2.5, 0, 0],
						"0.32": [10.28, 0, 0],
						"0.52": [12.5, 0, 0],
						"0.84": [80.5, 0, 0],
						"0.92": [82.5, 0, 0]
					},
					"position": {
						"0.0": [0, 0, 0],
						"0.16": [0, -0.5, 0.75],
						"0.32": [0, 1.64, -0.03],
						"0.52": [0, 2.25, -0.25],
						"0.84": [0, -0.4, -0.25],
						"0.92": [0, -0.75, -0.25]
					}
				},
				"left_leg_back2": {
					"rotation": {
						"0.0": [0, 0, 0],
						"0.16": [2.5, 0, 0],
						"0.32": [0.56, 0, 0],
						"0.52": [0, 0, 0],
						"0.8": [22.5, 0, 0],
						"0.92": [2.5, 0, 0]
					}
				},
				"left_leg_back3": {
					"rotation": {
						"0.0": [0, 0, 0],
						"0.16": [-2.5, 0, 0],
						"0.32": [-0.56, 0, 0],
						"0.52": [0, 0, 0],
						"0.68": [-50, 0, 0],
						"0.8": [-17.5, 0, 0],
						"0.92": [32.5, 0, 0]
					}
				},
				"right_leg_back": {
					"rotation": {
						"0.0": [0, 0, 0],
						"0.16": [2.5, 0, 0],
						"0.32": [10.28, 0, 0],
						"0.52": [12.5, 0, 0],
						"0.84": [80.5, 0, 0],
						"0.92": [82.5, 0, 0]
					},
					"position": {
						"0.0": [0, 0, 0],
						"0.16": [0, -0.5, 0.75],
						"0.32": [0, 1.64, -0.03],
						"0.52": [0, 2.25, -0.25],
						"0.84": [0, -0.4, -0.25],
						"0.92": [0, -0.75, -0.25]
					}
				},
				"right_leg_back2": {
					"rotation": {
						"0.0": [0, 0, 0],
						"0.16": [2.5, 0, 0],
						"0.32": [0.56, 0, 0],
						"0.52": [0, 0, 0],
						"0.8": [22.5, 0, 0],
						"0.92": [2.5, 0, 0]
					}
				},
				"right_leg_back3": {
					"rotation": {
						"0.0": [0, 0, 0],
						"0.16": [-2.5, 0, 0],
						"0.32": [-0.56, 0, 0],
						"0.52": [0, 0, 0],
						"0.68": [-50, 0, 0],
						"0.8": [-17.5, 0, 0],
						"0.92": [32.5, 0, 0]
					}
				},
				"head": {
					"rotation": {
						"0.0": [0, 0, 0],
						"0.16": [27.5, 0, 0],
						"0.32": [-26.15, 0, 0],
						"0.44": [-35.86, 0, 0],
						"0.68": [-38, 0, 0],
						"0.8": [-13.83, 0, -12.5],
						"0.88": [21, 0, -27.5],
						"0.96": [34.5, 0, -25],
						"1.08": [36.62, 0, -25]
					}
				},
				"botmouth": {
					"rotation": {
						"0.0": [0, 0, 0],
						"0.16": [-2.5, 0, 0],
						"0.32": [58.85, 0, 0],
						"0.44": [71.64, 0, 0],
						"0.64": [57, 0, 0],
						"0.76": [1, 0, 0],
						"0.84": [29.5, 0, 0],
						"0.96": [9.5, 0, 0],
						"1.08": [-3.38, 0, 0]
					}
				},
				"left_leg_front": {
					"rotation": {
						"0.0": [0, 0, 0],
						"0.16": [-10, 0, 0],
						"0.32": [7.5, 0, 0],
						"0.52": [12.5, 0, 0],
						"0.8": [-12.5, 0, 0],
						"0.92": [0, 0, 0]
					},
					"position": {
						"0.0": [0, 0, 0],
						"0.16": [0, 0, -0.5],
						"0.32": [0, 0, 0.47],
						"0.52": [0, 0, 0.5],
						"0.68": [0, 1.29, -0.04],
						"0.8": [0, 4, 0],
						"0.92": [0, 4, 0]
					}
				},
				"left_leg_front2": {
					"rotation": {
						"0.0": [0, 0, 0],
						"0.52": [0, 0, 0],
						"0.8": [-67.5, 0, 0],
						"0.92": [-80, 0, 0]
					}
				},
				"left_leg_front3": {
					"rotation": {
						"0.0": [0, 0, 0],
						"0.52": [0, 0, 0],
						"0.8": [45, 0, 0],
						"0.92": [77.5, 0, 0]
					}
				},
				"right_leg_front": {
					"rotation": {
						"0.0": [0, 0, 0],
						"0.16": [-10, 0, 0],
						"0.32": [7.5, 0, 0],
						"0.52": [12.5, 0, 0],
						"0.8": [-95, 0, 0],
						"0.92": [-87.5, 0, 0]
					},
					"position": {
						"0.0": [0, 0, 0],
						"0.16": [0, 0, -0.5],
						"0.32": [0, 0, 0.47],
						"0.52": [0, 0, 0.5],
						"0.8": [0, -0.8, -2.85],
						"0.92": [0, -1, -2]
					}
				},
				"right_leg_front2": {
					"rotation": {
						"0.0": [0, 0, 0],
						"0.52": [0, 0, 0],
						"0.68": [-22.5, 0, 0],
						"0.8": [-17.5, 0, 0],
						"0.92": [0, 0, 0]
					}
				},
				"right_leg_front3": {
					"rotation": {
						"0.0": [0, 0, 0],
						"0.52": [0, 0, 0],
						"0.68": [82.5, 0, 0],
						"0.8": [70, 0, 0],
						"0.92": [110, 0, 0]
					}
				},
				"tongue": {
					"rotation": {
						"0.0": [0, 0, 0],
						"0.24": [-10, 0, 0],
						"0.36": [-27.5, 0, 0],
						"0.68": [-15, 0, 0],
						"0.88": [5, 0, 0]
					}
				},
				"left_ear": {
					"rotation": {
						"0.0": [0, 0, 0],
						"0.16": [0, 0, 25],
						"0.44": [0, 0, 37.5],
						"0.76": [0, 0, 2.5],
						"0.92": [56, -8.75, 2.5],
						"1.04": [80.5, -10.62, 2.5],
						"1.16": [80, -12.5, 2.5]
					}
				},
				"right_ear": {
					"rotation": {
						"0.0": [0, 0, 0],
						"0.16": [0, 0, -25],
						"0.44": [0, 0, -37.5],
						"0.76": [0, 0, -2.5],
						"0.92": [45.5, 19.25, -2.5],
						"1.04": [67.75, 23.38, -2.5],
						"1.16": [65, 27.5, -2.5]
					}
				},
				"hat": {
					"rotation": {
						"0.0": [0, 0, 0],
						"0.16": [3, 0, 0],
						"0.24": [22.5, 0, 0],
						"0.56": [0, 0, 0],
						"0.72": [0, 0, 2.78],
						"0.92": [0, 0, 12.5],
						"1.08": [20.83, 0, 6.25],
						"1.16": [25, 0, 5]
					},
					"position": {
						"0.0": [0, 0, 0],
						"0.16": [0, 0.25, 0],
						"0.24": [0, 0, 0],
						"0.56": [0, 0, 0],
						"0.76": [0, 0.25, 0],
						"0.92": [0, 0, 0],
						"1.08": [0, -0.75, 0]
					}
				}
			}
		},
		"animation.mwolf.look_at_target": {
			"loop": true,
			"bones": {
				"head": {
					"rotation": ["query.target_x_rotation", "query.target_y_rotation - this", 0]
				}
			}
		},
		"animation.mwolf.eating": {
			"animation_length": 0.24,
			"bones": {
				"topmouth": {
					"rotation": {
						"0.0": [0, 0, 0],
						"0.12": [-17.5, 0, 0],
						"0.16": [-11.25, 0, 0],
						"0.2": [0, 0, 0],
						"0.24": [0, 0, 0]
					}
				},
				"botmouth": {
					"rotation": {
						"0.0": [0, 0, 0],
						"0.08": [42.5, 0, 0],
						"0.16": [7.5, 0, 0],
						"0.2": [0, 0, 0]
					},
					"position": {
						"0.0": [0, 0, 0],
						"0.08": [0, -0.5, 0],
						"0.16": [0, -0.5, 0],
						"0.2": [0, 0, 0]
					}
				},
				"head": {
					"position": {
						"0.0": [0, 0, 0],
						"0.04": [0, 0, -0.67],
						"0.12": [0, 0, -1],
						"0.16": [0, 0, -0.33],
						"0.24": [0, 0, 0]
					}
				},
				"tongue": {
					"rotation": {
						"0.0": [0, 0, 0],
						"0.12": [-20, 0, 0],
						"0.2": [0, 0, 0]
					}
				}
			},
			"sound_effects": {
				"0.0": {
					"effect": "bark"
				}
			}
		},
		"animation.mwolf.baby_eating": {
			"animation_length": 0.24,
			"bones": {
				"topmouth": {
					"rotation": {
						"0.0": [0, 0, 0],
						"0.12": [-17.5, 0, 0],
						"0.16": [-11.25, 0, 0],
						"0.2": [0, 0, 0],
						"0.24": [0, 0, 0]
					}
				},
				"botmouth": {
					"rotation": {
						"0.0": [0, 0, 0],
						"0.08": [42.5, 0, 0],
						"0.16": [7.5, 0, 0],
						"0.2": [0, 0, 0]
					},
					"position": {
						"0.0": [0, 0, 0],
						"0.08": [0, -0.5, 0],
						"0.16": [0, -0.5, 0],
						"0.2": [0, 0, 0]
					}
				},
				"head": {
					"position": {
						"0.0": [0, 0, 0],
						"0.04": [0, 0, -0.67],
						"0.12": [0, 0, -1],
						"0.16": [0, 0, -0.33],
						"0.24": [0, 0, 0]
					}
				},
				"tongue": {
					"rotation": {
						"0.0": [0, 0, 0],
						"0.12": [-20, 0, 0],
						"0.2": [0, 0, 0]
					}
				}
			},
			"sound_effects": {
				"0.0": {
					"effect": "baby_bark"
				}
			}
		},
		"animation.mwolf.bitting": {
			"loop": true,
			"bones": {
				"botmouth": {
					"rotation": ["math.sin(math.min(query.anim_time / (variable.bite_anim_duration / 2.0f), 1.0f) * 180.0f) * 60.0f", 0, 0],
					"position": [0, 0, 0]
				},
				"head": {
					"rotation": ["math.sin(math.min(query.anim_time / (variable.bite_anim_duration / 2.0f), 1.0f) * 180.0f) * 10.0f", 0, 0],
					"position": [0, 0, 0]
				},
				"neck": {
					"position": [0, 0, "-math.sin(math.min(query.anim_time / variable.bite_anim_duration, 1.0f) * 180.0f) * variable.bite_neck_length"]
				}
			}
		},
		"animation.mwolf.item": {
			"loop": true,
			"bones": {
				"rightArm": {
					"rotation": [18, 0, -10],
					"position": [-2, 2.35, 0],
					"scale": 0.85
				},
				"tongue": {
					"position": [0, -0.1, 0],
					"scale": 0.9
				}
			}
		},
		"animation.mwolf.begging": {
			"loop": true,
			"bones": {
				"botmouth": {
					"rotation": ["25 + Math.cos(query.life_time * 350) * -2", 0, 0],
					"position": [0, -0.5, 0]
				},
				"topmouth": {
					"rotation": ["-5 + Math.cos(query.life_time * 300) * -2", 0, 0]
				},
				"left_ear": {
					"rotation": [0, 0, "35 + Math.cos(query.life_time * 175) * -3"]
				},
				"head": {
					"rotation": [0, 0, "20 + Math.cos(query.life_time * 150) * -5"]
				},
				"right_ear": {
					"rotation": [0, 0, "-5 + Math.cos(query.life_time * 200) * -4"]
				},
				"tongue": {
					"rotation": ["-1+Math.cos(query.life_time * 375 ) * 1", "-25 + Math.cos(query.life_time * 375 ) * 1", 0]
				}
			}
		},
		"animation.mwolf.angry": {
			"loop": true,
			"animation_length": 0.08,
			"bones": {
				"topmouth": {
					"rotation": {
						"0.0": [1, 0, 0],
						"0.04": [2, 0, 0],
						"0.08": [1, 0, 0]
					},
					"position": {
						"0.0": [0, 0.05, 0],
						"0.04": [0, 0.2, -0.05],
						"0.08": [0, 0.05, 0]
					}
				},
				"botmouth": {
					"position": {
						"0.0": [0, -0.3, 0],
						"0.04": [0, -0.4, -0.05],
						"0.08": [0, -0.3, 0]
					}
				},
				"body": {
					"position": [0, -1, 0]
				},
				"tail": {
					"rotation": [40, 0, 0]
				},
				"tail2": {
					"rotation": [25, 0, -5]
				},
				"tail3": {
					"rotation": [35, 0, 0]
				},
				"left_leg_back": {
					"position": [0, 1, 0]
				},
				"right_leg_back": {
					"position": [0, 1, 0]
				},
				"head": {
					"position": {
						"0.0": [0, -1.3, 0],
						"0.04": [0, -1.2, -0.05],
						"0.08": [0, -1.3, 0]
					}
				},
				"left_ear": {
					"rotation": [15, 0, 0]
				},
				"right_ear": {
					"rotation": [10, 0, 0]
				},
				"left_leg_front": {
					"position": [0, 1, 0]
				},
				"right_leg_front": {
					"position": [0, 1, 0]
				}
			}
		},
		"animation.mwolf.baby_scaling": {
			"loop": true,
			"bones": {
				"head": {
					"position": [0, 1, 0],
					"scale": 1.6
				},
				"right_leg_back3": {
					"position": [0, 0.1, 0],
					"scale": 1.2
				},
				"left_leg_back3": {
					"position": [0, 0.1, 0],
					"scale": 1.2
				},
				"tail2": {
					"position": [0, 0.05, 0],
					"scale": 1.1
				},
				"left_ear": {
					"scale": 0.9
				},
				"right_ear": {
					"scale": 0.9
				},
				"left_leg_front3": {
					"position": [0, 0.1, 0],
					"scale": 1.2
				},
				"right_leg_front3": {
					"position": [0, 0.1, 0],
					"scale": 1.2
				}
			}
		},
		"animation.mwolf.leg_default": {
			"loop": true,
			"animation_length": 0.85,
			"anim_time_update": "query.modified_distance_moved/variable.mpet_walk_divisor",
			"bones": {
				"left_leg_front3": {
					"rotation": {
						"0.0": [130, 0, 0],
						"0.12": [100, 0, 0],
						"0.24": [-15, 0, 0],
						"0.36": [15, 0, 0],
						"0.48": [-10, 0, 0],
						"0.6": [-35, 0, 0],
						"0.72": [100, 0, 0],
						"0.84": [130, 0, 0]
					}
				},
				"left_leg_front2": {
					"rotation": {
						"0.0": [-60, 0, 0],
						"0.12": [-40, 0, 0],
						"0.24": [-5, 0, 0],
						"0.36": [0, 0, 0],
						"0.48": [-5, 0, 0],
						"0.6": [0, 0, 0],
						"0.72": [-45, 0, 0],
						"0.84": [-60, 0, 0]
					}
				},
				"left_leg_front": {
					"rotation": {
						"0.0": [15, 0, 0],
						"0.12": [-10, 0, 0],
						"0.24": [-35, 0, 0],
						"0.36": [-15, 0, 0],
						"0.48": [20, 0, 0],
						"0.6": [35, 0, 0],
						"0.72": [45, 0, 0],
						"0.84": [15, 0, 0]
					},
					"position": {
						"0.0": [0, 0.5, 0],
						"0.12": [0, 0, 0],
						"0.24": [0, -0.75, 0],
						"0.36": [0, -0.25, 0],
						"0.48": [0, -0.25, 0],
						"0.6": [0, -1, 0],
						"0.72": [0, 0.5, 0],
						"0.84": [0, 0.5, 0]
					}
				},
				"tail3": {
					"rotation": {
						"0.0": [16, 0, 0],
						"0.12": [10, 0, 0],
						"0.24": [4, 0, 0],
						"0.36": [12, 0, 0],
						"0.48": [22, 0, 0],
						"0.6": [20, 0, 0],
						"0.72": [25, 0, 0],
						"0.84": [16, 0, 0]
					}
				},
				"tail2": {
					"rotation": {
						"0.0": [10, 0, 0],
						"0.12": [4, 0, 0],
						"0.24": [12, 0, 0],
						"0.36": [22, 0, 0],
						"0.48": [20, 0, 0],
						"0.6": [25, 0, 0],
						"0.72": [16, 0, 0],
						"0.84": [10, 0, 0]
					}
				},
				"tail": {
					"rotation": {
						"0.0": [20, 0, 0],
						"0.12": [25, 0, 0],
						"0.24": [22, 0, 0],
						"0.36": [17, 0, 0],
						"0.48": [23, 0, 0],
						"0.6": [27, 0, 0],
						"0.72": [25, 0, 0],
						"0.84": [20, 0, 0]
					}
				},
				"backbody": {
					"rotation": {
						"0.0": [-6, 0, 0],
						"0.12": [-5, 0, 0],
						"0.24": [0, 0, 0],
						"0.64": [-5, 0, 0],
						"0.76": [-6, 0, 0],
						"0.84": [-6, 0, 0]
					}
				},
				"left_ear": {
					"rotation": {
						"0.0": [-6, 0, 0],
						"0.12": [-3, 0, 0],
						"0.24": [-6, 0, 0],
						"0.36": [-7, 0, 0],
						"0.48": [-13, 0, 0],
						"0.6": [-10, 0, 0],
						"0.72": [-12, 0, 0],
						"0.84": [-6, 0, 0]
					}
				},
				"right_ear": {
					"rotation": {
						"0.0": [-8, 0, 0],
						"0.12": [-4, 0, 0],
						"0.24": [-7, 0, 0],
						"0.36": [-9, 0, 0],
						"0.48": [-13, 0, 0],
						"0.6": [-9, 0, 0],
						"0.72": [-12, 0, 0],
						"0.84": [-8, 0, 0]
					}
				},
				"head": {
					"rotation": {
						"0.0": [5, 0, 0],
						"0.12": [2, 0, 0],
						"0.24": [3, 0, 0],
						"0.36": [-1, 0, 0],
						"0.48": [1, 0, 0],
						"0.6": [3, 0, 0],
						"0.72": [2, 0, 0],
						"0.84": [5, 0, 0]
					}
				},
				"body": {
					"rotation": {
						"0.0": [-2, 0, 0],
						"0.12": [0, 0, 1],
						"0.24": [-2, 0, 0],
						"0.4": [2, 0, 0],
						"0.6": [0, 0, -1],
						"0.72": [-1, 0, 0],
						"0.84": [-2, 0, 0]
					},
					"position": {
						"0.0": [0, 0.5, 0],
						"0.12": [0, -0.25, 0],
						"0.32": [0, -0.5, 0],
						"0.4": [0, 0, 0],
						"0.52": [0, 0.25, 0],
						"0.64": [0, 0, 0],
						"0.84": [0, 0.5, 0]
					}
				},
				"left_leg_back2": {
					"rotation": {
						"0.0": [50, 0, 0],
						"0.12": [65, 0, 0],
						"0.24": [5, 0, 0],
						"0.36": [5, 0, 0],
						"0.48": [25, 0, 0],
						"0.6": [15, 0, 0],
						"0.72": [0, 0, 0],
						"0.84": [50, 0, 0]
					}
				},
				"left_leg_back": {
					"rotation": {
						"0.0": [5, 0, 0],
						"0.12": [-35, 0, 0],
						"0.24": [-40, 0, 0],
						"0.36": [-30, 0, 0],
						"0.48": [-25, 0, 0],
						"0.6": [-5, 0, 0],
						"0.72": [20, 0, 0],
						"0.84": [5, 0, 0]
					},
					"position": {
						"0.0": [0, 0.25, 0.25],
						"0.12": [0, 0.5, 0],
						"0.24": [0, 0.5, -0.5],
						"0.36": [0, -0.75, -0.5],
						"0.48": [0, -0.5, -0.5],
						"0.6": [0, 0.5, 0],
						"0.72": [0, 0, 0.5],
						"0.84": [0, 0.25, 0.25]
					}
				},
				"right_leg_front3": {
					"rotation": {
						"0.0": [-10, 0, 0],
						"0.12": [-35, 0, 0],
						"0.24": [40, 0, 0],
						"0.36": [130, 0, 0],
						"0.48": [100, 0, 0],
						"0.6": [-15, 0, 0],
						"0.72": [15, 0, 0],
						"0.84": [-10, 0, 0]
					}
				},
				"right_leg_front2": {
					"rotation": {
						"0.0": [-5, 0, 0],
						"0.12": [0, 0, 0],
						"0.24": [-45, 0, 0],
						"0.36": [-60, 0, 0],
						"0.48": [-40, 0, 0],
						"0.6": [-5, 0, 0],
						"0.72": [0, 0, 0],
						"0.84": [-5, 0, 0]
					}
				},
				"right_leg_front": {
					"rotation": {
						"0.0": [20, 0, 0],
						"0.12": [35, 0, 0],
						"0.24": [45, 0, 0],
						"0.36": [15, 0, 0],
						"0.48": [-10, 0, 0],
						"0.6": [-35, 0, 0],
						"0.72": [-15, 0, 0],
						"0.84": [20, 0, 0]
					},
					"position": {
						"0.0": [0, -0.75, 0],
						"0.12": [0, -1, 0],
						"0.24": [0, 0.5, 0],
						"0.36": [0, 0.5, 0],
						"0.48": [0, 0, 0],
						"0.6": [0, -0.75, 0],
						"0.72": [0, -0.75, 0],
						"0.84": [0, -0.75, 0]
					}
				},
				"left_leg_back3": {
					"rotation": {
						"0.0": [30, 0, 0],
						"0.12": [70, 0, 0],
						"0.24": [-25, 0, 0],
						"0.36": [35, 0, 0],
						"0.48": [5, 0, 0],
						"0.6": [-5, 0, 0],
						"0.72": [-15, 0, 0],
						"0.84": [30, 0, 0]
					}
				},
				"right_leg_back": {
					"rotation": {
						"0.0": [-25, 0, 0],
						"0.12": [-5, 0, 0],
						"0.24": [20, 0, 0],
						"0.36": [5, 0, 0],
						"0.48": [-35, 0, 0],
						"0.6": [-40, 0, 0],
						"0.72": [-30, 0, 0],
						"0.84": [-25, 0, 0]
					},
					"position": {
						"0.0": [0, -0.5, -0.5],
						"0.12": [0, 0.5, 0],
						"0.24": [0, 0, 0.5],
						"0.36": [0, 0.25, 0.25],
						"0.48": [0, 0.5, 0],
						"0.6": [0, 0.5, -0.5],
						"0.84": [0, -0.5, -0.5]
					}
				},
				"right_leg_back2": {
					"rotation": {
						"0.0": [25, 0, 0],
						"0.12": [15, 0, 0],
						"0.24": [0, 0, 0],
						"0.36": [50, 0, 0],
						"0.48": [65, 0, 0],
						"0.6": [5, 0, 0],
						"0.72": [5, 0, 0],
						"0.84": [25, 0, 0]
					}
				},
				"right_leg_back3": {
					"rotation": {
						"0.0": [5, 0, 0],
						"0.12": [-5, 0, 0],
						"0.24": [-15, 0, 0],
						"0.36": [30, 0, 0],
						"0.48": [70, 0, 0],
						"0.6": [-25, 0, 0],
						"0.72": [35, 0, 0],
						"0.84": [5, 0, 0]
					}
				}
			}
		},
		"animation.mwolf.sit": {
			"loop": true,
			"bones": {
				"root": {
					"position": [0, -4, 3]
				},
				"body": {
					"rotation": [-35, 0, 0]
				},
				"backbody": {
					"rotation": [-15, 0, 0],
					"position": [0, 0, 0]
				},
				"tail": {
					"rotation": [70, -20, 0],
					"position": [0, 0, -1]
				},
				"tail2": {
					"rotation": [35, -30, 20]
				},
				"tail3": {
					"rotation": [15, 0, 65]
				},
				"left_leg_back": {
					"rotation": [-80, 0, 0],
					"position": [0, 2, 2]
				},
				"left_leg_back2": {
					"rotation": [85, 0, 0],
					"position": [0, 0, -1]
				},
				"left_leg_back3": {
					"rotation": [45, 0, 0]
				},
				"right_leg_back": {
					"rotation": [-80, 0, 0],
					"position": [0, 2, 2]
				},
				"right_leg_back2": {
					"rotation": [85, 0, 0],
					"position": [0, 0, -1]
				},
				"right_leg_back3": {
					"rotation": [45, 0, 0]
				},
				"neck": {
					"position": [0, 0, 0]
				},
				"head": {
					"rotation": [35, 0, 0],
					"position": [0, 1, -1]
				},
				"left_leg_front": {
					"rotation": [20, 0, 0],
					"position": [0, 1.5, -1]
				},
				"left_leg_front3": {
					"rotation": [15, 0, 0],
					"position": [0, 1, 0]
				},
				"right_leg_front": {
					"rotation": [20, 0, 0],
					"position": [0, 1.5, -1]
				},
				"right_leg_front3": {
					"rotation": [15, 0, 0],
					"position": [0, 1, 0]
				}
			}
		},
		"animation.mwolf.idle_1": {
			"animation_length": 4.6,
			"bones": {
				"head": {
					"rotation": {
						"0.0": [0, 0, 0],
						"0.12": [0, 0, -21.39],
						"0.28": [0, 0, -27.5],
						"0.44": [0, 0, -24.44],
						"1.64": [0, 0, -26.66],
						"1.92": [0, 0, -26.8],
						"2.28": [0, 0, -26.93],
						"2.6": [0, 0, -26.94],
						"2.72": [0, 0, -23.95],
						"2.96": [0, 0, 2],
						"3.04": [0, 0, 0]
					}
				},
				"left_ear": {
					"rotation": {
						"0.0": [0, 0, 0],
						"0.2": [0, 0, 40],
						"0.36": [0, 0, 0],
						"0.48": [0, 0, 5.71],
						"2.6": [0, 0, 3.21],
						"2.72": [0, 0, 2.85],
						"2.92": [0, 0, 8],
						"3.04": [0, 0, 0]
					}
				},
				"right_ear": {
					"rotation": {
						"0.04": [0, 0, 0],
						"0.16": [0, 0, 5],
						"0.28": [0, 0, -25.36],
						"0.4": [0, 0, -37.5],
						"0.52": [0, 0, -34.47],
						"2.6": [0, 0, -36.97],
						"2.72": [0, 0, -32.86],
						"2.92": [0, 0, 5],
						"3.04": [0, 0, 0]
					}
				},
				"hat": {
					"rotation": {
						"0.0": [0, 0, 0],
						"0.2": [0, 0, -13],
						"0.32": [0, 0, -12.14],
						"0.48": [0, 0, -10],
						"2.72": [0, 0, -10],
						"2.88": [0, 0, -12.5],
						"3.08": [0, 0, 2.5],
						"3.24": [0, 0, 0]
					}
				},
				"topmouth": {
					"rotation": {
						"0.0": [0, 0, 0],
						"0.2": [-4.17, 0, 0],
						"0.28": [-4.72, 0, 0],
						"0.4": [-5, 0, 0],
						"0.68": [-6.32, 0, 0],
						"0.96": [-5.49, 0, 0],
						"1.24": [-6.32, 0, 0],
						"1.52": [-5.49, 0, 0],
						"1.76": [-6.32, 0, 0],
						"2.04": [-5.49, 0, 0],
						"2.32": [-5.32, 0, 0],
						"2.6": [-7.5, 0, 0],
						"2.72": [-6.82, 0, 0],
						"2.8": [-1.71, 0, 0],
						"2.88": [-0.43, 0, 0],
						"3.04": [0, 0, 0]
					},
					"position": {
						"2.72": [0, 0, 0],
						"2.88": [0, 0.25, 0],
						"3.04": [0, 0, 0]
					}
				},
				"botmouth": {
					"rotation": {
						"0.0": [0, 0, 0],
						"0.2": [45, 0, 0],
						"0.28": [46.67, 0, 0],
						"0.4": [50, 0, 0],
						"0.68": [50.65, 0, 0],
						"0.96": [49.12, 0, 0],
						"1.24": [50.65, 0, 0],
						"1.52": [49.12, 0, 0],
						"1.76": [50.65, 0, 0],
						"2.04": [49.12, 0, 0],
						"2.32": [47.64, 0, 0],
						"2.6": [47.5, 0, 0],
						"2.72": [43.18, 0, 0],
						"2.8": [10.8, 0, 0],
						"2.88": [2.7, 0, 0],
						"3.04": [0, 0, 0]
					},
					"position": {
						"2.72": [0, 0, 0],
						"2.88": [0, -0.25, 0],
						"3.04": [0, 0, 0]
					}
				},
				"tongue": {
					"rotation": {
						"0.0": [0, 0, 0],
						"0.24": [-20, 17.5, 0],
						"0.4": [0, 27.5, 0],
						"1.96": [0, 29.71, 0],
						"2.28": [0, 29.86, 0],
						"2.6": [0, 30, 0],
						"2.72": [0, 27.27, 0],
						"2.8": [0, 6.82, 0],
						"2.88": [0, 1.71, 0],
						"3.04": [0, 0, 0]
					}
				}
			}
		},
		"animation.mwolf.idle_2": {
			"animation_length": 4.92,
			"bones": {
				"head": {
					"rotation": {
						"0.0": [0, 0, 0],
						"0.28": [-2.24, 0, 0],
						"0.68": [-18.14, 0, 0],
						"1.0": [-22.68, 0, 0],
						"1.44": [-26.94, 0, 0],
						"1.96": [-30, 0, 0],
						"2.12": [2.15, 0, 0],
						"2.28": [12.86, 0, 0],
						"2.52": [20, 0, 0],
						"2.6": [16.67, 0, 0],
						"2.76": [0, 0, 0]
					},
					"position": {
						"0.0": [0, 0, 0],
						"0.28": [0, 0.06, 0],
						"0.76": [0, 1.11, 0],
						"1.0": [0, 1.32, 0],
						"1.4": [0, 1.4, 0],
						"2.08": [0, 1.5, 0],
						"2.2": [0, 0.54, 0],
						"2.28": [0, 0.3, 0],
						"2.48": [0, 0, 0]
					}
				},
				"topmouth": {
					"rotation": {
						"0.0": [0, 0, 0],
						"0.28": [2.5, 0, 0],
						"0.44": [1.33, 0, 0],
						"0.88": [-6.31, 0, 0],
						"1.2": [-8.16, 0, 0],
						"1.8": [-11.68, 0, 0],
						"1.96": [-15, 0, 0],
						"2.08": [-3.33, 0, 0],
						"2.32": [0, 0, 0],
						"2.6": [0, 0, 0],
						"2.76": [0, 0, 0]
					}
				},
				"botmouth": {
					"rotation": {
						"0.0": [0, 0, 0],
						"0.28": [-1.46, 0, 0],
						"0.44": [4.55, 0, 0],
						"0.88": [43.58, 0, 0],
						"1.2": [53.06, 0, 0],
						"1.8": [59.69, 0, 0],
						"1.96": [65, 0, 0],
						"2.08": [12.5, 0, 0],
						"2.32": [-2.5, 0, 0],
						"2.6": [-2.5, 0, 0],
						"2.76": [0, 0, 0]
					},
					"position": {
						"0.0": [0, 0, 0],
						"0.28": [0, -0.25, 0],
						"0.44": [0, -0.26, 0],
						"1.2": [0, -0.41, 0],
						"2.08": [0, -0.49, 0],
						"2.32": [0, -0.5, 0],
						"2.6": [0, -0.5, 0],
						"2.76": [0, 0, 0]
					}
				},
				"tongue": {
					"rotation": {
						"0.0": [0, 0, 0],
						"0.44": [0, 0, 0],
						"0.96": [-34.36, 0, 0],
						"1.0": [-33.73, 0, 0],
						"1.04": [-39.49, 0, 0],
						"1.08": [-40.26, 0, 0],
						"1.12": [-34.36, 0, 0],
						"1.16": [-33.73, 0, 0],
						"1.2": [-39.49, 0, 0],
						"1.24": [-40.26, 0, 0],
						"1.28": [-38.02, 0, 0],
						"1.32": [-40.93, 0, 0],
						"1.36": [-38.02, 0, 0],
						"1.4": [-40.93, 0, 0],
						"1.48": [-38.02, 0, 0],
						"1.56": [-40.93, 0, 0],
						"1.64": [-38.02, 0, 0],
						"1.76": [-40.93, 0, 0],
						"1.88": [-40.93, 0, 0],
						"1.96": [-45, 0, 0],
						"2.08": [0, 0, 0]
					}
				},
				"left_ear": {
					"rotation": {
						"0.0": [0, 0, 0],
						"0.8": [0, 0, 11.25],
						"1.04": [0, 0, 17.88],
						"1.72": [0, 0, 38.72],
						"1.84": [0, 0, 42.19],
						"2.0": [0, 0, 45],
						"2.16": [0, 0, 32.25],
						"2.32": [0, 0, 13.74],
						"2.4": [0, 0, 9.11],
						"2.56": [0, 0, 2.5],
						"2.72": [0, 0, 0]
					}
				},
				"right_ear": {
					"rotation": {
						"0.0": [0, 0, 0],
						"0.8": [0, 0, -11.25],
						"1.04": [0, 0, -17.88],
						"1.68": [0, 0, -38.72],
						"1.8": [0, 0, -42.19],
						"1.96": [0, 0, -45],
						"2.12": [0, 0, -32.25],
						"2.2": [0, 0, -13.74],
						"2.32": [0, 0, -9.11],
						"2.48": [0, 0, -2.5],
						"2.72": [0, 0, 0]
					}
				}
			}
		},
		"animation.mwolf.death_cancel": {
			"loop": true,
			"bones": {
				"root": {
					"rotation": [0, 0, "Math.min(Math.sqrt(Math.max(0, query.anim_time * 20 - 0.5) / 20 * 1.6), 1) * -90"]
				}
			}
		},
		"animation.mwolf.sleep": {
			"loop": true,
			"bones": {
				"root": {
					"position": [0, -4, 3]
				},
				"body": {
					"rotation": [-2.5, 0, 0],
					"position": [0, -5, 0]
				},
				"backbody": {
					"rotation": [-15, 0, 0],
					"position": [0, 0, 0]
				},
				"tail": {
					"rotation": [45, -60, -22.5],
					"position": [0, 0, -1]
				},
				"tail2": {
					"rotation": [15, -30, 20]
				},
				"tail3": {
					"rotation": [40, -25, 60]
				},
				"left_leg_back": {
					"rotation": [-112.5, 0, 0],
					"position": [0, 2, 2]
				},
				"left_leg_back2": {
					"rotation": [85, 0, 0],
					"position": [0, 0, -0.5]
				},
				"left_leg_back3": {
					"rotation": [45, 0, 0]
				},
				"right_leg_back": {
					"rotation": [-112.5, 0, 0],
					"position": [0, 2, 2]
				},
				"right_leg_back2": {
					"rotation": [85, 0, 0],
					"position": [0, 0, -0.5]
				},
				"right_leg_back3": {
					"rotation": [45, 0, 0]
				},
				"neck": {
					"position": [0, 0, 0]
				},
				"head": {
					"rotation": [0, 0, 0],
					"position": [0, 0, -1]
				},
				"left_leg_front": {
					"rotation": [-35, 0, 0],
					"position": [0, 1.5, -1]
				},
				"left_leg_front3": {
					"rotation": [90, 0, 0],
					"position": [0, 1, 0]
				},
				"right_leg_front": {
					"rotation": [-35, 0, 0],
					"position": [0, 1.5, -1]
				},
				"right_leg_front3": {
					"rotation": [90, 0, 0],
					"position": [0, 1, 0]
				},
				"left_ear": {
					"rotation": [0, 0, 15]
				},
				"right_ear": {
					"rotation": [0, 0, -15]
				},
				"left_leg_front2": {
					"rotation": [-50, 0, 0]
				},
				"right_leg_front2": {
					"rotation": [-50, 0, 0]
				}
			}
		},
		"animation.mwolf.tail": {
			"animation_length": 2.24,
			"bones": {
				"rightArm": {
					"rotation": [18, 0, -10],
					"position": [-2, 2.35, 0],
					"scale": 0.85
				},
				"tongue": {
					"position": [0, -0.1, 0],
					"scale": 0.9
				},
				"tail": {
					"rotation": {
						"0.0": {
							"pre": [0, 0, 0],
							"post": [0, 0, 0],
							"lerp_mode": "catmullrom"
						},
						"0.16": {
							"pre": [15, 7.5, 0],
							"post": [15, 7.5, 0],
							"lerp_mode": "catmullrom"
						},
						"0.28": {
							"pre": [27.5, -25.83, 0],
							"post": [27.5, -25.83, 0],
							"lerp_mode": "catmullrom"
						},
						"0.48": {
							"pre": [27.5, -25.83, 0],
							"post": [27.5, -25.83, 0],
							"lerp_mode": "catmullrom"
						},
						"0.68": {
							"pre": [27.5, 41.67, 0],
							"post": [27.5, 41.67, 0],
							"lerp_mode": "catmullrom"
						},
						"0.96": {
							"pre": [30, -32.5, 0],
							"post": [30, -32.5, 0],
							"lerp_mode": "catmullrom"
						},
						"1.24": {
							"pre": [27.5, 41.67, 0],
							"post": [27.5, 41.67, 0],
							"lerp_mode": "catmullrom"
						},
						"1.52": {
							"pre": [30, -32.5, 0],
							"post": [30, -32.5, 0],
							"lerp_mode": "catmullrom"
						},
						"1.8": {
							"pre": [6, 3, 0],
							"post": [6, 3, 0],
							"lerp_mode": "catmullrom"
						},
						"1.92": {
							"pre": [0, 0, 0],
							"post": [0, 0, 0],
							"lerp_mode": "catmullrom"
						},
						"2.24": [0, 0, 0]
					}
				},
				"tail2": {
					"rotation": {
						"0.0": [0, 0, 0],
						"0.16": [-30, 0, 0],
						"0.4": [19.5, 0, 0],
						"0.44": [20.88, 0, 7.5],
						"0.56": [25, 0, 17.5],
						"0.72": [28.57, 0, 5],
						"0.88": [32.14, 0, -3.33],
						"1.04": [35.71, 0, 4.84],
						"1.24": [37.5, 0, 11.73],
						"1.32": [39.29, 0, 15.05],
						"1.44": [41.97, 0, 1.29],
						"1.68": [44.65, 0, -6.64],
						"1.8": [47.33, 0, 11.68],
						"1.92": [50, 0, 0],
						"2.04": [14.29, 0, 0],
						"2.12": [2.86, 0, 0],
						"2.24": [0, 0, 0]
					}
				},
				"tail3": {
					"rotation": {
						"0.0": [0, 0, 0],
						"0.16": [10, 0, 0],
						"0.28": [-25, 0, 0],
						"0.44": [-2.5, 0, 0],
						"0.6": [30, 0, 0],
						"1.56": [35, 0, 0],
						"1.76": [50, 0, 0],
						"1.96": [40, 0, 0],
						"2.16": [0, 0, 0]
					}
				}
			}
		},
		"animation.mwolf.leg_default_2": {
			"loop": true,
			"animation_length": 0.84,
			"anim_time_update": "query.modified_distance_moved/variable.mpet_walk_divisor",
			"bones": {
				"left_leg_front3": {
					"rotation": {
						"0.0": {
							"pre": [130, 0, 0],
							"post": [130, 0, 0],
							"lerp_mode": "catmullrom"
						},
						"0.12": {
							"pre": [100, 0, 0],
							"post": [100, 0, 0],
							"lerp_mode": "catmullrom"
						},
						"0.24": {
							"pre": [-15, 0, 0],
							"post": [-15, 0, 0],
							"lerp_mode": "catmullrom"
						},
						"0.36": {
							"pre": [15, 0, 0],
							"post": [15, 0, 0],
							"lerp_mode": "catmullrom"
						},
						"0.48": {
							"pre": [-10, 0, 0],
							"post": [-10, 0, 0],
							"lerp_mode": "catmullrom"
						},
						"0.6": {
							"pre": [-35, 0, 0],
							"post": [-35, 0, 0],
							"lerp_mode": "catmullrom"
						},
						"0.72": {
							"pre": [100, 0, 0],
							"post": [100, 0, 0],
							"lerp_mode": "catmullrom"
						},
						"0.84": [130, 0, 0]
					}
				},
				"left_leg_front2": {
					"rotation": {
						"0.0": {
							"pre": [-60, 0, 0],
							"post": [-60, 0, 0],
							"lerp_mode": "catmullrom"
						},
						"0.12": {
							"pre": [-40, 0, 0],
							"post": [-40, 0, 0],
							"lerp_mode": "catmullrom"
						},
						"0.24": {
							"pre": [-5, 0, 0],
							"post": [-5, 0, 0],
							"lerp_mode": "catmullrom"
						},
						"0.36": {
							"pre": [0, 0, 0],
							"post": [0, 0, 0],
							"lerp_mode": "catmullrom"
						},
						"0.48": {
							"pre": [-5, 0, 0],
							"post": [-5, 0, 0],
							"lerp_mode": "catmullrom"
						},
						"0.6": {
							"pre": [0, 0, 0],
							"post": [0, 0, 0],
							"lerp_mode": "catmullrom"
						},
						"0.72": {
							"pre": [-45, 0, 0],
							"post": [-45, 0, 0],
							"lerp_mode": "catmullrom"
						},
						"0.84": [-60, 0, 0]
					}
				},
				"left_leg_front": {
					"rotation": {
						"0.0": {
							"pre": [15, 0, 0],
							"post": [15, 0, 0],
							"lerp_mode": "catmullrom"
						},
						"0.12": {
							"pre": [-10, 0, 0],
							"post": [-10, 0, 0],
							"lerp_mode": "catmullrom"
						},
						"0.24": {
							"pre": [-35, 0, 0],
							"post": [-35, 0, 0],
							"lerp_mode": "catmullrom"
						},
						"0.36": {
							"pre": [-15, 0, 0],
							"post": [-15, 0, 0],
							"lerp_mode": "catmullrom"
						},
						"0.48": {
							"pre": [20, 0, 0],
							"post": [20, 0, 0],
							"lerp_mode": "catmullrom"
						},
						"0.6": {
							"pre": [35, 0, 0],
							"post": [35, 0, 0],
							"lerp_mode": "catmullrom"
						},
						"0.72": {
							"pre": [45, 0, 0],
							"post": [45, 0, 0],
							"lerp_mode": "catmullrom"
						},
						"0.84": [15, 0, 0]
					},
					"position": {
						"0.0": {
							"pre": [0, 0.5, 0],
							"post": [0, 0.5, 0],
							"lerp_mode": "catmullrom"
						},
						"0.12": {
							"pre": [0, 0, 0],
							"post": [0, 0, 0],
							"lerp_mode": "catmullrom"
						},
						"0.24": {
							"pre": [0, -0.75, 0],
							"post": [0, -0.75, 0],
							"lerp_mode": "catmullrom"
						},
						"0.36": {
							"pre": [0, -0.25, 0],
							"post": [0, -0.25, 0],
							"lerp_mode": "catmullrom"
						},
						"0.48": {
							"pre": [0, -0.25, 0],
							"post": [0, -0.25, 0],
							"lerp_mode": "catmullrom"
						},
						"0.6": {
							"pre": [0, -1, 0],
							"post": [0, -1, 0],
							"lerp_mode": "catmullrom"
						},
						"0.72": {
							"pre": [0, 0.5, 0],
							"post": [0, 0.5, 0],
							"lerp_mode": "catmullrom"
						},
						"0.84": [0, 0.5, 0]
					}
				},
				"tail3": {
					"rotation": {
						"0.0": [16, 0, 0],
						"0.12": [10, 0, 0],
						"0.24": [4, 0, 0],
						"0.36": [12, 0, 0],
						"0.48": [22, 0, 0],
						"0.6": [20, 0, 0],
						"0.72": [25, 0, 0],
						"0.84": [16, 0, 0]
					}
				},
				"tail2": {
					"rotation": {
						"0.0": [10, 0, 0],
						"0.12": [4, 0, 0],
						"0.24": [12, 0, 0],
						"0.36": [22, 0, 0],
						"0.48": [20, 0, 0],
						"0.6": [25, 0, 0],
						"0.72": [16, 0, 0],
						"0.84": [10, 0, 0]
					}
				},
				"tail": {
					"rotation": {
						"0.0": {
							"pre": [20, 0, 0],
							"post": [20, 0, 0],
							"lerp_mode": "catmullrom"
						},
						"0.12": {
							"pre": [25, 0, 0],
							"post": [25, 0, 0],
							"lerp_mode": "catmullrom"
						},
						"0.24": {
							"pre": [22, 0, 0],
							"post": [22, 0, 0],
							"lerp_mode": "catmullrom"
						},
						"0.36": {
							"pre": [17, 0, 0],
							"post": [17, 0, 0],
							"lerp_mode": "catmullrom"
						},
						"0.48": {
							"pre": [23, 0, 0],
							"post": [23, 0, 0],
							"lerp_mode": "catmullrom"
						},
						"0.6": {
							"pre": [27, 0, 0],
							"post": [27, 0, 0],
							"lerp_mode": "catmullrom"
						},
						"0.72": {
							"pre": [25, 0, 0],
							"post": [25, 0, 0],
							"lerp_mode": "catmullrom"
						},
						"0.84": [20, 0, 0]
					}
				},
				"backbody": {
					"rotation": {
						"0.0": {
							"pre": [-6, 0, 0],
							"post": [-6, 0, 0],
							"lerp_mode": "catmullrom"
						},
						"0.12": {
							"pre": [-5, 0, 0],
							"post": [-5, 0, 0],
							"lerp_mode": "catmullrom"
						},
						"0.24": {
							"pre": [0, 0, 0],
							"post": [0, 0, 0],
							"lerp_mode": "catmullrom"
						},
						"0.64": {
							"pre": [-5, 0, 0],
							"post": [-5, 0, 0],
							"lerp_mode": "catmullrom"
						},
						"0.76": {
							"pre": [-6, 0, 0],
							"post": [-6, 0, 0],
							"lerp_mode": "catmullrom"
						},
						"0.84": [-6, 0, 0]
					}
				},
				"left_ear": {
					"rotation": {
						"0.0": {
							"pre": [-6, 0, 0],
							"post": [-6, 0, 0],
							"lerp_mode": "catmullrom"
						},
						"0.12": {
							"pre": [-3, 0, 0],
							"post": [-3, 0, 0],
							"lerp_mode": "catmullrom"
						},
						"0.24": {
							"pre": [-6, 0, 0],
							"post": [-6, 0, 0],
							"lerp_mode": "catmullrom"
						},
						"0.36": {
							"pre": [-7, 0, 0],
							"post": [-7, 0, 0],
							"lerp_mode": "catmullrom"
						},
						"0.48": {
							"pre": [-13, 0, 0],
							"post": [-13, 0, 0],
							"lerp_mode": "catmullrom"
						},
						"0.6": {
							"pre": [-10, 0, 0],
							"post": [-10, 0, 0],
							"lerp_mode": "catmullrom"
						},
						"0.72": {
							"pre": [-12, 0, 0],
							"post": [-12, 0, 0],
							"lerp_mode": "catmullrom"
						},
						"0.84": [-6, 0, 0]
					}
				},
				"right_ear": {
					"rotation": {
						"0.0": {
							"pre": [-8, 0, 0],
							"post": [-8, 0, 0],
							"lerp_mode": "catmullrom"
						},
						"0.12": {
							"pre": [-4, 0, 0],
							"post": [-4, 0, 0],
							"lerp_mode": "catmullrom"
						},
						"0.24": {
							"pre": [-7, 0, 0],
							"post": [-7, 0, 0],
							"lerp_mode": "catmullrom"
						},
						"0.36": {
							"pre": [-9, 0, 0],
							"post": [-9, 0, 0],
							"lerp_mode": "catmullrom"
						},
						"0.48": {
							"pre": [-13, 0, 0],
							"post": [-13, 0, 0],
							"lerp_mode": "catmullrom"
						},
						"0.6": {
							"pre": [-9, 0, 0],
							"post": [-9, 0, 0],
							"lerp_mode": "catmullrom"
						},
						"0.72": {
							"pre": [-12, 0, 0],
							"post": [-12, 0, 0],
							"lerp_mode": "catmullrom"
						},
						"0.84": [-8, 0, 0]
					}
				},
				"head": {
					"rotation": {
						"0.0": {
							"pre": [5, 0, 0],
							"post": [5, 0, 0],
							"lerp_mode": "catmullrom"
						},
						"0.12": {
							"pre": [2, 0, 0],
							"post": [2, 0, 0],
							"lerp_mode": "catmullrom"
						},
						"0.24": {
							"pre": [3, 0, 0],
							"post": [3, 0, 0],
							"lerp_mode": "catmullrom"
						},
						"0.36": {
							"pre": [-1, 0, 0],
							"post": [-1, 0, 0],
							"lerp_mode": "catmullrom"
						},
						"0.48": {
							"pre": [1, 0, 0],
							"post": [1, 0, 0],
							"lerp_mode": "catmullrom"
						},
						"0.6": {
							"pre": [3, 0, 0],
							"post": [3, 0, 0],
							"lerp_mode": "catmullrom"
						},
						"0.72": {
							"pre": [2, 0, 0],
							"post": [2, 0, 0],
							"lerp_mode": "catmullrom"
						},
						"0.84": [5, 0, 0]
					}
				},
				"body": {
					"rotation": {
						"0.0": {
							"pre": [-2, 0, 0],
							"post": [-2, 0, 0],
							"lerp_mode": "catmullrom"
						},
						"0.12": {
							"pre": [0, 0, 1],
							"post": [0, 0, 1],
							"lerp_mode": "catmullrom"
						},
						"0.24": {
							"pre": [-2, 0, 0],
							"post": [-2, 0, 0],
							"lerp_mode": "catmullrom"
						},
						"0.4": {
							"pre": [2, 0, 0],
							"post": [2, 0, 0],
							"lerp_mode": "catmullrom"
						},
						"0.6": {
							"pre": [0, 0, -1],
							"post": [0, 0, -1],
							"lerp_mode": "catmullrom"
						},
						"0.72": {
							"pre": [-1, 0, 0],
							"post": [-1, 0, 0],
							"lerp_mode": "catmullrom"
						},
						"0.84": [-2, 0, 0]
					},
					"position": {
						"0.0": {
							"pre": [0, 0.5, 0],
							"post": [0, 0.5, 0],
							"lerp_mode": "catmullrom"
						},
						"0.12": {
							"pre": [0, -0.25, 0],
							"post": [0, -0.25, 0],
							"lerp_mode": "catmullrom"
						},
						"0.32": {
							"pre": [0, -0.5, 0],
							"post": [0, -0.5, 0],
							"lerp_mode": "catmullrom"
						},
						"0.4": {
							"pre": [0, 0, 0],
							"post": [0, 0, 0],
							"lerp_mode": "catmullrom"
						},
						"0.52": {
							"pre": [0, 0.25, 0],
							"post": [0, 0.25, 0],
							"lerp_mode": "catmullrom"
						},
						"0.64": {
							"pre": [0, 0, 0],
							"post": [0, 0, 0],
							"lerp_mode": "catmullrom"
						},
						"0.84": [0, 0.5, 0]
					}
				},
				"left_leg_back2": {
					"rotation": {
						"0.0": {
							"pre": [50, 0, 0],
							"post": [50, 0, 0],
							"lerp_mode": "catmullrom"
						},
						"0.12": {
							"pre": [65, 0, 0],
							"post": [65, 0, 0],
							"lerp_mode": "catmullrom"
						},
						"0.24": {
							"pre": [5, 0, 0],
							"post": [5, 0, 0],
							"lerp_mode": "catmullrom"
						},
						"0.36": {
							"pre": [5, 0, 0],
							"post": [5, 0, 0],
							"lerp_mode": "catmullrom"
						},
						"0.48": {
							"pre": [25, 0, 0],
							"post": [25, 0, 0],
							"lerp_mode": "catmullrom"
						},
						"0.6": {
							"pre": [15, 0, 0],
							"post": [15, 0, 0],
							"lerp_mode": "catmullrom"
						},
						"0.72": {
							"pre": [0, 0, 0],
							"post": [0, 0, 0],
							"lerp_mode": "catmullrom"
						},
						"0.84": [50, 0, 0]
					}
				},
				"left_leg_back": {
					"rotation": {
						"0.0": {
							"pre": [5, 0, 0],
							"post": [5, 0, 0],
							"lerp_mode": "catmullrom"
						},
						"0.12": {
							"pre": [-35, 0, 0],
							"post": [-35, 0, 0],
							"lerp_mode": "catmullrom"
						},
						"0.24": {
							"pre": [-40, 0, 0],
							"post": [-40, 0, 0],
							"lerp_mode": "catmullrom"
						},
						"0.36": {
							"pre": [-30, 0, 0],
							"post": [-30, 0, 0],
							"lerp_mode": "catmullrom"
						},
						"0.48": {
							"pre": [-25, 0, 0],
							"post": [-25, 0, 0],
							"lerp_mode": "catmullrom"
						},
						"0.6": {
							"pre": [-5, 0, 0],
							"post": [-5, 0, 0],
							"lerp_mode": "catmullrom"
						},
						"0.72": {
							"pre": [20, 0, 0],
							"post": [20, 0, 0],
							"lerp_mode": "catmullrom"
						},
						"0.84": [5, 0, 0]
					},
					"position": {
						"0.0": {
							"pre": [0, 0.25, 0.25],
							"post": [0, 0.25, 0.25],
							"lerp_mode": "catmullrom"
						},
						"0.12": {
							"pre": [0, 0.5, 0],
							"post": [0, 0.5, 0],
							"lerp_mode": "catmullrom"
						},
						"0.24": {
							"pre": [0, 0.5, -0.5],
							"post": [0, 0.5, -0.5],
							"lerp_mode": "catmullrom"
						},
						"0.36": {
							"pre": [0, -0.75, -0.5],
							"post": [0, -0.75, -0.5],
							"lerp_mode": "catmullrom"
						},
						"0.48": {
							"pre": [0, -0.5, -0.5],
							"post": [0, -0.5, -0.5],
							"lerp_mode": "catmullrom"
						},
						"0.6": {
							"pre": [0, 0.5, 0],
							"post": [0, 0.5, 0],
							"lerp_mode": "catmullrom"
						},
						"0.72": {
							"pre": [0, 0, 0.5],
							"post": [0, 0, 0.5],
							"lerp_mode": "catmullrom"
						},
						"0.84": [0, 0.25, 0.25]
					}
				},
				"right_leg_front3": {
					"rotation": {
						"0.0": {
							"pre": [-10, 0, 0],
							"post": [-10, 0, 0],
							"lerp_mode": "catmullrom"
						},
						"0.12": {
							"pre": [-35, 0, 0],
							"post": [-35, 0, 0],
							"lerp_mode": "catmullrom"
						},
						"0.24": {
							"pre": [40, 0, 0],
							"post": [40, 0, 0],
							"lerp_mode": "catmullrom"
						},
						"0.36": {
							"pre": [130, 0, 0],
							"post": [130, 0, 0],
							"lerp_mode": "catmullrom"
						},
						"0.48": {
							"pre": [100, 0, 0],
							"post": [100, 0, 0],
							"lerp_mode": "catmullrom"
						},
						"0.6": {
							"pre": [-15, 0, 0],
							"post": [-15, 0, 0],
							"lerp_mode": "catmullrom"
						},
						"0.72": {
							"pre": [15, 0, 0],
							"post": [15, 0, 0],
							"lerp_mode": "catmullrom"
						},
						"0.84": [-10, 0, 0]
					}
				},
				"right_leg_front2": {
					"rotation": {
						"0.0": {
							"pre": [-5, 0, 0],
							"post": [-5, 0, 0],
							"lerp_mode": "catmullrom"
						},
						"0.12": {
							"pre": [0, 0, 0],
							"post": [0, 0, 0],
							"lerp_mode": "catmullrom"
						},
						"0.24": {
							"pre": [-45, 0, 0],
							"post": [-45, 0, 0],
							"lerp_mode": "catmullrom"
						},
						"0.36": {
							"pre": [-60, 0, 0],
							"post": [-60, 0, 0],
							"lerp_mode": "catmullrom"
						},
						"0.48": {
							"pre": [-40, 0, 0],
							"post": [-40, 0, 0],
							"lerp_mode": "catmullrom"
						},
						"0.6": {
							"pre": [-5, 0, 0],
							"post": [-5, 0, 0],
							"lerp_mode": "catmullrom"
						},
						"0.72": {
							"pre": [0, 0, 0],
							"post": [0, 0, 0],
							"lerp_mode": "catmullrom"
						},
						"0.84": [-5, 0, 0]
					}
				},
				"right_leg_front": {
					"rotation": {
						"0.0": [20, 0, 0],
						"0.12": [35, 0, 0],
						"0.24": [45, 0, 0],
						"0.36": [15, 0, 0],
						"0.48": [-10, 0, 0],
						"0.6": [-35, 0, 0],
						"0.72": [-15, 0, 0],
						"0.84": [20, 0, 0]
					},
					"position": {
						"0.0": [0, -0.75, 0],
						"0.12": [0, -1, 0],
						"0.24": [0, 0.5, 0],
						"0.36": [0, 0.5, 0],
						"0.48": [0, 0, 0],
						"0.6": [0, -0.75, 0],
						"0.72": [0, -0.75, 0],
						"0.84": [0, -0.75, 0]
					}
				},
				"left_leg_back3": {
					"rotation": {
						"0.0": {
							"pre": [30, 0, 0],
							"post": [30, 0, 0],
							"lerp_mode": "catmullrom"
						},
						"0.12": {
							"pre": [70, 0, 0],
							"post": [70, 0, 0],
							"lerp_mode": "catmullrom"
						},
						"0.24": {
							"pre": [-25, 0, 0],
							"post": [-25, 0, 0],
							"lerp_mode": "catmullrom"
						},
						"0.36": {
							"pre": [35, 0, 0],
							"post": [35, 0, 0],
							"lerp_mode": "catmullrom"
						},
						"0.48": {
							"pre": [5, 0, 0],
							"post": [5, 0, 0],
							"lerp_mode": "catmullrom"
						},
						"0.6": {
							"pre": [-5, 0, 0],
							"post": [-5, 0, 0],
							"lerp_mode": "catmullrom"
						},
						"0.72": {
							"pre": [-15, 0, 0],
							"post": [-15, 0, 0],
							"lerp_mode": "catmullrom"
						},
						"0.84": [30, 0, 0]
					}
				},
				"right_leg_back": {
					"rotation": {
						"0.0": {
							"pre": [-25, 0, 0],
							"post": [-25, 0, 0],
							"lerp_mode": "catmullrom"
						},
						"0.12": {
							"pre": [-5, 0, 0],
							"post": [-5, 0, 0],
							"lerp_mode": "catmullrom"
						},
						"0.24": {
							"pre": [20, 0, 0],
							"post": [20, 0, 0],
							"lerp_mode": "catmullrom"
						},
						"0.36": {
							"pre": [5, 0, 0],
							"post": [5, 0, 0],
							"lerp_mode": "catmullrom"
						},
						"0.48": {
							"pre": [-35, 0, 0],
							"post": [-35, 0, 0],
							"lerp_mode": "catmullrom"
						},
						"0.6": {
							"pre": [-40, 0, 0],
							"post": [-40, 0, 0],
							"lerp_mode": "catmullrom"
						},
						"0.72": {
							"pre": [-30, 0, 0],
							"post": [-30, 0, 0],
							"lerp_mode": "catmullrom"
						},
						"0.84": [-25, 0, 0]
					},
					"position": {
						"0.0": {
							"pre": [0, -0.5, -0.5],
							"post": [0, -0.5, -0.5],
							"lerp_mode": "catmullrom"
						},
						"0.12": {
							"pre": [0, 0.5, 0],
							"post": [0, 0.5, 0],
							"lerp_mode": "catmullrom"
						},
						"0.24": {
							"pre": [0, 0, 0.5],
							"post": [0, 0, 0.5],
							"lerp_mode": "catmullrom"
						},
						"0.36": {
							"pre": [0, 0.25, 0.25],
							"post": [0, 0.25, 0.25],
							"lerp_mode": "catmullrom"
						},
						"0.48": {
							"pre": [0, 0.5, 0],
							"post": [0, 0.5, 0],
							"lerp_mode": "catmullrom"
						},
						"0.6": {
							"pre": [0, 0.5, -0.5],
							"post": [0, 0.5, -0.5],
							"lerp_mode": "catmullrom"
						},
						"0.84": [0, -0.5, -0.5]
					}
				},
				"right_leg_back2": {
					"rotation": {
						"0.0": {
							"pre": [25, 0, 0],
							"post": [25, 0, 0],
							"lerp_mode": "catmullrom"
						},
						"0.12": {
							"pre": [15, 0, 0],
							"post": [15, 0, 0],
							"lerp_mode": "catmullrom"
						},
						"0.24": {
							"pre": [0, 0, 0],
							"post": [0, 0, 0],
							"lerp_mode": "catmullrom"
						},
						"0.36": {
							"pre": [50, 0, 0],
							"post": [50, 0, 0],
							"lerp_mode": "catmullrom"
						},
						"0.48": {
							"pre": [65, 0, 0],
							"post": [65, 0, 0],
							"lerp_mode": "catmullrom"
						},
						"0.6": {
							"pre": [5, 0, 0],
							"post": [5, 0, 0],
							"lerp_mode": "catmullrom"
						},
						"0.72": {
							"pre": [5, 0, 0],
							"post": [5, 0, 0],
							"lerp_mode": "catmullrom"
						},
						"0.84": [25, 0, 0]
					}
				},
				"right_leg_back3": {
					"rotation": {
						"0.0": {
							"pre": [5, 0, 0],
							"post": [5, 0, 0],
							"lerp_mode": "catmullrom"
						},
						"0.12": {
							"pre": [-5, 0, 0],
							"post": [-5, 0, 0],
							"lerp_mode": "catmullrom"
						},
						"0.24": {
							"pre": [-15, 0, 0],
							"post": [-15, 0, 0],
							"lerp_mode": "catmullrom"
						},
						"0.36": {
							"pre": [30, 0, 0],
							"post": [30, 0, 0],
							"lerp_mode": "catmullrom"
						},
						"0.48": {
							"pre": [70, 0, 0],
							"post": [70, 0, 0],
							"lerp_mode": "catmullrom"
						},
						"0.6": {
							"pre": [-25, 0, 0],
							"post": [-25, 0, 0],
							"lerp_mode": "catmullrom"
						},
						"0.72": {
							"pre": [35, 0, 0],
							"post": [35, 0, 0],
							"lerp_mode": "catmullrom"
						},
						"0.84": [5, 0, 0]
					}
				}
			}
		}
	}
}