{
	"format_version": "1.8.0",
	"animations": {
		"animation.skeleton_wolf.angry": {
			"loop": true,
			"bones": {
				"leg0": {
					"rotation": ["math.cos(query.modified_distance_moved * 38.17) * 80.22 * query.modified_move_speed - this", 0, 0]
				},
				"leg1": {
					"rotation": ["math.cos(query.modified_distance_moved * 38.17 + 180) * 80.22 * query.modified_move_speed - this", 0, 0]
				},
				"leg2": {
					"rotation": ["math.cos(query.modified_distance_moved * 38.17 + 180) * 80.22 * query.modified_move_speed - this", 0, 0]
				},
				"leg3": {
					"rotation": ["math.cos(query.modified_distance_moved * 38.17) * 80.22 * query.modified_move_speed - this", 0, 0]
				},
				"tail": {
					"rotation": [65, "this", "this"],
					"position": [0, 0, 1]
				}
			}
		},
		"animation.skeleton_wolf.setup": {
			"loop": true,
			"bones": {
				"tail": {
					"rotation": [5, 0, 0]
				}
			}
		},
		"animation.skeleton_wolf.sitting": {
			"loop": true,
			"bones": {
				"body": {
					"rotation": [-25, 0, 0]
				},
				"leg0": {
					"rotation": ["-90- this", 0, 0],
					"position": [0, -7, -4]
				},
				"leg1": {
					"rotation": ["-90- this", 0, 0],
					"position": [0, -7, -4]
				},
				"leg2": {
					"rotation": ["-27- this", 0, 0],
					"position": [0, -1, 0]
				},
				"leg3": {
					"rotation": ["-27- this", 0, 0],
					"position": [0, -1, 0]
				},
				"tail": {
					"rotation": [57.5, "math.cos(query.modified_distance_moved * 38.17) * 60.22 * query.modified_move_speed - this", 0],
					"position": [0, -8.25, -1]
				},
				"upperBody": {
					"rotation": [-18, 0, 0],
					"position": [0, -2, 0]
				}
			}
		},
		"animation.skeleton_wolf.shaking": {
			"animation_length": 2.08,
			"bones": {
				"head": {
					"rotation": {
						"0.0": {
							"pre": [0, 0, 0],
							"post": [0, 0, 0],
							"lerp_mode": "catmullrom"
						},
						"0.12": {
							"pre": [0, 0, 7.5],
							"post": [0, 0, 7.5],
							"lerp_mode": "catmullrom"
						},
						"0.28": {
							"pre": [10, 0, -15],
							"post": [10, 0, -15],
							"lerp_mode": "catmullrom"
						},
						"0.44": {
							"pre": [15, 0, 20],
							"post": [15, 0, 20],
							"lerp_mode": "catmullrom"
						},
						"0.56": {
							"pre": [15, 0, -15],
							"post": [15, 0, -15],
							"lerp_mode": "catmullrom"
						},
						"0.68": {
							"pre": [15, 0, 32.5],
							"post": [15, 0, 32.5],
							"lerp_mode": "catmullrom"
						},
						"0.8": {
							"pre": [15, 0, -37.5],
							"post": [15, 0, -37.5],
							"lerp_mode": "catmullrom"
						},
						"0.92": {
							"pre": [25, 0, 32.5],
							"post": [25, 0, 32.5],
							"lerp_mode": "catmullrom"
						},
						"1.04": {
							"pre": [25, 0, -37.5],
							"post": [25, 0, -37.5],
							"lerp_mode": "catmullrom"
						},
						"1.16": {
							"pre": [25, 0, 32.5],
							"post": [25, 0, 32.5],
							"lerp_mode": "catmullrom"
						},
						"1.28": {
							"pre": [25, 0, -37.5],
							"post": [25, 0, -37.5],
							"lerp_mode": "catmullrom"
						},
						"1.4": {
							"pre": [25, 0, 17.5],
							"post": [25, 0, 17.5],
							"lerp_mode": "catmullrom"
						},
						"1.52": {
							"pre": [25, 0, -15],
							"post": [25, 0, -15],
							"lerp_mode": "catmullrom"
						},
						"1.64": {
							"pre": [15, 0, 7.5],
							"post": [15, 0, 7.5],
							"lerp_mode": "catmullrom"
						},
						"1.8": {
							"pre": [5, 0, -10],
							"post": [5, 0, -10],
							"lerp_mode": "catmullrom"
						},
						"1.92": [0, 0, 2.5],
						"2.0": [0, 0, 0]
					}
				},
				"upperBody": {
					"rotation": {
						"0.0": {
							"pre": [0, 0, 0],
							"post": [0, 0, 0],
							"lerp_mode": "catmullrom"
						},
						"0.16": {
							"pre": [0, 0, 7.5],
							"post": [0, 0, 7.5],
							"lerp_mode": "catmullrom"
						},
						"0.32": {
							"pre": [0, 0, -15],
							"post": [0, 0, -15],
							"lerp_mode": "catmullrom"
						},
						"0.48": {
							"pre": [0, 0, 20],
							"post": [0, 0, 20],
							"lerp_mode": "catmullrom"
						},
						"0.6": {
							"pre": [0, 0, -15],
							"post": [0, 0, -15],
							"lerp_mode": "catmullrom"
						},
						"0.72": {
							"pre": [0, 0, 32.5],
							"post": [0, 0, 32.5],
							"lerp_mode": "catmullrom"
						},
						"0.84": {
							"pre": [0, 0, -37.5],
							"post": [0, 0, -37.5],
							"lerp_mode": "catmullrom"
						},
						"0.96": {
							"pre": [0, 0, 32.5],
							"post": [0, 0, 32.5],
							"lerp_mode": "catmullrom"
						},
						"1.08": {
							"pre": [0, 0, -37.5],
							"post": [0, 0, -37.5],
							"lerp_mode": "catmullrom"
						},
						"1.2": {
							"pre": [0, 0, 32.5],
							"post": [0, 0, 32.5],
							"lerp_mode": "catmullrom"
						},
						"1.32": {
							"pre": [0, 0, -37.5],
							"post": [0, 0, -37.5],
							"lerp_mode": "catmullrom"
						},
						"1.44": {
							"pre": [0, 0, 17.5],
							"post": [0, 0, 17.5],
							"lerp_mode": "catmullrom"
						},
						"1.6": {
							"pre": [0, 0, -10],
							"post": [0, 0, -10],
							"lerp_mode": "catmullrom"
						},
						"1.72": {
							"pre": [0, 0, 7.5],
							"post": [0, 0, 7.5],
							"lerp_mode": "catmullrom"
						},
						"1.88": {
							"pre": [0, 0, -5],
							"post": [0, 0, -5],
							"lerp_mode": "catmullrom"
						},
						"2.0": [0, 0, 0]
					}
				},
				"body": {
					"rotation": {
						"0.0": {
							"pre": [0, 0, 0],
							"post": [0, 0, 0],
							"lerp_mode": "catmullrom"
						},
						"0.16": {
							"pre": [0, -2.5, 0],
							"post": [0, -2.5, 0],
							"lerp_mode": "catmullrom"
						},
						"0.32": {
							"pre": [0, 5, 0],
							"post": [0, 5, 0],
							"lerp_mode": "catmullrom"
						},
						"0.48": {
							"pre": [0, -7.5, 0],
							"post": [0, -7.5, 0],
							"lerp_mode": "catmullrom"
						},
						"0.64": {
							"pre": [0, 12.5, 0],
							"post": [0, 12.5, 0],
							"lerp_mode": "catmullrom"
						},
						"0.76": {
							"pre": [0, -10, 0],
							"post": [0, -10, 0],
							"lerp_mode": "catmullrom"
						},
						"0.88": {
							"pre": [0, 12.5, 0],
							"post": [0, 12.5, 0],
							"lerp_mode": "catmullrom"
						},
						"1.04": {
							"pre": [0, -7.5, 0],
							"post": [0, -7.5, 0],
							"lerp_mode": "catmullrom"
						},
						"1.16": {
							"pre": [0, 12.5, 0],
							"post": [0, 12.5, 0],
							"lerp_mode": "catmullrom"
						},
						"1.32": {
							"pre": [0, -10, 0],
							"post": [0, -10, 0],
							"lerp_mode": "catmullrom"
						},
						"1.44": {
							"pre": [0, 12.5, 0],
							"post": [0, 12.5, 0],
							"lerp_mode": "catmullrom"
						},
						"1.6": {
							"pre": [0, -7.5, 0],
							"post": [0, -7.5, 0],
							"lerp_mode": "catmullrom"
						},
						"1.76": {
							"pre": [0, 5, 0],
							"post": [0, 5, 0],
							"lerp_mode": "catmullrom"
						},
						"1.88": {
							"pre": [0, 2.5, 0],
							"post": [0, 2.5, 0],
							"lerp_mode": "catmullrom"
						},
						"2.0": [0, 0, 0]
					},
					"position": {
						"0.0": {
							"pre": [0, 0, 0],
							"post": [0, 0, 0],
							"lerp_mode": "catmullrom"
						},
						"0.16": {
							"pre": [-0.25, 0, 0],
							"post": [-0.25, 0, 0],
							"lerp_mode": "catmullrom"
						},
						"0.32": {
							"pre": [0.5, 0, 0],
							"post": [0.5, 0, 0],
							"lerp_mode": "catmullrom"
						},
						"0.48": {
							"pre": [-0.5, 0, 0],
							"post": [-0.5, 0, 0],
							"lerp_mode": "catmullrom"
						},
						"0.64": {
							"pre": [0.75, 0, 0],
							"post": [0.75, 0, 0],
							"lerp_mode": "catmullrom"
						},
						"0.76": {
							"pre": [-0.5, 0, 0],
							"post": [-0.5, 0, 0],
							"lerp_mode": "catmullrom"
						},
						"0.88": {
							"pre": [0.75, 0, 0],
							"post": [0.75, 0, 0],
							"lerp_mode": "catmullrom"
						},
						"1.04": {
							"pre": [-0.5, 0, 0],
							"post": [-0.5, 0, 0],
							"lerp_mode": "catmullrom"
						},
						"1.16": {
							"pre": [0.75, 0, 0],
							"post": [0.75, 0, 0],
							"lerp_mode": "catmullrom"
						},
						"1.32": {
							"pre": [-0.5, 0, 0],
							"post": [-0.5, 0, 0],
							"lerp_mode": "catmullrom"
						},
						"1.44": {
							"pre": [0.75, 0, 0],
							"post": [0.75, 0, 0],
							"lerp_mode": "catmullrom"
						},
						"1.6": {
							"pre": [-1, 0, 0],
							"post": [-1, 0, 0],
							"lerp_mode": "catmullrom"
						},
						"1.76": {
							"pre": [0.5, 0, 0],
							"post": [0.5, 0, 0],
							"lerp_mode": "catmullrom"
						},
						"1.88": {
							"pre": [-0.25, 0, 0],
							"post": [-0.25, 0, 0],
							"lerp_mode": "catmullrom"
						},
						"2.0": [0, 0, 0]
					}
				},
				"leg0": {
					"rotation": {
						"0.0": [0, 0, 0],
						"0.16": [0, 0, 0],
						"0.32": [0, 0, 13.5],
						"0.44": [0, 0, 15],
						"0.56": [0, 0, 10],
						"0.68": [0, 0, 15],
						"0.8": [0, 0, 10],
						"0.92": [0, 0, 15],
						"1.04": [0, 0, 10],
						"1.16": [0, 0, 15],
						"1.28": [0, 0, 10],
						"1.4": [0, 0, 15],
						"1.52": [0, 0, 10],
						"1.6": [0, 0, 13.5],
						"1.72": [0, 0, 0],
						"1.8": [0, 0, 0],
						"1.92": [0, 0, 0]
					},
					"position": {
						"0.0": [0, 0, 0],
						"0.16": [-0.5, 0.5, 0],
						"0.32": [-0.5, -0.75, 0],
						"0.44": [-0.5, -0.5, 0],
						"0.56": [-0.5, -0.25, 0],
						"0.68": [-0.5, -0.5, 0],
						"0.8": [-0.5, -0.25, 0],
						"0.92": [-0.5, -0.5, 0],
						"1.04": [-0.5, -0.25, 0],
						"1.16": [-0.5, -0.5, 0],
						"1.28": [-0.5, -0.25, 0],
						"1.4": [-0.5, -0.5, 0],
						"1.52": [-0.5, -0.25, 0],
						"1.6": [-0.5, -0.75, 0],
						"1.72": [-0.5, 0.5, 0],
						"1.8": [0, 0, 0],
						"1.92": [0, 0, 0]
					}
				},
				"leg1": {
					"rotation": {
						"0.0": [0, 0, 0],
						"0.16": [0, 0, 0],
						"0.32": [0, 0, -13.5],
						"0.44": [0, 0, -10],
						"0.56": [0, 0, -15],
						"0.68": [0, 0, -10],
						"0.8": [0, 0, -15],
						"0.92": [0, 0, -10],
						"1.04": [0, 0, -15],
						"1.16": [0, 0, -10],
						"1.28": [0, 0, -15],
						"1.4": [0, 0, -10],
						"1.52": [0, 0, -15],
						"1.64": [0, 0, -13.5],
						"1.76": [0, 0, 0],
						"1.92": [0, 0, 0]
					},
					"position": {
						"0.0": [0, 0, 0],
						"0.16": [0.5, 0.5, 0],
						"0.32": [0.5, -0.75, 0],
						"0.44": [0.5, -0.25, 0],
						"0.56": [0.5, -0.5, 0],
						"0.68": [0.5, -0.25, 0],
						"0.8": [0.5, -0.5, 0],
						"0.92": [0.5, -0.25, 0],
						"1.04": [0.5, -0.5, 0],
						"1.16": [0.5, -0.25, 0],
						"1.28": [0.5, -0.5, 0],
						"1.4": [0.5, -0.25, 0],
						"1.52": [0.5, -0.5, 0],
						"1.64": [0.5, -0.75, 0],
						"1.76": [0.5, 0.5, 0],
						"1.92": [0, 0, 0]
					}
				},
				"leg2": {
					"rotation": {
						"0.0": [0, 0, 0],
						"0.12": [0, 0, 0],
						"0.24": [0, 0, 13.5],
						"0.36": [0, 0, 15],
						"0.48": [0, 0, 10],
						"0.6": [0, 0, 15],
						"0.72": [0, 0, 10],
						"0.84": [0, 0, 15],
						"0.96": [0, 0, 10],
						"1.08": [0, 0, 15],
						"1.2": [0, 0, 10],
						"1.32": [0, 0, 15],
						"1.44": [0, 0, 10],
						"1.56": [0, 0, 15],
						"1.68": [0, 0, 13.5],
						"1.8": [0, 0, 0],
						"1.92": [0, 0, 0]
					},
					"position": {
						"0.0": [0, 0, 0],
						"0.12": [-0.5, 0.5, 0],
						"0.24": [-0.5, -0.75, 0],
						"0.36": [-0.5, -0.5, 0],
						"0.48": [-0.5, -0.25, 0],
						"0.6": [-0.5, -0.5, 0],
						"0.72": [-0.5, -0.25, 0],
						"0.84": [-0.5, -0.5, 0],
						"0.96": [-0.5, -0.25, 0],
						"1.08": [-0.5, -0.5, 0],
						"1.2": [-0.5, -0.25, 0],
						"1.32": [-0.5, -0.5, 0],
						"1.44": [-0.5, -0.25, 0],
						"1.56": [-0.5, -0.5, 0],
						"1.68": [-0.5, -0.75, 0],
						"1.8": [-0.5, 0.5, 0],
						"1.92": [0, 0, 0]
					}
				},
				"leg3": {
					"rotation": {
						"0.0": [0, 0, 0],
						"0.04": [0, 0, 0],
						"0.16": [0, 0, 0],
						"0.28": [0, 0, -13.5],
						"0.4": [0, 0, -15],
						"0.52": [0, 0, -20],
						"0.64": [0, 0, -15],
						"0.76": [0, 0, -20],
						"0.88": [0, 0, -15],
						"1.0": [0, 0, -20],
						"1.12": [0, 0, -15],
						"1.24": [0, 0, -20],
						"1.36": [0, 0, -15],
						"1.48": [0, 0, -20],
						"1.6": [0, 0, -15],
						"1.72": [0, 0, -13.5],
						"1.84": [0, 0, 0],
						"1.92": [0, 0, 0]
					},
					"position": {
						"0.0": [0, 0, 0],
						"0.04": [0, 0, 0],
						"0.16": [0.5, 0.5, 0],
						"0.28": [0.5, -0.75, 0],
						"0.4": [0.5, -0.5, 0],
						"0.52": [0.75, -0.75, 0],
						"0.64": [0.5, -0.5, 0],
						"0.76": [0.75, -0.75, 0],
						"0.88": [0.5, -0.5, 0],
						"1.0": [0.75, -0.75, 0],
						"1.12": [0.5, -0.5, 0],
						"1.24": [0.75, -0.75, 0],
						"1.36": [0.5, -0.5, 0],
						"1.48": [0.75, -0.75, 0],
						"1.6": [0.5, -0.5, 0],
						"1.72": [0.5, -0.75, 0],
						"1.84": [0.5, 0.5, 0],
						"1.92": [0, 0, 0]
					}
				},
				"tail": {
					"rotation": {
						"0.0": [0, 0, 0],
						"0.2": [0, 0, 7.5],
						"0.36": [0, 0, -15],
						"0.52": [20, 0, 20],
						"0.64": [20, 0, -15],
						"0.76": [30, 0, 32.5],
						"0.88": [30, 0, -37.5],
						"1.0": [30, 0, 32.5],
						"1.12": [30, 0, -37.5],
						"1.24": [30, 0, 32.5],
						"1.36": [30, 0, -37.5],
						"1.48": [20, 0, 17.5],
						"1.6": [0, 0, -15],
						"1.72": [0, 0, 7.5],
						"1.88": [0, 0, -10],
						"2.0": [0, 0, 0]
					}
				}
			}
		},
		"animation.skeleton_wolf.tail_default": {
			"loop": true,
			"bones": {
				"tail": {
					"rotation": ["query.tail_angle * 57.3", 0, "variable.tail_rot_z"]
				}
			}
		},
		"animation.skeleton_wolf.leg_default": {
			"loop": true,
			"bones": {
				"leg0": {
					"rotation": ["math.cos(query.modified_distance_moved * 38.17) * 80.22 * query.modified_move_speed - this", 0, 0]
				},
				"leg1": {
					"rotation": ["math.cos(query.modified_distance_moved * 38.17 + 180) * 80.22 * query.modified_move_speed - this", 0, 0]
				},
				"leg2": {
					"rotation": ["math.cos(query.modified_distance_moved * 38.17 + 180) * 80.22 * query.modified_move_speed - this", 0, 0]
				},
				"leg3": {
					"rotation": ["math.cos(query.modified_distance_moved * 38.17) * 80.22 * query.modified_move_speed - this", 0, 0]
				},
				"tail": {
					"rotation": [25, "math.cos(query.modified_distance_moved * 38.17) * 60.22 * query.modified_move_speed - this", 0]
				}
			}
		},
		"animation.skeleton_wolf.beg": {
			"loop": true,
			"bones": {
				"head": {
					"rotation": [0, 0, 30]
				},
				"tail": {
					"rotation": [17.5, 0, 0]
				}
			}
		},
		"animation.skeleton_wolf.howl": {
			"animation_length": 2.6333,
			"bones": {
				"head": {
					"rotation": {
						"0.0": [0, 0, 0],
						"0.1": [5.31276, 0.69175, -0.00547],
						"0.1333": [8.77323, 0.6203, -0.00547],
						"0.2": [5.31276, 0.69175, -0.00547],
						"0.2667": [-10.96332, 2.57245, 2.30583],
						"0.4": [-18.24905, 3.38254, 3.17512],
						"0.4667": [-21.93293, 3.30705, 3.54109],
						"1.7": [-32.91, 3.26, 3.78],
						"1.9333": [-37.34, 3.26, 3.8],
						"2.2333": [-40.51041, 3.25276, 3.80659],
						"2.3333": [-23.01041, 3.25276, 3.80659],
						"2.5": [0, 0, 0]
					},
					"position": {
						"0.0": [0, 0, 0],
						"0.1": [0, -0.20932, 0.23445],
						"0.1333": [0, -0.32828, 0.37049],
						"0.2": [0, -0.20932, 0.62521],
						"0.2667": [0, 1.7096, 0.74099],
						"0.4": [0, 2.15347, -0.25901],
						"1.8667": [0, 2.15, -0.48],
						"2.3333": [0, 2.15347, -0.50901],
						"2.5": [0, 0, 0]
					}
				},
				"upperBody": {
					"rotation": {
						"0.0667": [0, 0, 0],
						"0.1333": [1.73861, -0.17328, -0.06942],
						"0.1667": [3.25103, 0, 0],
						"0.3667": [-4.74272, -0.10455, 0.22587],
						"0.4333": [-3.17093, -0.10455, 0.22587],
						"2.2333": [-3.17093, -0.10455, 0.22587],
						"2.3333": [-3.50804, -0.08196, 0.17708],
						"2.4333": [0, -0.0368, 0.07951],
						"2.5": [1.84403, -0.01087, 0.02349],
						"2.5667": [0, 0, 0]
					},
					"position": {
						"0.1667": [0, 0, 0],
						"0.3667": [0, -0.05319, 0],
						"2.2333": [0, -0.05319, 0],
						"2.4333": [0, 0, 0]
					}
				},
				"leg0": {
					"rotation": {
						"0.2333": [0.00007, 0.00882, 0.00164],
						"0.3": [-3.79231, 0.40413, 1.63715],
						"0.3333": [-2.2737, 0.34726, 2.46191],
						"0.4": [3.92449, 0.46403, 0.83792],
						"0.5": [9.64289, -0.26505, -0.11654],
						"2.3333": [9.64289, -0.26505, -0.11654],
						"2.4333": [-1.2663, 0.72515, 0.61969],
						"2.5667": [0.00007, 0.00882, 0.00164]
					},
					"position": {
						"0.2333": [0, 0, 0],
						"0.3": [0.00946, 0.29499, 0.04345],
						"0.4": [0.03511, 0.53352, 0.16103],
						"0.5": [0.04282, -0.41129, 0.18432],
						"2.3333": [0.04282, -0.41129, 0.18432],
						"2.4": [0.03012, 0.75284, 0.09788],
						"2.5667": [0, 0, 0]
					}
				},
				"leg1": {
					"rotation": {
						"0.2": [0.00007, 0.00882, 0.00164],
						"0.2667": [-3.84486, 0.62909, -1.07744],
						"0.3667": [3.90283, 0.9046, -1.89291],
						"0.4667": [9.64289, -0.26505, -0.11654],
						"2.3": [9.64289, -0.26505, -0.11654],
						"2.4": [-1.2663, 0.72515, 0.61969],
						"2.5333": [0.00007, 0.00882, 0.00164]
					},
					"position": {
						"0.2": [0, 0, 0],
						"0.2667": [0.00946, 0.29499, 0.04345],
						"0.3667": [0.03511, 0.53352, 0.16103],
						"0.4667": [0.04282, -0.41129, 0.18432],
						"2.3": [0.04282, -0.41129, 0.18432],
						"2.3667": [0.03012, 0.75284, 0.09788],
						"2.5333": [0, 0, 0]
					}
				},
				"tail": {
					"rotation": {
						"0.0": [0, 0, 0],
						"0.2": [0, 0, 0],
						"0.4333": [66.60485, -0.10598, -1.62719],
						"0.6": [80.61451, -0.01915, 0.6728],
						"0.7": [81.97975, -0.01915, 0.6728],
						"2.4": [84.47975, -0.01915, 0.6728],
						"2.5": [15.61451, -0.01915, 0.6728],
						"2.6333": [0, 0, 0]
					},
					"position": {
						"0.0": [0, 0, 0],
						"0.2": [0, 0.25, 0],
						"0.4333": [0, -1.25, 0.75],
						"0.6": [0, -1.75, 1],
						"0.7": [0, -1.75, 1],
						"2.2667": [0, -1.75, 1],
						"2.4": [0, -1.25, 1],
						"2.5": [0, 0.25, 0],
						"2.6333": [0, 0, 0]
					}
				},
				"leg3": {
					"rotation": {
						"0.0333": [0, 0, 0],
						"0.1": [0.3223, -0.02759, -0.42032],
						"0.2667": [6.36634, 0.33317, -2.32503],
						"0.4": [-12.31536, 0.61189, -0.41389],
						"0.5": [-7.88589, 0.5832, -0.39449],
						"2.2667": [-7.88589, 0.07649, -0.05174],
						"2.5333": [0, 0, 0]
					},
					"position": {
						"0.0333": [0, 0, 0],
						"0.1": [0, -0.00139, 0],
						"0.2": [0, 0.00669, 0.13332],
						"0.2667": [0, 0, 0],
						"0.3333": [-0.00026, 0.05854, 0.00114],
						"0.5": [0.00427, -0.68243, -0.1227],
						"2.2667": [0.00427, -0.68243, -0.1227],
						"2.4": [-0.00026, 0.05854, 0.00114],
						"2.5333": [0, 0, 0]
					}
				},
				"leg2": {
					"rotation": {
						"0.0667": [0, 0, 0],
						"0.1333": [0.3223, -0.02759, -0.42032],
						"0.2333": [4.68143, 0.29311, 1.05673],
						"0.3": [6.82608, 0.49167, 3.35016],
						"0.3667": [-2.80346, 0.73811, 2.92052],
						"0.4333": [-12.30292, 0.82791, 0.57617],
						"0.5333": [-7.88589, 0.8141, 0.57617],
						"2.2": [-7.88589, 0.50861, 0.57617],
						"2.3333": [-12.30292, 0.82791, 0.57617],
						"2.4667": [0, 0, 0]
					},
					"position": {
						"0.0667": [0, 0, 0],
						"0.1333": [0, -0.00139, 0],
						"0.2333": [0, 0.00669, 0.13332],
						"0.3": [0, 0, 0],
						"0.3667": [-0.00026, 0.05854, 0.00114],
						"0.5333": [0.00427, -0.68243, -0.1227],
						"2.2": [0.00427, -0.68243, -0.1227],
						"2.4667": [0, 0, 0]
					}
				},
				"body": {
					"rotation": {
						"0.2": [0, 0, 0],
						"0.3667": [-5.64863, -0.18473, 0.42421],
						"0.4667": [-6.55382, -0.18473, 0.42421],
						"2.2667": [-6.55382, -0.18473, 0.42421],
						"2.3667": [-6.95687, -0.13371, 0.28777],
						"2.5": [-1.66456, -0.01789, 0.01154],
						"2.5333": [0.1412, -0.00306, -0.00699],
						"2.5667": [0, 0, 0]
					}
				},
				"root": {
					"position": {
						"0.0": [0, 0, 0],
						"0.2": [0, 0, 0],
						"0.3": [0, 0.3, -0.48],
						"0.4333": [0, 0, -1],
						"2.2667": [0, 0, -1],
						"2.3667": [0, 0.7, -0.57],
						"2.5": [0, 0, 0]
					}
				}
			},
			"sound_effects": {
				"0.0": {
					"effect": "howl"
				}
			}
		},
		"animation.skeleton_wolf.death": {
			"animation_length": 7.56,
			"bones": {
				"root" : {
					"position" : [ 0.0, 0.0, 0.0 ],
					"rotation" : [ "query.vertical_speed * -5.0", 0.0, "query.vertical_speed * -2.0" ]
				},
				"head": {
					"rotation": {
						"0.0": [0, 0, 0],
						"0.16": [30, 0, 0],
						"0.32": [87.5, 0, 0],
						"0.4": [123.13, 0, 0],
						"0.48": [135, 0, 0],
						"0.56": [133, 0, 0],
						"1.52": [133, 0, 0]
					},
					"position": {
						"0.0": [0, 0, 0],
						"0.12": [0, 3.25, -1.67],
						"0.2": [0, 2, -3.25],
						"0.32": [0, -3, -5],
						"0.48": [0, -7.75, -5],
						"0.56": [0, -7.5, -5]
					}
				},
				"upperBody": {
					"rotation": {
						"0.0": [0, 0, 0],
						"0.16": [-2.5, 0, 0],
						"0.28": [-7.5, 0, 0],
						"0.36": [-9.17, 0, 0],
						"0.4": [2.5, 0, 0],
						"0.52": [12.5, 0, 0],
						"0.6": [15, 0, 0],
						"0.64": [14, 0, 0]
					},
					"position": {
						"0.0": [0, 0, 0],
						"0.16": [0, 2, 0],
						"0.28": [0, 1.75, 0],
						"0.44": [0, -7.5, 0],
						"0.52": [0, -7.2, 0],
						"0.6": [0, -7.1, 0]
					}
				},
				"body": {
					"rotation": {
						"0.0": [0, 0, 0],
						"0.16": [-7.5, 0, 0],
						"0.36": [5, 0, 0],
						"0.56": [-6.5, 0, 0]
					},
					"position": {
						"0.0": [0, 0, 0],
						"0.16": [0, 0.25, 1.25],
						"0.28": [0, -1.05, 1.1],
						"0.44": [0, -1.31, 0.09],
						"0.56": [0, -1.5, -0.25]
					}
				},
				"leg0": {
					"rotation": {
						"0.0": [0, 0, 0],
						"0.12": [9, -16.5, 0],
						"0.2": [15, -27.5, 0],
						"0.32": [77.14, -27.5, 0],
						"0.4": [87.5, -27.5, 0]
					},
					"position": {
						"0.0": [0, 0, 0],
						"0.12": [0, 0.85, -1.2],
						"0.2": [0, 1.5, -2.75],
						"0.32": [0.86, -5.86, -4.57],
						"0.4": [1, -7, -5]
					}
				},
				"leg1": {
					"rotation": {
						"0.0": [0, 0, 0],
						"0.04": [-11.25, -16.25, 0],
						"0.16": [-22.5, -32.5, 0],
						"0.28": [-64.5, -54.5, 0],
						"0.36": [-75, -60, -4],
						"0.4": [-75, -60, 0]
					},
					"position": {
						"0.0": [0, 0, 0],
						"0.04": [-0.5, 0.5, 1],
						"0.16": [-1, 1, 2],
						"0.28": [-3.4, -4.2, 2],
						"0.36": [-4, -5.7, 2],
						"0.4": [-4, -5.5, 2]
					}
				},
				"leg2": {
					"rotation": {
						"0.0": [0, 0, 0],
						"0.12": [-8, 8, 0],
						"0.2": [-10, 10, 0],
						"0.4": [-76.58, 18.33, 0],
						"0.48": [-90, 20, 0],
						"0.56": [-87.5, 20, 0]
					},
					"position": {
						"0.0": [0, 0, 0],
						"0.12": [-0.2, 0.8, 0],
						"0.2": [-0.25, 1, 0],
						"0.4": [-0.25, -6.17, 0],
						"0.48": [-0.25, -7.25, 0],
						"0.56": [-0.25, -7, 0]
					}
				},
				"leg3": {
					"rotation": {
						"0.0": [0, 0, 0],
						"0.12": [-22, 0, 0],
						"0.2": [-27.5, 0, 0],
						"0.36": [-90, 0, 0],
						"0.44": [-90, 0, 0]
					},
					"position": {
						"0.0": [0, 0, 0],
						"0.12": [0, 1, 3.6],
						"0.2": [0, 0, 5],
						"0.36": [0, -7.25, 8],
						"0.4": [0, -7, 8]
					}
				},
				"tail": {
					"rotation": {
						"0.0": [0, 0, 0],
						"0.16": [55, 0, 0],
						"0.36": [92.5, 0, 0],
						"0.48": [92, 0, 0],
						"0.56": [62.5, 0, 0],
						"0.68": [63.13, 0, 0]
					},
					"position": {
						"0.0": [0, 0, 0],
						"0.16": [0, 2, 2],
						"0.36": [0, -1, 4],
						"0.56": [0, -12, 5],
						"0.68": [0, -11.65, 5.35]
					}
				}
			}
		}
	}
}