{
	"resource_pack-name": "vanilla",
	"texture_name": "atlas.items",
	"texture_data": {
		"egg_ent": {
			"textures": "textures/items/spawn/egg_ent.png"
      },
		"egg_goblin": {
			"textures": "textures/items/spawn/egg_goblin.png"
      },
		"egg_jack_o_lantern": {
			"textures": "textures/items/spawn/egg_jack_o_lantern.png"
      },
		"egg_cyclops": {
			"textures": "textures/items/spawn/egg_cyclops.png"
      },
		"egg_ettins": {
			"textures": "textures/items/spawn/egg_ettins.png"
      },
		"egg_magma_cyclops": {
			"textures": "textures/items/spawn/egg_magma_cyclops.png"
      },
		"egg_arctic_scorpion": {
			"textures": "textures/items/spawn/egg_arctic_scorpion.png"
      },
		"egg_cannibal_goblin": {
			"textures": "textures/items/spawn/egg_cannibal_goblin.png"
      },
		"halloween_essence": {
			"textures": "textures/items/halloween_essence.png"
      },
		"eye_of_cyclops": {
			"textures": "textures/items/eye_of_cyclops.png"
      },
		"goblin_tusk": {
			"textures": "textures/items/goblin_tusk.png"
      },
		"stalactite": {
			"textures": "textures/items/stalactite.png"
      },
		"destroyed_stalactite": {
			"textures": "textures/items/destroyed_stalactite.png"
      },
		"ball_of_spikes": {
			"textures": "textures/items/ball_of_spikes.png"
      },
		"spectral_lantern": {
			"textures": "textures/items/spectral_lantern.png"
      },
		"tin_ingot": {
			"textures": "textures/items/ingot/tin_ingot.png"
      },
		"magma_cyclops_horn": {
			"textures": "textures/items/magma_cyclops_horn.png"
      },
		"arctic_crystals": {
			"textures": "textures/items/arctic_crystals.png"
      },
		"wooden_bat": {
			"textures": "textures/items/weapons/wooden_bat.png"
      },
		"skewers_mace": {
			"textures": "textures/items/weapons/skewers_mace.png"
      },
		"tin_sword": {
			"textures": "textures/items/weapons/tin_sword.png"
      },
		"sword_or_lantern": {
			"textures": "textures/items/weapons/sword_or_lantern.png"
      },
		"magma_fury": {
			"textures": "textures/items/weapons/magma_fury.png"
      },
		"gelid_sword": {
			"textures": "textures/items/weapons/gelid_sword.png"
      },
		"carnival_goblin_mask_item": {
			"textures": "textures/items/armor/carnival_goblin_mask_item.png"
		}
	}
}
