{
	"format_version": "1.8.0",
	"animations": {
		"animation.ent.move": {
			"loop": true,
			"animation_length": 1.56,
			"override_previous_animation": true,
			"bones": {
				"cabeza": {
					"rotation": {
						"0.0": [10, 0, 0],
						"0.52": [10, 15, -5],
						"0.92": [-5, 0, -5],
						"1.24": [2.5, 15, -5],
						"1.56": [10, 0, 0]
					}
				},
				"brazoderecho": {
					"rotation": {
						"0.0": [20, -7.5, 0],
						"0.68": [-57.5, 15, 7.5],
						"1.52": [20, -7.5, 0]
					}
				},
				"piernaizquierda2": {
					"rotation": {
						"0.0": [32.5, 0, 0],
						"0.68": [-30, 0, 0],
						"1.52": [32.5, 0, 0]
					}
				},
				"piernaizquierda3": {
					"rotation": {
						"0.0": [-30, 0, 0],
						"0.68": [75, 0, 0],
						"1.52": [-30, 0, 0]
					}
				},
				"brazoderecho2": {
					"rotation": {
						"0.0": [-22.5, -27.5, 12.5],
						"0.68": [27.5, 0, 12.5],
						"1.52": [-22.5, -27.5, 12.5]
					}
				}
			}
		},
		"animation.ent.attack": {
			"loop": true,
			"animation_length": 1.04,
			"override_previous_animation": true,
			"bones": {
				"brazoderecho": {
					"rotation": {
						"0.0": [0, 0, 0],
						"0.44": [-102.36, -30, 25.97],
						"0.72": [-167.5, 0, 42.5],
						"0.92": [-62.81, 0, -1.56],
						"1.04": [0, 0, 0]
					}
				},
				"brazoderecho2": {
					"rotation": {
						"0.0": [0, 0, 0],
						"0.44": [-99.31, 42.5, -29.03],
						"0.72": [-162.5, 0, -47.5],
						"0.92": [-60.94, 0, -0.31],
						"1.04": [0, 0, 0]
					}
				}
			}
		},
		"animation.ent.static": {
			"loop": true,
			"animation_length": 3.88,
			"bones": {
				"cabeza": {
					"rotation": {
						"0.0": [0, 0, 0],
						"1.04": [5, 0, -7.5],
						"2.08": [-5, 0, 0],
						"2.6": [10, 0, -5],
						"3.12": [2.5, 0, 2.5],
						"3.88": [0, 0, 0]
					}
				},
				"cuerpo": {
					"scale": {
						"0.0": [1, 1, 1],
						"2.08": [1, 1, 0.8],
						"3.12": [1, 1, 1.1],
						"3.84": [1, 1, 1]
					}
				}
			}
		}
	}
}