{
  "entity_sounds": {
    "entities": {
      "minecraft_earth:skeleton_wolf": {
        "volume": 1.0,
        "pitch": [ 0.8, 1.2 ],
        "events": {
          "ambient": "mob.skeleton_wolf.bark",
          "hurt": "mob.skeleton_wolf.hurt",
          "death": "mob.skeleton_wolf.death",
          "step": {
            "sound": "mob.skeleton_wolf.step",
            "volume": 0.65,
            "pitch": 1.0
          },
          "shake": {
            "sound": "mob.skeleton_wolf.shake",
            "pitch": [ 0.8, 1.2 ]
          },
          "growl": "mob.skeleton_wolf.growl",
          "whine": "mob.skeleton_wolf.whine",
          "pant": "mob.skeleton_wolf.panting"
        }
      },
      "mutant:mutant_wolf": {
        "volume": 2.0,
        "pitch": [ 0.65, 0.9 ],
        "events": {
          "ambient": "",
          "hurt": "mob.mwolf.hurt",
          "growl": "mob.wolf.growl",
          "attack.strong": "mob.mwolf.bite",
          "death": "mob.mwolf.death",
          "step": {
            "sound": "mob.wolf.step",
            "volume": 1,
            "pitch": 1.0
          }
        }
      },
      "mutant:mutant_skeleton_wolf": {
        "volume": 2.0,
        "pitch": [ 0.65, 0.9 ],
        "events": {
          "ambient": "mob.mskeletonwolf.idle",
          "hurt": "mob.mskeletonwolf.hurt",
          "growl": "mob.skeleton_wolf.growl", 
          "attack.strong": "mob.mwolf.bite",
          "death": "mob.mskeletonwolf.death",
          "step": {
            "sound": "mob.skeleton.step",
            "volume": 1.2,
            "pitch": [ 0.75, 0.9 ]
          }
        }
      }
    }
  }
}