{
  "format_version": "1.16.0",
  "minecraft:entity": {
    "description": {
      "identifier": "pocket:cannibal_goblin",
      "is_spawnable": true,
      "is_summonable": true,
      "is_experimental": false
    },
    "component_groups": {
      "melee_attack": {
         "minecraft:behavior.melee_attack": {
          "priority": 3,
          "speed_multiplier": 1.2,
          "track_target": true
        },
        "minecraft:attack": {
          "damage": 6
        }
      },
      "follow_entity": {
		"minecraft:navigation.walk":{
			"avoid_water":false,
            "can_path_over_water": true,
            "can_pass_doors": true,
            "can_open_doors": true
		  },
          "minecraft:behavior.ranged_attack": {
            "priority": 4,
            "attack_interval_min": 1.0,
            "attack_interval_max": 1.0,
            "attack_radius": 2.0
          },
          "minecraft:movement": {
            "value": 0.3
          },
		  "minecraft:behavior.nearest_attackable_target": {
			"priority": 3,
			"within_radius": 50,
			"reselect_targets": false,
		    "entity_types": [{
              "filters": {
                "any_of": [
                  {
				    "test": "is_family",
				    "subject": "other",
				    "value": "cannibal_boss"
                  }
                ]
			  },
			  "max_dist": 50
			}
		  ],
		  "must_see": true
		}
      },
      "cannibal_captain": {
        "minecraft:type_family": {
          "family": [ "cannibal_boss", "cannibal_goblin", "monster" ]
        },
        "minecraft:movement": {
          "value": 0.28
        },
		"minecraft:is_illager_captain": {
		},
		"minecraft:spawn_entity": {
			"entities": [{
				"min_wait_time": 0,
				"max_wait_time": 0,
				"spawn_entity": "pocket:cannibal_goblin",
				"spawn_event": "new:cannibal_follower",
				"single_use": true,
				"num_to_spawn": 2,
				"should_leash": false
            }
          ]
        }
      },
      "environment_sensor2":{
        "minecraft:environment_sensor": {
          "triggers": [
            {
		      "filters": {
		        "any_of": [
		          {
		            "test": "is_family",
		            "subject": "target",
		            "operator": "==",
		            "value": "goblin"
		          },
		          {
		            "test": "is_family",
		            "subject": "target",
		            "operator": "==",
		            "value": "player"
		          }
		        ]
		      },
		      "event": "new:melee_attack"
            }
          ]
        }
      },
      "target_escape":{
		"minecraft:on_target_escape": {
			"event": "new:follow_cannibal_boss",
			"target": "self"
        }
      },
      "goblin_sensor": {
        "minecraft:entity_sensor": {
          "sensor_range": 3,
          "event": "new:target_attack",
          "event_filters": {
            "test": "is_family",
            "subject": "other",
            "operator": "==",
            "value": "goblin"
          }
        }
      },
      "cannibal_follower": {
        "minecraft:type_family": {
          "family": [ "cannibal_follower", "cannibal_goblin", "monster" ]
        },
		"minecraft:behavior.follow_target_captain": {
			"priority": 1,
			"speed_multiplier": 1.3,
			"within_radius": 64,
			"follow_distance": 5
		}
      },
      "entity_target": {
        "minecraft:behavior.nearest_attackable_target": {
          "priority": 5,
          "within_radius": 16,
          "entity_types": [
            {
              "filters": {
                "any_of": [
                  {
                    "test": "is_family",
                    "subject": "other",
                    "value": "goblin"
                  },
                  {
                    "test": "is_family",
                   "subject": "other",
                   "value": "player"
                  }
                ]
              },
              "max_dist": 16
            }
          ],
          "must_see": true
        }
      }
    },
    "components": {
      "minecraft:experience_reward": {
        "on_death": "query.last_hit_by_player ? 30 : 40"
      },
      "minecraft:breathable": {
        "total_supply": 15,
        "suffocate_time": 0
      },
      "minecraft:scale": {
		 "value": 1.2
      },
      "minecraft:nameable": {
      },
      "minecraft:type_family": {
        "family": [ "cannibal_goblin", "monster" ]
      },
      "minecraft:collision_box": {
        "width": 0.6,
        "height": 1.0
      },
      "minecraft:navigation.walk": {
        "can_path_over_water": true
      },
      "minecraft:movement.basic": {
        
      },
      "minecraft:movement": {
        "value": 0.28
      },
      "minecraft:jump.static": {
      },
      "minecraft:can_climb": {
      },
	  "minecraft:health": {
        "value": 32,
        "max": 32
      },
      "minecraft:loot": {
        "table": "loot_tables/entities/cannibal.json"
      },
      "minecraft:hurt_on_condition": {
        "damage_conditions": [
          {
            "filters": { "test": "in_lava", "subject": "self", "operator": "==", "value": true },
            "cause": "lava",
            "damage_per_tick": 4
          }
        ]
      },
      "minecraft:behavior.float": {
        "priority": 0
      },
      "minecraft:behavior.random_stroll": {
        "priority": 6,
        "speed_multiplier": 1
      },
	    "minecraft:physics": {
      },
      "minecraft:pushable": {
        "is_pushable": true,
        "is_pushable_by_piston": true
      }
    },
    "events": {
      "minecraft:entity_spawned": {
        "add": {
          "component_groups": [
            "cannibal_captain",
            "entity_target",
            "melee_attack"
          ]
        }
      },
      "new:cannibal_follower": {
        "add": {
          "component_groups": [
            "cannibal_follower",
            "follow_entity",
            "goblin_sensor"
          ]
        }
      },
      "new:melee_attack": {
        "add": {
          "component_groups": [
            "melee_attack",
            "target_escape"
          ]
        },
        "remove": {
          "component_groups": [
            "environment_sensor2"
          ]
        }
      },
      "new:target_attack": {
        "add": {
          "component_groups": [
            "entity_target",
            "environment_sensor2"
          ]
        },
        "remove": {
          "component_groups": [
            "follow_entity",
            "goblin_sensor"
          ]
        }
      },
      "new:follow_cannibal_boss": {
        "add": {
          "component_groups": [
            "follow_entity",
            "goblin_sensor"
          ]
        },
        "remove": {
          "component_groups": [
            "entity_target",
            "melee_attack",
            "target_escape"
          ]
        }
      }
    }
  }
}