{
  "format_version": "1.13.0",
  "minecraft:entity": {
    "description": {
      "identifier": "pocket:ent",
      "is_spawnable": true,
      "is_summonable": true,
      "is_experimental": false
    },

    "component_groups": {
      "minecraft:ent_default": {
        "minecraft:experience_reward": {
          "on_death": "query.last_hit_by_player ? Math.Random(1,4) : 0"
        },
        "minecraft:loot": {
          "table": "loot_tables/entities/ent.json"
        }
      },
      "minecraft:ent_neutral": {
        "minecraft:behavior.hurt_by_target": {
          "priority": 1
        }
      }
    },
    "components": {
      "minecraft:type_family": {
        "family": [ "ent", "mob" ]
      },
      "minecraft:breathable": {
        "total_supply": 15,
        "suffocate_time": 0
      },
      "minecraft:scale": {
		 "value": 1.8
      },
      "minecraft:collision_box": {
        "width": 1.4,
        "height": 6.0
      },
      "minecraft:health": {
        "value": {
          "range_min": 120,
          "range_max": 120
        }
      },
      "minecraft:hurt_on_condition": {
        "damage_conditions": [
          {
            "filters": { "test": "in_lava", "subject": "self", "operator": "==", "value": true },
            "cause": "lava",
            "damage_per_tick": 4
          }
        ]
      },
      "minecraft:movement": {
        "value": 0.24
      },
      "minecraft:navigation.walk": {
        "can_path_over_water": true,
        "avoid_water": true,
        "avoid_damage_blocks": true
      },
      "minecraft:movement.basic": {
        
      },
      "minecraft:jump.static": {
      },
      "minecraft:can_climb": {
      },
      "minecraft:attack": {
        "damage": 12
      },
      "minecraft:nameable": {
      },
      "minecraft:behavior.melee_attack": {
        "priority": 3,
        "speed_multiplier": 1.25,
        "track_target": false
      },
      "minecraft:balloonable": {
      },
      "minecraft:behavior.float": {
        "priority": 0
      },
      "minecraft:behavior.random_stroll": {
        "priority": 6,
        "speed_multiplier": 0.7
      },
      "minecraft:behavior.look_at_player": {
        "priority": 4,
        "look_distance": 8
      },
      "minecraft:behavior.random_look_around": {
        "priority": 8
      },
	    "minecraft:physics": {
      },
      "minecraft:pushable": {
        "is_pushable": true,
        "is_pushable_by_piston": true
      }
    },
    "events": {
      "minecraft:entity_spawned": {
        "add": {
          "component_groups": [
            "minecraft:ent_default",
            "minecraft:ent_neutral"
          ]
        }
      }
    }
  }
}