{
  "format_version": "1.16.0",
  "minecraft:entity": {
    "description": {
      "identifier": "pocket:goblin",
      "is_spawnable": true,
      "is_summonable": true,
      "is_experimental": false
    },

    "component_groups": {
      "goblin_wild": {
        "minecraft:tameable": {
          "probability": 0.1,
          "tame_items": "gold_ingot",
          "tame_event": {
            "event": "new:tamed_goblin",
            "target": "self"
          }
        },
        "minecraft:behavior.avoid_mob_type": {
          "priority": 6,
          "entity_types": [
            {
              "filters": {
                "test": "is_family",
                "subject": "other",
                "value": "cannibal_goblin"
              },
              "max_dist": 10,
              "walk_speed_multiplier": 1.0,
              "sprint_speed_multiplier": 1.2
            }
          ]
        }
      },
      "goblin_tamed": {
        "minecraft:is_tamed": {
        },
        "minecraft:behavior.follow_owner": {
          "priority": 6,
          "speed_multiplier": 1.0,
          "start_distance": 10,
          "stop_distance": 2
        },
        "minecraft:movement": {
          "value": 0.29
        },
        "minecraft:behavior.owner_hurt_by_target": {
          "priority": 1
        },
        "minecraft:behavior.owner_hurt_target": {
          "priority": 2
        },
        "minecraft:sittable": {
        }
      },
      "goblin_neutral": {
        "minecraft:behavior.hurt_by_target": {
          "priority": 1
        }
      }
    },
    "components": {
      "minecraft:type_family": {
        "family": [ "goblin", "mob" ]
      },
      "minecraft:breathable": {
        "total_supply": 15,
        "suffocate_time": 0
      },
      "minecraft:scale": {
		 "value": 1.1
      },
      "minecraft:loot": {
        "table": "loot_tables/entities/goblin.json"
      },
      "minecraft:collision_box": {
        "width": 0.6,
        "height": 1.0
      },
      "minecraft:health": {
        "value": 32
      },
      "minecraft:experience_reward": {
        "on_death": "query.last_hit_by_player ? Math.Random(1,4) : 0"
      },
      "minecraft:hurt_on_condition": {
        "damage_conditions": [
          {
            "filters": { "test": "in_lava", "subject": "self", "operator": "==", "value": true },
            "cause": "lava",
            "damage_per_tick": 4
          }
        ]
      },
      "minecraft:movement": {
        "value": 0.24
      },
      "minecraft:navigation.walk": {
        "can_path_over_water": true,
        "avoid_water": false,
        "avoid_damage_blocks": true
      },
      "minecraft:movement.basic": {
      },
      "minecraft:jump.static": {
      },
      "minecraft:can_climb": {
      },
      "minecraft:attack": {
        "damage": 6
      },
      "minecraft:nameable": {
      },
      "minecraft:behavior.melee_attack": {
        "priority": 3,
        "speed_multiplier": 1.25,
        "track_target": false
      },
      "minecraft:balloonable": {
      },
      "minecraft:behavior.float": {
        "priority": 0
      },
      "minecraft:behavior.random_stroll": {
        "priority": 6,
        "speed_multiplier": 0.7
      },
      "minecraft:behavior.look_at_player": {
        "priority": 4,
        "look_distance": 8
      },
      "minecraft:behavior.random_look_around": {
        "priority": 8
      },
	    "minecraft:physics": {
      },
      "minecraft:pushable": {
        "is_pushable": true,
        "is_pushable_by_piston": true
      }
    },
    "events": {
      "minecraft:entity_spawned": {
        "add": {
          "component_groups": [
            "goblin_neutral",
            "goblin_wild"
          ]
        }
      },
      "new:tamed_goblin": {
        "add": {
          "component_groups": [
            "goblin_tamed"
          ]
        },
        "remove": {
          "component_groups": [
            "goblin_wild",
            "goblin_neutral",
            "avoid_entity"
          ]
        }
      }
    }
  }
}