{
	"format_version": "1.16.0",
	"minecraft:entity": {
		"description": {
			"identifier": "minecraft:player",
			"is_spawnable": false,
			"is_summonable": true,
			"is_experimental": false,
			"scripts": {
				"animate": [
					"3D_armor", "3D_armor_function"
				]
			},
			"animations": {
				"3D_armor": "controller.animation.3d_armor",
				"3D_armor_function": "controller.animation.3d_armor_function"
			}
		},
		"component_groups": {
			"standard_player": {
				"minecraft:attack": {
					"damage": 1
				}
			},
			"have_armor": {
				"minecraft:is_chested": {}
			},
			"damage_6": {
			  "minecraft:attack": {
			    "damage": 6
			  }
			},
			"damage_8": {
			  "minecraft:attack": {
			    "damage": 8
			  }
			},
			"damage_10": {
			  "minecraft:attack": {
			    "damage": 10
			  }
			},
			"damage_18": {
			  "minecraft:attack": {
			    "damage": 18
			  }
			},
			"damage_16": {
			  "minecraft:attack": {
			    "damage": 16
			  }
			},
			"damage_12": {
			  "minecraft:attack": {
			    "damage": 12
			  }
			}
		},

		"components": {
			"minecraft:type_family": {
				"family": [
					"player"
				]
			},
			"minecraft:loot": {
				"table": "loot_tables/empty.json"
			},
			"minecraft:collision_box": {
				"width": 0.6,
				"height": 1.8
			},
			"minecraft:can_climb": {},
			"minecraft:movement": {
				"value": 0.1
			},
			"minecraft:environment_sensor": {
			  "triggers": [
				{
					"filters": {
						"all_of": [
							{
								"test": "is_family",
								"subject": "self",
								"value": "player"
								}
							]
						},
						"event": "new:reset_player"
					},
					{
					"filters": {
						"all_of": [
							{
								"test": "has_equipment",
								"subject": "self",
								"domain": "head",
								"value": "pocket:carnival_goblin_mask_item"
								}
							]
						},
						"event": "new:have_armor_event"
					},
					{
					"filters": {
						"all_of": [
							{
								"test": "has_equipment",
								"subject": "self",
								"domain": "hand",
								"value": "pocket:wooden_bat"
								}
							]
						},
						"event": "new:event_damage_6"
					},
				    {
					"filters": {
						"all_of": [
							{
								"test": "has_equipment",
								"subject": "self",
								"domain": "hand",
								"value": "pocket:tin_sword"
								}
							]
						},
						"event": "new:event_damage_10"
				    },
				    {
					"filters": {
						"all_of": [
							{
								"test": "has_equipment",
								"subject": "self",
								"domain": "hand",
								"value": "pocket:gelid_sword"
								}
							]
						},
						"event": "new:event_damage_12"
				    },
				    {
					"filters": {
						"all_of": [
							{
								"test": "has_equipment",
								"subject": "self",
								"domain": "hand",
								"value": "pocket:magma_fury"
								}
							]
						},
						"event": "new:event_damage_16"
				    },
				    {
					"filters": {
						"all_of": [
							{
								"test": "has_equipment",
								"subject": "self",
								"domain": "hand",
								"value": "pocket:skewers_mace"
								}
							]
						},
						"event": "new:event_damage_8"
				    },
				    {
					"filters": {
						"all_of": [
							{
								"test": "has_equipment",
								"subject": "self",
								"domain": "hand",
								"value": "pocket:sword_or_lantern"
								}
							]
						},
						"event": "new:event_damage_18"
				    }
				]
			},
			"minecraft:player.saturation": {
				"value": 20
			},
			"minecraft:player.exhaustion": {
				"value": 0,
				"max": 4
			},
			"minecraft:player.level": {
				"value": 0,
				"max": 24791
			},
			"minecraft:player.experience": {
				"value": 0,
				"max": 1
			},
			"minecraft:breathable": {
				"totalSupply": 15,
				"suffocateTime": -1,
				"inhaleTime": 3.75,
				"generatesBubbles": false
			},
			"minecraft:nameable": {
				"alwaysShow": true,
				"allowNameTagRenaming": false
			},
			"minecraft:physics": {},
			"minecraft:insomnia": {
				"days_until_insomnia": 3
			},
			"minecraft:rideable": {
				"seat_count": 2,
				"family_types": [
					"parrot_tame"
				],
				"pull_in_entities": true,
				"seats": [
					{
						"position": [
							0.4,
							-0.15,
							0.04
						],
						"min_rider_count": 0,
						"max_rider_count": 0,
						"lock_rider_rotation": 0
					},
					{
						"position": [
							-0.4,
							-0.15,
							0.04
						],
						"min_rider_count": 1,
						"max_rider_count": 2,
						"lock_rider_rotation": 0
					}
				]
			},
			"minecraft:scaffolding_climber": {}
		},
		"events": {
			"new:reset_player": {
				"add": {
					"component_groups": [
						"standard_player"
					]
				},
				"remove": {
					"component_groups": [ 
					 "have_armor",
					 "damage_6",
					 "damage_8",
					 "damage_10",
					 "damage_12",
					 "damage_16",
					 "damage_18"
				  ]
				}
			},
			"minecraft:entity_spawned": {
				"add": {
					"component_groups": [
				"standard_player"
					]
				}
			},
			"new:have_armor_event": {
				"add": {
					"component_groups": [ 
					"have_armor"
					]
				}
			},
			"new:event_damage_6": {
				"add": {
					"component_groups": [ 
					"damage_6"
					]
				}
			},
			"new:event_damage_8": {
				"add": {
					"component_groups": [ 
					"damage_8"
					]
				}
			},
			"new:event_damage_10": {
				"add": {
					"component_groups": [ 
					"damage_10"
					]
				}
			},
			"new:event_damage_12": {
				"add": {
					"component_groups": [ 
					"damage_12"
					]
				}
			},
			"new:event_damage_16": {
				"add": {
					"component_groups": [ 
					"damage_16"
					]
				}
			},
			"new:event_damage_18": {
				"add": {
					"component_groups": [ 
					"damage_18"
					]
				}
			}
		}
	}
}