{
	"format_version": "1.8.0",
	"animations": {
		"animation.jack_o_lantern.static": {
			"loop": true,
			"animation_length": 2.08,
			"bones": {
				"bone": {
					"position": {
						"0.0": [0, 0, 0],
						"1.04": [0, -1, 0],
						"2.08": [0, 0, 0]
					}
				},
				"bone2": {
					"position": {
						"0.0": [0, 0, 0],
						"1.04": [0, 1, 0],
						"2.08": [0, 0, 0]
					}
				},
				"bone3": {
					"position": {
						"0.0": [0, 0, 0],
						"1.04": [0, -1, 0],
						"2.08": [0, 0, 0]
					}
				},
				"bone11": {
					"position": {
						"0.0": [0, 0, 0],
						"1.04": [0, -1, 0],
						"2.08": [0, 0, 0]
					}
				},
				"bone13": {
					"position": {
						"0.0": [0, 0, 0],
						"1.04": [0, -1, 0],
						"2.08": [0, 0, 0]
					}
				},
				"bone14": {
					"position": {
						"0.0": [0, 0, 0],
						"1.04": [0, -1, 0],
						"2.08": [0, 0, 0]
					}
				},
				"bone15": {
					"position": {
						"0.0": [0, 0, 0],
						"1.04": [0, -1, 0],
						"2.08": [0, 0, 0]
					}
				},
				"bone16": {
					"position": {
						"0.0": [0, 0, 0],
						"1.04": [0, -1, 0],
						"2.08": [0, 0, 0]
					}
				}
			}
		},
		"animation.jack_o_lantern.move": {
			"loop": true,
			"animation_length": 1.04,
			"bones": {
				"bone": {
					"position": {
						"0.0": [0, 0, 0],
						"0.52": [0, 1, 0],
						"1.04": [0, 0, 0]
					}
				},
				"bone2": {
					"position": [0, 0, 0]
				},
				"bone3": {
					"position": {
						"0.0": [0, 0, 0],
						"0.52": [0, -1, 0],
						"1.04": [0, 0, 0]
					}
				},
				"bone5": {
					"rotation": {
						"0.0": [20, 0, 0],
						"0.52": [-20, 0, 0],
						"1.04": [20, 0, 0]
					},
					"position": {
						"0.0": [0, 0, 3],
						"0.52": [0, 1, -2],
						"1.04": [0, 0, 3]
					}
				},
				"bone8": {
					"rotation": {
						"0.0": [-20, 0, 0],
						"0.52": [20, 0, 0],
						"1.04": [-20, 0, 0]
					},
					"position": {
						"0.0": [0, 0, -2],
						"0.52": [0, 0, 3],
						"1.04": [0, 0, -2]
					}
				},
				"bone11": {
					"position": {
						"0.0": [0, 0, 0],
						"0.52": [0, -1, 0],
						"1.04": [0, 0, 0]
					}
				},
				"bone13": {
					"position": {
						"0.0": [0, 0, 0],
						"0.52": [0, -1, 0],
						"1.04": [0, 0, 0]
					}
				},
				"bone14": {
					"position": {
						"0.0": [0, 0, 0],
						"0.52": [0, -1, 0],
						"1.04": [0, 0, 0]
					}
				},
				"bone15": {
					"position": {
						"0.0": [0, 0, 0],
						"0.52": [0, -1, 0],
						"1.04": [0, 0, 0]
					}
				},
				"bone16": {
					"position": {
						"0.0": [0, 0, 0],
						"0.52": [0, 1, 0],
						"1.04": [0, 0, 0]
					}
				}
			}
		},
		"animation.jack_o_lantern.swim": {
			"loop": true,
			"animation_length": 1.04,
			"bones": {
				"bone": {
					"position": [0, 0, 0]
				},
				"bone2": {
					"position": [0, 0, 0]
				},
				"bone3": {
					"position": [0, 0, 0]
				},
				"bone5": {
					"rotation": {
						"0.0": [20, 0, 0],
						"0.52": [-20, 0, 0],
						"1.04": [20, 0, 0]
					},
					"position": {
						"0.0": [0, 0, 3],
						"0.52": [0, 1, -2],
						"1.04": [0, 0, 3]
					}
				},
				"bone8": {
					"rotation": {
						"0.0": [-20, 0, 0],
						"0.52": [20, 0, 0],
						"1.04": [-20, 0, 0]
					},
					"position": {
						"0.0": [0, 0, -2],
						"0.52": [0, 0, 3],
						"1.04": [0, 0, -2]
					}
				},
				"bone11": {
					"position": [0, 0, 0]
				},
				"bone13": {
					"position": [0, 0, 0]
				},
				"bone14": {
					"position": {
						"0.0": [0, 0, 0],
						"1.04": [0, 0, 0]
					}
				},
				"bone15": {
					"position": {
						"0.0": [0, 0, 0],
						"0.52": [0, -1, 0],
						"1.04": [0, 0, 0]
					}
				},
				"bone16": {
					"position": [0, 0, 0]
				}
			}
		},
		"animation.jack_o_lantern.attack": {
			"loop": true,
			"animation_length": 0.24,
			"bones": {
				"bone13": {
					"rotation": {
						"0.0": [0, 80, -30],
						"0.24": [0, 115, -30]
					},
					"position": {
						"0.0": [0, -2, 2],
						"0.24": [0, -3, 5]
					}
				},
				"bone14": {
					"rotation": {
						"0.0": [-10, -90, -7.5],
						"0.24": [0, -30, -7.5]
					},
					"position": {
						"0.0": [4, 2, -21],
						"0.24": [-6, -2, -18]
					}
				},
				"bone17": {
					"rotation": {
						"0.0": [42.5, -5, -17.5],
						"0.24": [42.5, 10, -17.5]
					},
					"position": {
						"0.0": [16, -7, -28],
						"0.24": [-2, -12, -27]
					}
				}
			}
		},
		"animation.jack_o_lantern.sleep": {
			"animation_length": 100,
			"bones": {
				"bone": {
					"rotation": {
						"0.0": [0, 0, 0],
						"0.52": [35, 0, 0]
					},
					"position": {
						"0.0": [0, 0, 0],
						"0.52": [0, 2, 9]
					}
				},
				"bone2": {
					"rotation": [0, 0, 0],
					"position": [0, 0, 0]
				},
				"bone3": {
					"position": {
						"0.0": [0, 0, 0],
						"0.52": [0, -1, 0],
						"1.0": [0, -1, 0]
					}
				},
				"bone16": {
					"position": {
						"0.0": [0, 0, 0],
						"0.52": [0, -1, -2]
					}
				},
				"bone18": {
					"rotation": {
						"0.0": [2.5, 0, 0],
						"0.52": [35, 0, 0]
					},
					"position": {
						"0.0": [0, 0, 0],
						"0.28": [0, -0.62, -2.62],
						"0.52": [0, -3, -2]
					},
					"scale": [1, 1.2, 1]
				}
			}
		}
	}
}