{
	"format_version": "1.8.0",
	"animations": {
		"animation.magma_cyclops.static": {
			"loop": true,
			"animation_length": 1.04,
			"bones": {
				"bone9": {
					"rotation": {
						"0.0": [0, 0, 0],
						"0.52": [-5, 0, 0],
						"1.04": [0, 0, 0]
					}
				},
				"bone20": {
					"rotation": {
						"0.0": [0, 0, 0],
						"0.52": [-7.5, 0, 0],
						"1.04": [0, 0, 0]
					},
					"position": [0, 0, 1]
				},
				"bone11": {
					"rotation": {
						"0.0": [0, 0, 0],
						"0.52": [-2.5, 0, 0],
						"1.04": [0, 0, 0]
					}
				},
				"bone3": {
					"rotation": {
						"0.0": [0, 0, 0],
						"0.52": [-2.5, 0, 0],
						"1.04": [0, 0, 0]
					}
				},
				"bone6": {
					"position": {
						"0.0": [0, 0, 0],
						"0.52": [0, -0.2, 0],
						"1.04": [0, 0, 0]
					}
				},
				"bone25": {
					"position": {
						"0.0": [0, 0, 0],
						"0.52": [0, -0.2, 0],
						"1.04": [0, 0, 0]
					}
				},
				"bone37": {
					"rotation": [0, 0, 0],
					"position": {
						"0.0": [0, 0, 0],
						"0.52": [0, -1, 0],
						"1.04": [0, 0, 0]
					},
					"scale": [1, 2, 1]
				},
				"bone21": {
					"rotation": {
						"0.0": [-15, 0, 0],
						"0.52": [-7.5, 0, 0],
						"1.04": [-15, 0, 0]
					},
					"position": {
						"0.0": [0, 0, 0.7],
						"0.52": [0, 0.3, 0.3],
						"1.04": [0, 0, 0.7]
					}
				}
			}
		},
		"animation.magma_cyclops.move": {
			"loop": true,
			"animation_length": 1.08,
			"bones": {
				"bone20": {
					"rotation": {
						"0.0": [0, 0, 0],
						"0.4": [-2.5, 0, 1.5],
						"0.64": [0, -2.5, -1.5],
						"1.04": [0, 0, 0]
					}
				},
				"bone21": {
					"rotation": {
						"0.0": [-15, 0, 0],
						"0.52": [-7.5, 0, 0],
						"1.04": [-15, 0, 0]
					},
					"position": {
						"0.0": [0, 0, 0.6],
						"0.52": [0, 0, 0.3],
						"1.04": [0, 0, 0.6]
					}
				},
				"bone11": {
					"rotation": {
						"0.0": [0, 0, 0],
						"0.2": [-22.5, 0, 2.5],
						"0.52": [0, 0, 0]
					}
				},
				"bone12": {
					"rotation": {
						"0.0": [0, 0, 0],
						"0.52": [0, 0, 0],
						"1.04": [0, 0, 0]
					}
				},
				"bone13": {
					"rotation": {
						"0.0": [0, 0, 0],
						"0.52": [0, 0, -10],
						"1.04": [0, 0, 0]
					}
				},
				"bone3": {
					"rotation": {
						"0.52": [0, 0, 0],
						"0.68": [-22.5, 0, 2.5],
						"0.88": [-22.5, 0, 10],
						"1.04": [0, 0, 0]
					}
				},
				"bone9": {
					"rotation": {
						"0.0": [0, 0, 0],
						"0.4": [0, 0, 1.5],
						"0.64": [0, 0, 1.5],
						"1.04": [0, 0, 0]
					}
				},
				"bone6": {
					"rotation": {
						"0.0": [0, 0, 0],
						"0.28": [-27.5, 0, 0],
						"0.6": [0, 0, 0]
					}
				},
				"bone25": {
					"rotation": {
						"0.44": [0, 0, 0],
						"0.72": [-27.5, 0, 0],
						"1.04": [0, 0, 0]
					}
				},
				"bone37": {
					"position": {
						"0.0": [0, 0, 0],
						"0.52": [0, -1, 0],
						"1.04": [0, 0, 0]
					},
					"scale": {
						"0.0": [1, 1, 1],
						"0.52": [1, 2, 1],
						"1.04": [1, 1, 1]
					}
				},
				"bone38": {
					"rotation": {
						"0.0": [0, 0, 0],
						"0.2": [20, 0, 0],
						"0.52": [0, 0, 0]
					},
					"position": {
						"0.0": [0, 0, 0],
						"0.2": [0, 1, -3],
						"0.52": [0, 0, 0]
					}
				},
				"bone39": {
					"rotation": {
						"0.52": [0, 0, 0],
						"0.76": [20, 0, 0],
						"1.08": [0, 0, 0]
					},
					"position": {
						"0.52": [0, 0, 0],
						"0.76": [0, 1, -3],
						"1.08": [0, 0, 0]
					}
				},
				"bone40": {
					"rotation": {
						"0.0": [0, 0, 0],
						"0.52": [0, 0, -15],
						"1.04": [0, 0, 0]
					},
					"position": {
						"0.0": [0, 0, 0],
						"0.52": [1, 0, 0],
						"1.04": [0, 0, 0]
					}
				}
			}
		},
		"animation.cyclope.v1.rugido": {
			"loop": true,
			"animation_length": 1.04,
			"bones": {
				"bone25": {
					"rotation": {
						"0.0": [0, 0, 0],
						"0.32": [-17.5, 2.5, 0],
						"0.88": [-17.5, 2.5, 0],
						"1.04": [0, 0, 0]
					},
					"position": {
						"0.0": [0, 0, 0],
						"0.32": [0, 0, 0],
						"0.88": [0, 0, 0],
						"1.04": [0, 0, 0]
					}
				},
				"bone2": {
					"rotation": {
						"0.0": [0, 0, 0],
						"1.04": [0, 0, 0]
					},
					"position": {
						"0.0": [0, 0, 0],
						"1.04": [0, 0, 0]
					}
				},
				"bone20": {
					"rotation": {
						"0.0": [0, 0, 0],
						"0.32": [-15, 0, -3],
						"0.72": [-15, 0, 0],
						"1.04": [0, 0, 0]
					},
					"position": {
						"0.0": [0, 0, 0],
						"0.32": [0, 0.4, 0.5],
						"0.72": [0, 0.4, 0.5],
						"1.04": [0, 0, 0]
					}
				},
				"bone37": {
					"rotation": {
						"0.0": [0, 0, 0],
						"1.04": [0, 0, 0]
					},
					"position": {
						"0.0": [0, 0, 0],
						"0.16": [0, -1, 0],
						"0.36": [0, 0, 0],
						"1.04": [0, 0, 0]
					},
					"scale": {
						"0.0": [1, 1, 1],
						"0.16": [1, 2, 1],
						"0.36": [1, 1, 1],
						"1.04": [1, 1, 1]
					}
				},
				"bone21": {
					"rotation": {
						"0.0": [-7.5, 0, 0],
						"0.32": [10, 0, 0],
						"0.68": [10, 0, 0],
						"1.04": [-7.5, 0, 0]
					},
					"position": {
						"0.0": [0, 0.5, 0.3],
						"0.32": [0, 0, -0.7],
						"0.68": [0, 0, -0.7],
						"1.04": [0, 0.5, 0.3]
					}
				},
				"bone11": {
					"rotation": {
						"0.0": [0, 0, 0],
						"0.36": [-135, 60, -12.5],
						"0.72": [-135, 60, -12.5],
						"1.04": [0, 0, 0]
					},
					"position": {
						"0.0": [0, 0, 0],
						"0.36": [0, 0, 0],
						"0.72": [0, 0, 0],
						"1.04": [0, 0, 0]
					}
				},
				"bone12": {
					"rotation": {
						"0.0": [0, 0, 0],
						"0.36": [-12.5, 0, -32.5],
						"1.04": [0, 0, 0]
					},
					"position": {
						"0.0": [0, 0, 0],
						"0.36": [-1, 0, 1.5],
						"1.04": [0, 0, 0]
					}
				},
				"bone40": {
					"rotation": {
						"0.0": [0, 0, 0],
						"0.32": [0, 7.5, -12.5],
						"0.72": [0, 7.5, -12.5],
						"1.04": [0, 0, 0]
					},
					"position": {
						"0.0": [0, 0, 0],
						"0.32": [1, 0, 0],
						"0.72": [1, 0, 0],
						"1.04": [0, 0, 0]
					}
				},
				"bone13": {
					"rotation": {
						"0.0": [0, 0, 0],
						"0.32": [0, 0, -12.5],
						"0.72": [0, 0, -12.5],
						"1.04": [0, 0, 0]
					},
					"position": {
						"0.0": [0, 0, 0],
						"0.32": [0, 0, 0],
						"0.72": [0, 0, 0],
						"1.04": [0, 0, 0]
					}
				},
				"bone14": {
					"rotation": {
						"0.0": [0, 0, 0],
						"0.32": [0, 0, 27.5],
						"0.72": [0, 0, 27.5],
						"1.04": [0, 0, 0]
					},
					"position": {
						"0.0": [0, 0, 0],
						"0.32": [0, 0, 0],
						"0.72": [0, 0, 0],
						"1.04": [0, 0, 0]
					}
				},
				"bone3": {
					"rotation": {
						"0.0": [0, 0, 0],
						"0.36": [-135, -60, 12.5],
						"0.72": [-135, -60, 12.5],
						"1.04": [0, 0, 0]
					},
					"position": {
						"0.0": [0, 0, 0],
						"0.36": [0, 0, 0],
						"0.72": [0, 0, 0],
						"1.04": [0, 0, 0]
					}
				},
				"bone4": {
					"rotation": {
						"0.0": [0, 0, 0],
						"0.36": [-2.5, -10, 32.5],
						"1.04": [0, 0, 0]
					},
					"position": {
						"0.0": [0, 0, 0],
						"0.36": [1, 0, 0.4],
						"1.04": [0, 0, 0]
					}
				},
				"bone5": {
					"rotation": {
						"0.0": [0, 0, 0],
						"0.32": [0, 0, 12.5],
						"0.72": [0, 0, 12.5],
						"1.04": [0, 0, 0]
					},
					"position": {
						"0.0": [0, 0, 0],
						"0.32": [0, 0, 0],
						"0.72": [0, 0, 0],
						"1.04": [0, 0, 0]
					}
				},
				"bone7": {
					"rotation": {
						"0.0": [0, 0, 0],
						"0.32": [0, 0, -17.5],
						"0.72": [0, 0, -17.5],
						"1.04": [0, 0, 0]
					},
					"position": {
						"0.0": [0, 0, 0],
						"0.32": [0, 0, 0],
						"0.72": [0, 0, 0],
						"1.04": [0, 0, 0]
					}
				},
				"bone9": {
					"rotation": {
						"0.0": [0, 0, 0],
						"0.32": [-7.5, 0, 0],
						"0.72": [-7.5, 0, 0],
						"1.04": [0, 0, 0]
					},
					"position": {
						"0.0": [0, 0, 0],
						"0.32": [0, 0, 0],
						"0.72": [0, 0, 0],
						"1.04": [0, 0, 0]
					}
				},
				"bone6": {
					"rotation": {
						"0.0": [0, 0, 0],
						"0.32": [2.5, -5, 0],
						"0.6": [2.5, -5, 0],
						"1.04": [0, 0, 0]
					},
					"position": {
						"0.0": [0, 0, 0],
						"0.32": [0, 0, 0],
						"0.6": [0, 0, 0],
						"1.04": [0, 0, 0]
					}
				},
				"bone39": {
					"rotation": {
						"0.0": [0, 0, 0],
						"0.32": [0, 0, 0]
					},
					"position": {
						"0.0": [0, 0, 0],
						"0.32": [0, 0, 0]
					}
				},
				"bone42": {
					"rotation": {
						"0.0": [0, 0, 0],
						"0.32": [0, -7.5, 12.5],
						"0.72": [0, -7.5, 12.5],
						"1.04": [0, 0, 0]
					},
					"position": {
						"0.0": [0, 0, 0],
						"0.32": [-1, 0, 0],
						"0.72": [-1, 0, 0],
						"1.04": [0, 0, 0]
					}
				}
			}
		},
		"animation.magma_cyclops.attack": {
			"loop": true,
			"animation_length": 1.04,
			"bones": {
				"bone25": {
					"rotation": {
						"0.0": [0, 0, 0],
						"0.32": [-17.5, 0, 0],
						"0.68": [-17.5, 0, 0],
						"1.04": [0, 0, 0]
					},
					"position": {
						"0.0": [0, 0, 0],
						"0.32": [0, -0.5, 0],
						"0.68": [0, -0.5, 0],
						"1.04": [0, 0, 0]
					}
				},
				"bone2": {
					"rotation": {
						"0.0": [0, 0, 0],
						"0.72": [15, 0, 0],
						"1.04": [0, 0, 0]
					},
					"position": {
						"0.0": [0, 0, 0],
						"0.72": [0, 0, 0],
						"1.04": [0, 0, 0]
					}
				},
				"bone20": {
					"rotation": {
						"0.0": [0, 0, 0],
						"0.32": [-15, 0, 0],
						"0.6": [10, 0, 0],
						"0.84": [10, 0, 0],
						"1.04": [0, 0, 0]
					},
					"position": {
						"0.0": [0, 0, 0],
						"0.32": [0, 0.4, 0.5],
						"0.6": [0, -2.5, -1.5],
						"0.84": [0, -2.5, -1.5],
						"1.04": [0, 0, 0]
					}
				},
				"bone37": {
					"rotation": {
						"0.0": [0, 0, 0],
						"1.04": [0, 0, 0]
					},
					"position": {
						"0.0": [0, 0, 0],
						"0.16": [0, -1, 0],
						"0.36": [0, 0, 0],
						"0.84": [0, -1, 0],
						"1.04": [0, 0, 0]
					},
					"scale": {
						"0.0": [1, 1, 1],
						"0.16": [1, 2, 1],
						"0.36": [1, 1, 1],
						"0.84": [1, 2, 1],
						"1.04": [1, 1, 1]
					}
				},
				"bone21": {
					"rotation": {
						"0.0": [-7.5, 0, 0],
						"0.32": [0, 0, 0],
						"1.04": [-7.5, 0, 0]
					},
					"position": {
						"0.0": [0, 0.5, 0.3],
						"0.32": [0, 0, 0],
						"1.04": [0, 0.5, 0.3]
					}
				},
				"bone11": {
					"rotation": {
						"0.0": [0, 0, 0],
						"0.32": [-135, 40, -12.5],
						"0.72": [-37.5, 24.44, -17.64],
						"1.04": [0, 0, 0]
					},
					"position": {
						"0.0": [0, 0, 0],
						"0.32": [0, 0, 0],
						"0.72": [0, -2, -2],
						"1.04": [0, 0, 0]
					}
				},
				"bone12": {
					"rotation": {
						"0.0": [0, 0, 0],
						"0.32": [-12.5, 0, -32.5],
						"0.72": [-12.5, 0, -32.5],
						"1.04": [0, 0, 0]
					},
					"position": {
						"0.0": [0, 0, 0],
						"0.32": [-1, 0, 1.5],
						"0.72": [-1, 0, 1.5],
						"1.04": [0, 0, 0]
					}
				},
				"bone40": {
					"rotation": {
						"0.0": [0, 0, 0],
						"0.32": [0, 7.5, -12.5],
						"0.72": [0, 7.5, -12.5],
						"1.04": [0, 0, 0]
					},
					"position": {
						"0.0": [0, 0, 0],
						"0.32": [1, 0, 0],
						"0.72": [1, 0, 0],
						"1.04": [0, 0, 0]
					}
				},
				"bone13": {
					"rotation": {
						"0.0": [0, 0, 0],
						"0.32": [0, 0, -12.5],
						"0.72": [0, 0, -12.5],
						"1.04": [0, 0, 0]
					},
					"position": {
						"0.0": [0, 0, 0],
						"0.32": [0, 0, 0],
						"0.72": [0, 0, 0],
						"1.04": [0, 0, 0]
					}
				},
				"bone14": {
					"rotation": {
						"0.0": [0, 0, 0],
						"0.32": [0, 0, 27.5],
						"0.72": [0, 0, 27.5],
						"1.04": [0, 0, 0]
					},
					"position": {
						"0.0": [0, 0, 0],
						"0.32": [0, 0, 0],
						"0.72": [0, 0, 0],
						"1.04": [0, 0, 0]
					}
				},
				"bone3": {
					"rotation": {
						"0.0": [0, 0, 0],
						"0.32": [-135, -40, 12.5],
						"0.72": [-35, -24.44, 17.64],
						"1.04": [0, 0, 0]
					},
					"position": {
						"0.0": [0, 0, 0],
						"0.32": [0, 0, 0],
						"0.72": [0, -2, -2],
						"1.04": [0, 0, 0]
					}
				},
				"bone4": {
					"rotation": {
						"0.0": [0, 0, 0],
						"0.32": [-2.5, -10, 32.5],
						"0.72": [-2.5, -10, 32.5],
						"1.04": [0, 0, 0]
					},
					"position": {
						"0.0": [0, 0, 0],
						"0.32": [1, 0, 0.4],
						"0.72": [1, 0, 0.4],
						"1.04": [0, 0, 0]
					}
				},
				"bone5": {
					"rotation": {
						"0.0": [0, 0, 0],
						"0.32": [0, 0, 12.5],
						"0.72": [0, 0, 12.5],
						"1.04": [0, 0, 0]
					},
					"position": {
						"0.0": [0, 0, 0],
						"0.32": [0, 0, 0],
						"0.72": [0, 0, 0],
						"1.04": [0, 0, 0]
					}
				},
				"bone7": {
					"rotation": {
						"0.0": [0, 0, 0],
						"0.32": [0, 0, -17.5],
						"0.72": [0, 0, -17.5],
						"1.04": [0, 0, 0]
					},
					"position": {
						"0.0": [0, 0, 0],
						"0.32": [0, 0, 0],
						"0.72": [0, 0, 0],
						"1.04": [0, 0, 0]
					}
				},
				"bone9": {
					"rotation": {
						"0.0": [0, 0, 0],
						"0.32": [-7.5, 0, 0],
						"0.6": [15, 0, 0],
						"0.84": [15, 0, 0],
						"1.04": [0, 0, 0]
					},
					"position": {
						"0.0": [0, 0, 0],
						"0.32": [0, 0, 0],
						"0.6": [0, 0, 0],
						"0.84": [0, 0, 0],
						"1.04": [0, 0, 0]
					}
				},
				"bone6": {
					"rotation": {
						"0.0": [0, 0, 0],
						"0.32": [2.5, 0, 0],
						"0.68": [2.5, 0, 0],
						"1.04": [0, 0, 0]
					},
					"position": {
						"0.0": [0, 0, 0],
						"0.32": [0, 0, 0],
						"0.68": [0, 0, 0],
						"1.04": [0, 0, 0]
					}
				},
				"bone39": {
					"rotation": {
						"0.0": [0, 0, 0],
						"0.32": [0, 0, 0]
					},
					"position": {
						"0.0": [0, 0, 0],
						"0.32": [0, 0, 0]
					}
				},
				"bone42": {
					"rotation": {
						"0.0": [0, 0, 0],
						"0.32": [0, -7.5, 12.5],
						"0.72": [0, -7.5, 12.5],
						"1.04": [0, 0, 0]
					},
					"position": {
						"0.0": [0, 0, 0],
						"0.32": [-1, 0, 0],
						"0.72": [-1, 0, 0],
						"1.04": [0, 0, 0]
					}
				}
			}
		},
		"animation.cyclope.v1.ataque2": {
			"animation_length": 1.04,
			"bones": {
				"bone25": {
					"rotation": {
						"0.0": [0, 0, 0],
						"0.32": [-17.5, 0, 0],
						"0.68": [-17.5, 0, 0],
						"1.04": [0, 0, 0]
					},
					"position": {
						"0.0": [0, 0, 0],
						"0.32": [0, -0.5, 0],
						"0.68": [0, -0.5, 0],
						"1.04": [0, 0, 0]
					}
				},
				"bone2": {
					"rotation": {
						"0.0": [0, 0, 0],
						"0.6": [0, -7.5, 0],
						"0.8": [0, 7.27, 0],
						"1.04": [0, 0, 0]
					},
					"position": {
						"0.0": [0, 0, 0],
						"1.04": [0, 0, 0]
					}
				},
				"bone20": {
					"rotation": {
						"0.0": [0, 0, 0],
						"0.32": [-15, 0, 0],
						"1.04": [0, 0, 0]
					},
					"position": {
						"0.0": [0, 0, 0],
						"0.32": [0, 0.4, 0.5],
						"1.04": [0, 0, 0]
					}
				},
				"bone37": {
					"rotation": {
						"0.0": [0, 0, 0],
						"1.04": [0, 0, 0]
					},
					"position": {
						"0.0": [0, 0, 0],
						"0.16": [0, -1, 0],
						"0.36": [0, 0, 0],
						"0.84": [0, -1, 0],
						"1.04": [0, 0, 0]
					},
					"scale": {
						"0.0": [1, 1, 1],
						"0.16": [1, 2, 1],
						"0.36": [1, 1, 1],
						"0.84": [1, 2, 1],
						"1.04": [1, 1, 1]
					}
				},
				"bone21": {
					"rotation": {
						"0.0": [-7.5, 0, 0],
						"0.32": [0, 0, 0],
						"1.04": [-7.5, 0, 0]
					},
					"position": {
						"0.0": [0, 0.5, 0.3],
						"0.32": [0, 0, 0],
						"1.04": [0, 0.5, 0.3]
					}
				},
				"bone11": {
					"rotation": {
						"0.0": [0, 0, 0],
						"0.32": [-22.5, 0, 0],
						"1.04": [0, 0, 0]
					},
					"position": {
						"0.0": [0, 0, 0],
						"1.04": [0, 0, 0]
					}
				},
				"bone12": {
					"rotation": {
						"0.0": [0, 0, 0],
						"0.32": [-12.5, 0, -32.5],
						"0.72": [-12.5, 0, -32.5],
						"1.04": [0, 0, 0]
					},
					"position": {
						"0.0": [0, 0, 0],
						"0.32": [-1, 0, 1.5],
						"0.72": [-1, 0, 1.5],
						"1.04": [0, 0, 0]
					}
				},
				"bone40": {
					"rotation": {
						"0.0": [0, 0, 0],
						"0.32": [0, 7.5, -12.5],
						"0.72": [0, 7.5, -12.5],
						"1.04": [0, 0, 0]
					},
					"position": {
						"0.0": [0, 0, 0],
						"0.32": [1, 0, 0],
						"0.72": [1, 0, 0],
						"1.04": [0, 0, 0]
					}
				},
				"bone13": {
					"rotation": {
						"0.0": [0, 0, 0],
						"0.32": [0, 0, -12.5],
						"0.72": [0, 0, -12.5],
						"1.04": [0, 0, 0]
					},
					"position": {
						"0.0": [0, 0, 0],
						"0.32": [0, 0, 0],
						"0.72": [0, 0, 0],
						"1.04": [0, 0, 0]
					}
				},
				"bone14": {
					"rotation": {
						"0.0": [0, 0, 0],
						"0.32": [0, 0, 27.5],
						"0.72": [0, 0, 27.5],
						"1.04": [0, 0, 0]
					},
					"position": {
						"0.0": [0, 0, 0],
						"0.32": [0, 0, 0],
						"0.72": [0, 0, 0],
						"1.04": [0, 0, 0]
					}
				},
				"bone3": {
					"rotation": {
						"0.0": [0, 0, 0],
						"0.32": [-55, 0, 0],
						"0.6": [-55, 0, -32.5],
						"0.8": [-55, 0, 2.5],
						"1.04": [0, 0, 0]
					},
					"position": {
						"0.0": [0, 0, 0],
						"1.04": [0, 0, 0]
					}
				},
				"bone4": {
					"rotation": {
						"0.0": [0, 0, 0],
						"0.32": [-2.5, -10, 32.5],
						"0.6": [-2.5, -10, 32.5],
						"0.8": [-2.5, -10, 32.5],
						"1.04": [0, 0, 0]
					},
					"position": {
						"0.0": [0, 0, 0],
						"0.32": [1, 0, 0.4],
						"0.6": [1, 0, 0.4],
						"0.8": [1, 0, 0.4],
						"1.04": [0, 0, 0]
					}
				},
				"bone5": {
					"rotation": {
						"0.0": [0, 0, 0],
						"0.32": [0, 0, 12.5],
						"0.72": [0, 0, 12.5],
						"1.04": [0, 0, 0]
					},
					"position": {
						"0.0": [0, 0, 0],
						"0.32": [0, 0, 0],
						"0.72": [0, 0, 0],
						"1.04": [0, 0, 0]
					}
				},
				"bone7": {
					"rotation": {
						"0.0": [0, 0, 0],
						"0.32": [0, 0, -17.5],
						"0.72": [0, 0, -17.5],
						"1.04": [0, 0, 0]
					},
					"position": {
						"0.0": [0, 0, 0],
						"0.32": [0, 0, 0],
						"0.72": [0, 0, 0],
						"1.04": [0, 0, 0]
					}
				},
				"bone9": {
					"rotation": {
						"0.0": [0, 0, 0],
						"0.32": [-7.5, 0, 0],
						"1.04": [0, 0, 0]
					},
					"position": {
						"0.0": [0, 0, 0],
						"0.32": [0, 0, 0],
						"1.04": [0, 0, 0]
					}
				},
				"bone6": {
					"rotation": {
						"0.0": [0, 0, 0],
						"0.32": [2.5, 0, 0],
						"0.68": [2.5, 0, 0],
						"1.04": [0, 0, 0]
					},
					"position": {
						"0.0": [0, 0, 0],
						"0.32": [0, 0, 0],
						"0.68": [0, 0, 0],
						"1.04": [0, 0, 0]
					}
				},
				"bone39": {
					"rotation": {
						"0.0": [0, 0, 0],
						"0.32": [0, 0, 0]
					},
					"position": {
						"0.0": [0, 0, 0],
						"0.32": [0, 0, 0]
					}
				},
				"bone42": {
					"rotation": {
						"0.0": [0, 0, 0],
						"0.32": [0, -7.5, 12.5],
						"0.72": [0, -7.5, 12.5],
						"1.04": [0, 0, 0]
					},
					"position": {
						"0.0": [0, 0, 0],
						"0.32": [-1, 0, 0],
						"0.72": [-1, 0, 0],
						"1.04": [0, 0, 0]
					}
				}
			}
		}
	}
}