{
  "format_version": "1.12.0",
  "minecraft:entity": {
    "description": {
      "identifier": "mutant:mutant_skeleton_wolf",
      "runtime_identifier": "minecraft:wolf",
      "is_spawnable": true,
      "is_summonable": true,
      "is_experimental": false
    },
   
     "component_groups": {
  
      "normal": {
        "minecraft:mark_variant": {
     "value": 0
   }
  },
  
  
      "pinkie": {
        "minecraft:mark_variant": {
     "value": 1
   }
  },
      "minecraft:hostile": {
        "minecraft:movement": {
          "value": 0.3
        },
        "minecraft:behavior.delayed_attack": {
          "priority": 4,
          "reach_multiplier": 2.1,
          "speed_multiplier": 1.31,
          "attack_duration": 0.25,
          "hit_delay_pct": 0.2,
          "track_target": true,
          "sound_event": "attack.strong"
        },

        "minecraft:behavior.look_at_player": {
          "priority": 7,
          "look_distance": 6,
          "angle_of_view_horizontal": 45,
          "probability": 0.01
        },
        "minecraft:behavior.look_at_entity": {
          "priority": 10,
          "look_distance": 8,
          "angle_of_view_horizontal": 45,
          "filters": {
            "test": "is_family",
            "subject": "other",
            "value": "mob"
          }
        },
        "minecraft:behavior.hurt_by_target": {
          "priority": 2
        },

        "minecraft:behavior.mount_pathing": {
          "priority": 5,
          "speed_multiplier": 1.0,
          "target_dist": 0.0,
          "track_target": true
        }
      },
     
      "minecraft:wolf_baby": {
        "minecraft:is_baby": {
        },
        "minecraft:scale": {
          "value": 0.5
        },
       
        "minecraft:ageable": {
          "duration": 1200,
          "feedItems": [
            "chicken",
            "cooked_chicken",
            "beef",
            "cooked_beef",
            "muttonRaw",
            "muttonCooked",
            "porkchop",
            "cooked_porkchop",
            "rabbit",
            "cooked_rabbit",
            "rotten_flesh"
          ],
          "grow_up": {
            "event": "minecraft:ageable_grow_up",
            "target": "self"
          }
        }
      },
      "minecraft:wolf_baby_tamed": {
        "minecraft:is_baby": {
        },
        "minecraft:scale": {
          "value": 0.5
        },

        "minecraft:ageable": {
          "duration": 1200,
          "feedItems": [
            "chicken",
            "cooked_chicken",
            "beef",
            "cooked_beef",
            "muttonRaw",
            "muttonCooked",
            "porkchop",
            "cooked_porkchop",
            "rabbit",
            "cooked_rabbit",
            "rotten_flesh"
          ],
          "grow_up": {
            "event": "minecraft:ageable_grow_up_tamed",
            "target": "self"
          }
        }
      },
      "minecraft:wolf_adult": {
   

      },
      "rainbow": {
        "minecraft:is_illager_captain":{}
      },
      "minecraft:wolf_angry": {
        "minecraft:angry": {
          "duration": 25,
          "broadcastAnger": false,
          "filters": {
            "all_of": [
              {
                "test": "is_family",
                "subject": "other",
                "operator": "!=",
                "value": "skeleton"
              },
              {
                "test": "has_component",
                "subject": "self",
                "operator": "!=",
                "value": "minecraft:attack_cooldown"
              }      
            ]    
         },
          "broadcastRange": 20,
          "calm_event": {
            "event": "minecraft:on_calm",
            "target": "self"
          }
        },
        "minecraft:on_target_acquired": {
        }
      },
      
      "tameable": {


        "minecraft:tameable": {
          "probability": 0.33,
          "tameItems": "bone",
          "tame_event": {
            "event": "minecraft:on_tame",
            "target": "self"
          }
        }
      },
      "baby_tameable": {

    
          

        "minecraft:tameable": {
          "probability": 0.63,
          "tameItems": "bone",
          "tame_event": {
            "event": "minecraft:on_baby_tame",
            "target": "self"
          }
        }
      },
      "minecraft:wolf_wild": {

        "minecraft:type_family": {
          "family": [ "mskeletonwolf","skeletonwolf", "mskeleton", "mutantundead","monster" ]
        },
          

     
             "minecraft:variant": {
          "value": 0
        },
        "minecraft:behavior.nearest_attackable_target": {
          "priority": 4,
          "attack_interval": 1,
          "target_search_height": 5,
          "reselect_targets": true,
          "entity_types": [
            {
              "filters": {
                "any_of": [
                  { "test" :  "is_family", "subject" : "other", "value" :  "player"},
                  { "test" :  "is_family", "subject" : "other", "value" :  "irongolem"},
                  { "test" :  "is_family", "subject" : "other", "value" :  "snowgolem"},
                  { "test" :  "is_family", "subject" : "other", "value" :  "wolf"}
                ] 
              },
              "max_dist": 19
            }
          ],
          "must_see": true
        },
        "minecraft:on_target_acquired": {
          "event": "minecraft:become_angry",
          "target": "self"
        },
        "minecraft:rideable": {
          "seat_count": 1,
          "family_types": [
            "zombie"
          ],
          "seats": {
            "position": [ 0.0, 1.58, 0.23 ]
          }
        }
      },

      "minecraft:wolf_tame": {
        "minecraft:behavior.player_ride_tamed": {
        },
        "minecraft:type_family": {
          "family": [ "mskeletonwolf_tamed","skeletonwolf" ]
        },
        "minecraft:breedable": {
          "requireTame": false,
          "breedsWith": {
            "mateType": "mutant:mutant_skeleton_wolf",
            "babyType": "mutant:mutant_skeleton_wolf",
            "breed_event": {
              "event": "minecraft:entity_born",
              "target": "baby"
            }
          },
          "breedItems": [
            "bone_block"
          ]
        },
        "minecraft:is_tamed": {
        },
        "minecraft:health": {
          "value": 130,
          "max": 130
        },
        "minecraft:color": {
          "value": 16
        },
    
        "minecraft:behavior.follow_owner": {
          "priority": 6,
          "speed_multiplier": 1.0,
          "start_distance": 10,
          "stop_distance": 2
        },
        "minecraft:attack": {
          "damage": 16
        },
        "minecraft:behavior.breed": {
          "priority": 7
        },
        "minecraft:behavior.look_at_entity": {
          "priority": 10,
          "look_distance": 8,
          "angle_of_view_horizontal": 45,
          "filters": {
            "test": "is_family",
            "subject": "other",
            "value": "mob"
          }
        },
             "minecraft:variant": {
          "value": 1
        },
        "minecraft:behavior.owner_hurt_by_target": {
          "priority": 1
        },
        "minecraft:behavior.owner_hurt_target": {
          "priority": 2
        },
       

      
        "minecraft:is_dyeable": {
          "interact_text": "action.interact.dye"
        },

        "minecraft:leashable": {
          "soft_distance": 4.0,
          "hard_distance": 6.0,
          "max_distance": 10.0,
          "on_leash": {
            "event": "minecraft:on_leash",
            "target": "self"
          },
          "on_unleash": {
            "event": "minecraft:on_unleash",
            "target": "self"
          }
        }
      },
      "rideable": {
        "minecraft:sittable": {
          "sit_event":{
        "event": "sitting",
        "target": "self"
          },
          "stand_event":{
        "event": "standing",
        "target": "self"
          }
      }
     },
     "non_rideable": {
      "minecraft:sittable": {
    }
   },
      "mwolf_sit": {
       
      },
      "mwolf_stand": {
         "minecraft:can_power_jump": {
      },
	
   "minecraft:rideable": {
     

          "seat_count": 1,
          "interact_text": "Mount",
          "seats": {
            "position": [ 0.0, 1.58, 0.23 ]
          }
        },
  "minecraft:horse.jump_strength": {
        "value": {
          "range_min": 0.9, 
          "range_max": 1.1
        }
      },	
"minecraft:input_ground_controlled": {
        },
     
   
        "minecraft:behavior.controlled_by_player": {
          "priority": 0
         }
      },

      "minecraft:wolf_leashed": {
        "minecraft:behavior.move_towards_restriction": {
          "priority": 2,
          "speed_multiplier": 1.0
        }
      }
    },


    "components": {
      "minecraft:loot": {
        "table": "loot_tables/entities/skeleton_horse.json"
      },
      "minecraft:behavior.random_stroll": {
        "priority": 8,
        "speed_multiplier": 0.8
      },
      "minecraft:nameable": {
        "default_trigger": {
          "event": "stop_pinkie",
          "target": "self"
        },
        "name_actions": [
          {
            "name_filter": "Dark Pinkie",
            "on_named": {
              "event": "start_pinkie",
              "target": "self"
            }
          }
        ]
      },
      "minecraft:break_blocks": {
        "breakable_blocks": [
          "bamboo_sapling",
          "sweet_berry_bush",
          "bamboo",
          "leaves",
          "leaves2",
          "cactus"
        ]
      },
      "minecraft:pushable": {
        "is_pushable": true,
        "is_pushable_by_piston": true
      },
      

        "minecraft:behavior.avoid_mob_type": {
        "priority": 3,
        "entity_types": [
          {
            "filters": { 
                "any_of": [
                  { "test" : "is_family", "subject" : "other", "value" : "mcreeperblowup"}
                ]
            },
            "max_dist": 36,
          "must_see": false,
            "walk_speed_multiplier": 1.75,
            "sprint_speed_multiplier": 1.75
          }
        ]
      },
      "minecraft:interact":[
        {
          "use_item": true,
          "play_sounds": "bucket.empty.water",
          "interact_text": "Give",
          "transform_to_item": "glass_bottle",
          "on_interact": {
            "filters": {
              "all_of": [{
                  "test": "has_equipment",
                  "subject": "other",
                  "domain": "hand",
                  "value": "experience_bottle"
                },
                {
                  "test": "is_family",
                  "subject": "other",
                  "value": "player"
                },
                {
                  "test": "is_owner",
                  "subject": "other",
                  "value": true
                }
              ]
            },
            "event": "kroma",
            "target": "self"
          }
        },
        {
          "use_item": true,
          "play_sounds": "bucket.fill.water",
          "interact_text": "Take",
          "transform_to_item": "experience_bottle",
          "on_interact": {
            "filters": {
              "all_of": [{
                  "test": "has_equipment",
                  "subject": "other",
                  "domain": "hand",
                  "value": "glass_bottle"
                },
                {
                  "test": "is_family",
                  "subject": "other",
                  "value": "player"
                },
                {
                  "test": "is_owner",
                  "subject": "other",
                  "value": true
                }
              ]
            },
            "event": "no_kroma",
            "target": "self"
          }
        }],
     
      "minecraft:breathable": {
        "total_supply": 15,
        "suffocate_time": -1,
        "breathes_water": true
      },
        "minecraft:experience_reward": {
          "on_death": "query.last_hit_by_player ? 34 : 26"
        },
      "minecraft:collision_box": {
        "width": 1.15,
        "height": 1.4
      },
      "minecraft:health": {
        "value": 80,
        "max": 80
      },
      "minecraft:movement": {
        "value": 0.3
      },
      "minecraft:underwater_movement": {
        "value": 0.09
      },
      "minecraft:hurt_on_condition": {
        "damage_conditions": [
          {
            "filters": { "test": "in_lava", "subject": "self", "operator": "==", "value": true },
            "cause": "lava",
            "damage_per_tick": 4
          }
        ]
      },
      "minecraft:damage_sensor": {
        "triggers": {
          "cause": "fall",
          "deals_damage": false
        }
      },
      "minecraft:knockback_resistance": {
        "value": 0.9
      },
      "minecraft:navigation.walk": {
        "can_path_over_water": true,
        "avoid_water": true,
        "avoid_damage_blocks": true
      },
      "minecraft:movement.basic": {
      },
      "minecraft:jump.static": {
      },
      "minecraft:can_climb": {
      },
      "minecraft:follow_range": {
        "value": 19,
        "max": 19
      },
      "minecraft:attack": {
        "damage": 8
      },
      "minecraft:healable": {
        "items": [
          {
            "item": "bone_meal",
            "heal_amount": 3
          },
          {
            "item": "bone",
            "heal_amount": 12
          },
          {
            "item": "bone_block",
            "heal_amount": 20
          }
        ]
      },
   
      "minecraft:behavior.mount_pathing": {
        "priority": 1,
        "speed_multiplier": 1.0,
        "target_dist": 0,
        "track_target": true
      },
      "minecraft:behavior.stay_while_sitting": {
        "priority": 3
      },
      "minecraft:behavior.leap_at_target": {
        "priority": 4,
        "target_dist": 0.4
      },

      "minecraft:behavior.stalk_and_pounce_on_target": {
        "priority": 7,
        "stalk_speed": 1.2,
        "max_stalk_dist": 12.0,
        "leap_height": 0.9,
        "leap_dist": 0.8,
        "pounce_max_dist": 5.0,
        "interest_time": 2.0,
        "stuck_time": 2.0,
        "strike_dist": 2.0,
        "stuck_blocks": {
            "test": "is_block",
            "subject": "block",
            "operator": "==",
            "value": "snow_layer"
          }
      },
     
      "minecraft:behavior.look_at_player": {
        "priority": 6,
        "target_distance": 6.0,
        "probability": 0.05
      },
      "minecraft:behavior.beg": {
        "priority": 9,
        "look_distance": 8,
        "look_time": [ 2, 4 ],
        "items": [ "bone","bone_block","bone_meal"   ]
      },

      "minecraft:behavior.hurt_by_target": {
        "priority": 3
      },
	    "minecraft:physics": {
      }
    },


    "events": {
      "minecraft:entity_transformed": {
        "sequence": [
    
          {
            "filters": {
              "test": "has_component",
              "subject": "other",
              "value": "minecraft:is_baby"
            },
            "add": {
              "component_groups": [
                "minecraft:wolf_baby",
                "minecraft:wolf_wild",
                "baby_tameable",
                "minecraft:hostile"
              ]
            }
          },
     
          {
            "filters": {
              "test": "has_component",
              "subject": "other",
              "operator": "!=",
              "value": "minecraft:is_baby"
            },
            "add": {
              "component_groups": [
                "minecraft:wolf_adult",
                "minecraft:wolf_wild",
                "tameable",
                "minecraft:hostile"
              ]
            }
          }
        ]
      },
      "minecraft:entity_spawned": {
        "randomize": [
          {
            "weight": 9,
            "remove": {
            },
            "add": {
              "component_groups": [
                "minecraft:wolf_adult",
                "minecraft:wolf_wild",
                "tameable",
                "minecraft:hostile"
              ]
            }
          },
          {
            "weight": 1,
            "remove": {
            },
            "add": {
              "component_groups": [
                "minecraft:wolf_baby",
                "minecraft:wolf_wild",
                "baby_tameable",
                "minecraft:hostile"
              ]

            }
          }
        ]
      },
      "minecraft:entity_born": {
        "remove": {
        },
        "add": {
          "component_groups": [
            "minecraft:wolf_baby_tamed",
            "minecraft:wolf_tame",
            "minecraft:hostile",
            "non_rideable"
          ]
        }
      },
     

      "sitting": {
        "remove": {
          "component_groups": [
            "mwolf_stand"
          ]
        },
        "add": {
          "component_groups": [
            "mwolf_sit"
          ]
        }
      },

      "standing": {
        "remove": {
          "component_groups": [
            "mwolf_sit"
          ]
        },
        "add": {
          "component_groups": [
            "mwolf_stand"
          ]
        }
      },
      "kroma": {
        "add": {
          "component_groups": [
            "rainbow"
          ]
        }
      },
      "no_kroma": {
        "remove": {
          "component_groups": [
            "rainbow"
          ]
        }
      },
      "minecraft:ageable_grow_up": {
        "remove": {
          "component_groups": [
            "minecraft:wolf_baby"
          ]
        },
        "add": {
          "component_groups": [
            "minecraft:wolf_adult",
            "tameable"
        
          ]
        }
      },

      "minecraft:ageable_grow_up_tamed": {
        "remove": {
          "component_groups": [
            "minecraft:wolf_baby_tamed",
            "non_rideable"
          ]
        },
        "add": {
          "component_groups": [
            "minecraft:wolf_adult",
            "mwolf_stand",
            "rideable"
          ]
        }
      },
      "minecraft:on_baby_tame": {
        "remove": {
          "component_groups": [
            "minecraft:wolf_wild",
            "minecraft:wolf_angry",
            "baby_tameable"
          ]
        },
        "add": {
          "component_groups": [
            "minecraft:wolf_baby_tamed",
            "minecraft:wolf_tame",
            "non_rideable"
          ]
        }
      }, 
  
      "minecraft:on_tame": {
        "remove": {
          "component_groups": [
            "minecraft:wolf_wild",
            "minecraft:wolf_angry",
            "tameable"
          ]
        },
        "add": {
          "component_groups": [
            "minecraft:wolf_tame",
            "rideable",
  "mwolf_stand"
          ]
        }
      },
      "minecraft:become_angry": {
        "remove": {
          "component_groups": [
            "minecraft:wolf_wild"
          ]
        },
        "add": {
          "component_groups": [
            "minecraft:wolf_angry"
          ]
        }
      },
     
      "minecraft:on_calm": {
        "remove": {
          "component_groups": [
            "minecraft:wolf_angry"
          ]
        },
        "add": {
          "component_groups": [
            "minecraft:wolf_wild"
          ]
        }
      },

      "minecraft:on_leash": {
        "add": {
          "component_groups": [
            "minecraft:wolf_leashed"
          ]
        }
      },
      "minecraft:on_unleash": {
        "remove": {
          "component_groups": [
            "minecraft:wolf_leashed"
          ]
        }
      },
      "minecraft:become_stunned": {
        "add": {
          "component_groups": [
            "stunned"
          ]
        },
        "remove": {
          "component_groups": [
            "minecraft:hostile"
          ]
        }
      },
      "start_pinkie": {
        "remove": {
          "component_groups": [
            "normal"
          ]
        },
        "add": {
          "component_groups": [
            "pinkie"
          ]
        }
      },

      "stop_pinkie": {
        "add": {
          "component_groups": [
            "normal"
          ]
        },
        "remove": {
          "component_groups": [
            "pinkie"
          ]
        }
      }
    }
  }
}
