{
  "format_version": "1.8.0",
  "minecraft:spawn_rules": {
    "description": {
      "identifier": "minecraft_earth:skeleton_wolf",
      "population_control": "monster"
    },
    "conditions": [
      {
        "minecraft:spawns_on_surface": {},
        "minecraft:spawns_underground": {},
        "minecraft:brightness_filter": {
          "min": 0,
          "max": 7,
          "adjust_for_weather": true
        },
        "minecraft:difficulty_filter": {
          "min": "easy",
          "max": "hard"
        },
        "minecraft:weight": {
          "default": 30
        },
        "minecraft:herd": {
          "min_size": 3,
          "max_size": 4
        },
        "minecraft:biome_filter": {
          "test": "has_biome_tag", "operator": "==", "value": "monster"
        }
      },
      {
    
  
        "minecraft:spawns_underground": {
        },

    
        "minecraft:difficulty_filter": {
          "min": "easy",
          "max": "hard"
        },

        "minecraft:weight": {
          "default": 60
        },

        "minecraft:herd": {
          "min_size": 4,
          "max_size": 5
        },

        "minecraft:biome_filter": {
          "any_of": [
      
                {
                  "test": "has_biome_tag",
                 "value": "nether"
                },
                {
                  "test": "has_biome_tag",
                 "value": "soulsand_valley"
                }
          ]
        }
      }
    ]
  }
}