{
  "resource_pack_name": "vanilla",
  "texture_name": "atlas.items",
  "texture_data": {
    "chemical_x_item": {
      "textures": [
        "textures/mitems/chemical_x/chemical_x_item"
        
      ]

    },
    "skeleton_wolf_egg": {
      "textures": [
  
        "textures/mitems/spawn_skeleton_wolf"
      ]
      
  
    },
    "mwolf_spawn_eggs": {
      "textures": [
  
        "textures/mitems/spawn_mwolf",
        "textures/mitems/spawn_mwolf_skeleton"
      ]
      
  
    }
  }
}