{
	"format_version": "1.12.0",
	"minecraft:geometry": [
		{
			"description": {
				"identifier": "geometry.arctic_scorpion",
				"texture_width": 1600,
				"texture_height": 1600,
				"visible_bounds_width": 4,
				"visible_bounds_height": 3,
				"visible_bounds_offset": [0, 0.5, 0]
			},
			"bones": [
				{
					"name": "bone",
					"pivot": [0, 1, 0],
					"cubes": [
						{
							"origin": [-1.8, 1.9, 11.4],
							"size": [3.5, 4.3, 3.4],
							"pivot": [-0.05, 4.05, 14.1],
							"rotation": [7.5, 0, 0],
							"uv": {
								"north": {"uv": [583.985, 1078.985], "uv_size": [196.875, 200]},
								"east": {"uv": [583.985, 1078.985], "uv_size": [196.875, 200]},
								"south": {"uv": [583.985, 1078.985], "uv_size": [196.875, 200]},
								"west": {"uv": [583.985, 1078.985], "uv_size": [196.875, 200]},
								"up": {"uv": [780.86, 1278.985], "uv_size": [-196.875, -200]},
								"down": {"uv": [780.86, 1278.985], "uv_size": [-196.875, -200]}
							}
						},
						{
							"origin": [-1.8, 2.06947, 13.90856],
							"size": [3.4, 4.3, 3.4],
							"inflate": -0.2,
							"pivot": [-0.05, 4.21947, 15.10856],
							"rotation": [20, 0, 0],
							"uv": {
								"north": {"uv": [28.985, 1328.985], "uv_size": [181.875, 240]},
								"east": {"uv": [28.985, 1328.985], "uv_size": [181.875, 240]},
								"south": {"uv": [28.985, 1328.985], "uv_size": [181.875, 240]},
								"west": {"uv": [28.985, 1328.985], "uv_size": [181.875, 240]},
								"up": {"uv": [210.86, 1568.985], "uv_size": [-181.875, -240]},
								"down": {"uv": [210.86, 1568.985], "uv_size": [-181.875, -240]}
							}
						},
						{
							"origin": [-1.8, 3.7328, 15.32858],
							"size": [3.4, 3.8, 4.2],
							"inflate": -0.3,
							"pivot": [-0.05, 5.5828, 17.57858],
							"rotation": [50, 0, 0],
							"uv": {
								"north": {"uv": [28.985, 1328.985], "uv_size": [181.875, 240]},
								"east": {"uv": [28.985, 1328.985], "uv_size": [181.875, 240]},
								"south": {"uv": [28.985, 1328.985], "uv_size": [181.875, 240]},
								"west": {"uv": [28.985, 1328.985], "uv_size": [181.875, 240]},
								"up": {"uv": [210.86, 1568.985], "uv_size": [-181.875, -240]},
								"down": {"uv": [210.86, 1568.985], "uv_size": [-181.875, -240]}
							}
						},
						{
							"origin": [-1.7, 3.10003, 17.94386],
							"size": [3.2, 3.3, 3.9],
							"inflate": -0.3,
							"pivot": [-0.05, 5.50003, 17.44386],
							"rotation": [75, 0, 0],
							"uv": {
								"north": {"uv": [28.985, 1328.985], "uv_size": [181.875, 240]},
								"east": {"uv": [28.985, 1328.985], "uv_size": [181.875, 240]},
								"south": {"uv": [28.985, 1328.985], "uv_size": [181.875, 240]},
								"west": {"uv": [28.985, 1328.985], "uv_size": [181.875, 240]},
								"up": {"uv": [210.86, 1568.985], "uv_size": [-181.875, -240]},
								"down": {"uv": [210.86, 1568.985], "uv_size": [-181.875, -240]}
							}
						},
						{
							"origin": [-1.7, 8.72244, 17.05242],
							"size": [3.2, 3.3, 3.8],
							"inflate": -0.5,
							"pivot": [-0.05, 10.37244, 19.20242],
							"rotation": [90, 0, 0],
							"uv": {
								"north": {"uv": [28.985, 1328.985], "uv_size": [181.875, 240]},
								"east": {"uv": [28.985, 1328.985], "uv_size": [181.875, 240]},
								"south": {"uv": [28.985, 1328.985], "uv_size": [181.875, 240]},
								"west": {"uv": [28.985, 1328.985], "uv_size": [181.875, 240]},
								"up": {"uv": [210.86, 1568.985], "uv_size": [-181.875, -240]},
								"down": {"uv": [210.86, 1568.985], "uv_size": [-181.875, -240]}
							}
						},
						{
							"origin": [-1.7, 11.02244, 16.85242],
							"size": [3.2, 3.4, 3.8],
							"inflate": -0.7,
							"pivot": [-0.05, 12.77244, 19.00242],
							"rotation": [95, 0, 0],
							"uv": {
								"north": {"uv": [28.985, 1328.985], "uv_size": [181.875, 240]},
								"east": {"uv": [28.985, 1328.985], "uv_size": [181.875, 240]},
								"south": {"uv": [28.985, 1328.985], "uv_size": [181.875, 240]},
								"west": {"uv": [28.985, 1328.985], "uv_size": [181.875, 240]},
								"up": {"uv": [210.86, 1568.985], "uv_size": [-181.875, -240]},
								"down": {"uv": [210.86, 1568.985], "uv_size": [-181.875, -240]}
							}
						},
						{
							"origin": [-1.6, 13.02244, 16.45242],
							"size": [3, 3.3, 3.8],
							"inflate": -0.7,
							"pivot": [-0.05, 14.77244, 18.60242],
							"rotation": [102.5, 0, 0],
							"uv": {
								"north": {"uv": [28.985, 1328.985], "uv_size": [181.875, 240]},
								"east": {"uv": [28.985, 1328.985], "uv_size": [181.875, 240]},
								"south": {"uv": [28.985, 1328.985], "uv_size": [181.875, 240]},
								"west": {"uv": [28.985, 1328.985], "uv_size": [181.875, 240]},
								"up": {"uv": [210.86, 1568.985], "uv_size": [-181.875, -240]},
								"down": {"uv": [210.86, 1568.985], "uv_size": [-181.875, -240]}
							}
						},
						{
							"origin": [-1.6, 14.22244, 15.45242],
							"size": [3, 3.3, 3.8],
							"inflate": -0.8,
							"pivot": [-0.05, 15.97244, 17.60242],
							"rotation": [142.5, 0, 0],
							"uv": {
								"north": {"uv": [28.985, 1328.985], "uv_size": [181.875, 240]},
								"east": {"uv": [28.985, 1328.985], "uv_size": [181.875, 240]},
								"south": {"uv": [28.985, 1328.985], "uv_size": [181.875, 240]},
								"west": {"uv": [28.985, 1328.985], "uv_size": [181.875, 240]},
								"up": {"uv": [210.86, 1568.985], "uv_size": [-181.875, -240]},
								"down": {"uv": [210.86, 1568.985], "uv_size": [-181.875, -240]}
							}
						},
						{
							"origin": [-1.6, 14.82244, 13.95242],
							"size": [3, 3.3, 3.8],
							"inflate": -0.9,
							"pivot": [-0.05, 16.57244, 16.10242],
							"rotation": [167.5, 0, 0],
							"uv": {
								"north": {"uv": [28.985, 1328.985], "uv_size": [181.875, 240]},
								"east": {"uv": [28.985, 1328.985], "uv_size": [181.875, 240]},
								"south": {"uv": [28.985, 1328.985], "uv_size": [181.875, 240]},
								"west": {"uv": [28.985, 1328.985], "uv_size": [181.875, 240]},
								"up": {"uv": [210.86, 1568.985], "uv_size": [-181.875, -240]},
								"down": {"uv": [210.86, 1568.985], "uv_size": [-181.875, -240]}
							}
						},
						{
							"origin": [-1.6, 14.72244, 13.65242],
							"size": [3, 3.3, 4.3],
							"inflate": -1,
							"pivot": [-0.05, 16.87244, 14.30242],
							"rotation": [-167.5, 0, 0],
							"uv": {
								"north": {"uv": [1218.985, 1438.985], "uv_size": [341.875, 130]},
								"east": {"uv": [1218.985, 1438.985], "uv_size": [341.875, 130]},
								"south": {"uv": [1218.985, 1438.985], "uv_size": [341.875, 130]},
								"west": {"uv": [1218.985, 1438.985], "uv_size": [341.875, 130]},
								"up": {"uv": [1560.86, 1568.985], "uv_size": [-341.875, -130]},
								"down": {"uv": [1560.86, 1568.985], "uv_size": [-341.875, -130]}
							}
						},
						{
							"origin": [-1, 14.98593, 12.67975],
							"size": [1.8, 2.3, 2.7],
							"inflate": -0.9,
							"pivot": [-0.05, 16.83593, 12.72975],
							"rotation": [-157.5, 0, 0],
							"uv": {
								"north": {"uv": [1218.985, 1438.985], "uv_size": [341.875, 130]},
								"east": {"uv": [1218.985, 1438.985], "uv_size": [341.875, 130]},
								"south": {"uv": [1218.985, 1438.985], "uv_size": [341.875, 130]},
								"west": {"uv": [1218.985, 1438.985], "uv_size": [341.875, 130]},
								"up": {"uv": [1560.86, 1568.985], "uv_size": [-341.875, -130]},
								"down": {"uv": [1560.86, 1568.985], "uv_size": [-341.875, -130]}
							}
						},
						{
							"origin": [-1, 15.08593, 12.67975],
							"size": [1.8, 2.3, 3.6],
							"inflate": -1,
							"pivot": [-0.05, 16.93593, 12.72975],
							"rotation": [-157.5, 0, 0],
							"uv": {
								"north": {"uv": [1218.985, 1438.985], "uv_size": [341.875, 130]},
								"east": {"uv": [1218.985, 1438.985], "uv_size": [341.875, 130]},
								"south": {"uv": [1218.985, 1438.985], "uv_size": [341.875, 130]},
								"west": {"uv": [1218.985, 1438.985], "uv_size": [341.875, 130]},
								"up": {"uv": [1560.86, 1568.985], "uv_size": [-341.875, -130]},
								"down": {"uv": [1560.86, 1568.985], "uv_size": [-341.875, -130]}
							}
						},
						{
							"origin": [-1.6, 15.12244, 12.15242],
							"size": [3, 3.2, 3.8],
							"inflate": -0.8,
							"pivot": [-0.05, 16.87244, 14.30242],
							"rotation": [170, 0, 0],
							"uv": {
								"north": {"uv": [28.985, 1328.985], "uv_size": [181.875, 240]},
								"east": {"uv": [28.985, 1328.985], "uv_size": [181.875, 240]},
								"south": {"uv": [28.985, 1328.985], "uv_size": [181.875, 240]},
								"west": {"uv": [28.985, 1328.985], "uv_size": [181.875, 240]},
								"up": {"uv": [210.86, 1568.985], "uv_size": [-181.875, -240]},
								"down": {"uv": [210.86, 1568.985], "uv_size": [-181.875, -240]}
							}
						}
					]
				},
				{
					"name": "bone2",
					"pivot": [0, 0, 0],
					"cubes": [
						{
							"origin": [-4.1, 1, -2.5],
							"size": [8.1, 5, 2.9],
							"uv": {
								"north": {"uv": [588.985, 1088.985], "uv_size": [395, 190]},
								"east": {"uv": [765.938, 803.985], "uv_size": [-156.953, 225]},
								"south": {"uv": [588.985, 1088.985], "uv_size": [395, 190]},
								"west": {"uv": [608.985, 803.985], "uv_size": [156.953, 225]},
								"up": {"uv": [1568.985, 595.938], "uv_size": [-435, -116.953]},
								"down": {"uv": [1573.985, 635.938], "uv_size": [-435, -166.953]}
							}
						},
						{
							"origin": [-4.1, 1, 0],
							"size": [8.1, 5, 12],
							"uv": {
								"north": {"uv": [588.985, 1088.985], "uv_size": [395, 190]},
								"east": {"uv": [765.94, 803.985], "uv_size": [-691.955, 225]},
								"south": {"uv": [588.985, 1088.985], "uv_size": [395, 190]},
								"west": {"uv": [73.985, 803.985], "uv_size": [691.955, 225]},
								"up": {"uv": [1573.985, 1180.94], "uv_size": [-435, -711.955]},
								"down": {"uv": [1573.985, 1180.94], "uv_size": [-435, -711.955]}
							}
						}
					]
				},
				{
					"name": "bone21",
					"parent": "bone2",
					"pivot": [0.3, 8.15, 3.6],
					"cubes": [
						{
							"origin": [-0.5, 10.7, 2.9],
							"size": [1.6, 1.4, 1.4],
							"inflate": -0.1,
							"pivot": [0.3, 8.15, 3.6],
							"rotation": [9, 0, 0],
							"uv": {
								"north": {"uv": [1063.985, 1233.985], "uv_size": [70, 320]},
								"east": {"uv": [1063.985, 1233.985], "uv_size": [70, 320]},
								"south": {"uv": [1063.985, 1233.985], "uv_size": [70, 320]},
								"west": {"uv": [1063.985, 1233.985], "uv_size": [70, 320]},
								"up": {"uv": [1133.985, 1553.985], "uv_size": [-70, -320]},
								"down": {"uv": [1133.985, 1553.985], "uv_size": [-70, -320]}
							}
						},
						{
							"origin": [-0.5, 5.3, 2.9],
							"size": [1.6, 5.7, 1.4],
							"pivot": [0.3, 8.15, 3.6],
							"rotation": [9, 0, 0],
							"uv": {
								"north": {"uv": [1063.985, 1233.985], "uv_size": [70, 320]},
								"east": {"uv": [1063.985, 1233.985], "uv_size": [70, 320]},
								"south": {"uv": [1063.985, 1233.985], "uv_size": [70, 320]},
								"west": {"uv": [1063.985, 1233.985], "uv_size": [70, 320]},
								"up": {"uv": [1133.985, 1553.985], "uv_size": [-70, -320]},
								"down": {"uv": [1133.985, 1553.985], "uv_size": [-70, -320]}
							}
						}
					]
				},
				{
					"name": "bone22",
					"parent": "bone2",
					"pivot": [0.3, 6.75, 5.7],
					"rotation": [-32.5, 0, 0],
					"cubes": [
						{
							"origin": [-0.5, 9.3, 5],
							"size": [1.6, 1.4, 1.4],
							"inflate": -0.1,
							"pivot": [0.3, 6.75, 5.7],
							"rotation": [9, 0, 0],
							"uv": {
								"north": {"uv": [1063.985, 1233.985], "uv_size": [70, 320]},
								"east": {"uv": [1063.985, 1233.985], "uv_size": [70, 320]},
								"south": {"uv": [1063.985, 1233.985], "uv_size": [70, 320]},
								"west": {"uv": [1063.985, 1233.985], "uv_size": [70, 320]},
								"up": {"uv": [1133.985, 1553.985], "uv_size": [-70, -320]},
								"down": {"uv": [1133.985, 1553.985], "uv_size": [-70, -320]}
							}
						},
						{
							"origin": [-0.5, 3.9, 5],
							"size": [1.6, 5.7, 1.4],
							"pivot": [0.3, 6.75, 5.7],
							"rotation": [9, 0, 0],
							"uv": {
								"north": {"uv": [1063.985, 1233.985], "uv_size": [70, 320]},
								"east": {"uv": [1063.985, 1233.985], "uv_size": [70, 320]},
								"south": {"uv": [1063.985, 1233.985], "uv_size": [70, 320]},
								"west": {"uv": [1063.985, 1233.985], "uv_size": [70, 320]},
								"up": {"uv": [1133.985, 1553.985], "uv_size": [-70, -320]},
								"down": {"uv": [1133.985, 1553.985], "uv_size": [-70, -320]}
							}
						}
					]
				},
				{
					"name": "bone23",
					"parent": "bone2",
					"pivot": [1.9, 8.375, 5.7],
					"rotation": [-32.5, 0, 15],
					"cubes": [
						{
							"origin": [1.5, 7.9, 5],
							"size": [1.2, 1.1, 1.4],
							"inflate": -0.1,
							"pivot": [1.9, 6.75, 5.7],
							"rotation": [9, 0, 0],
							"uv": {
								"north": {"uv": [1063.985, 1233.985], "uv_size": [70, 320]},
								"east": {"uv": [1063.985, 1233.985], "uv_size": [70, 320]},
								"south": {"uv": [1063.985, 1233.985], "uv_size": [70, 320]},
								"west": {"uv": [1063.985, 1233.985], "uv_size": [70, 320]},
								"up": {"uv": [1133.985, 1553.985], "uv_size": [-70, -320]},
								"down": {"uv": [1133.985, 1553.985], "uv_size": [-70, -320]}
							}
						},
						{
							"origin": [1.5, 3.9, 5],
							"size": [1.2, 4.2, 1.4],
							"pivot": [1.9, 6.75, 5.7],
							"rotation": [9, 0, 0],
							"uv": {
								"north": {"uv": [1063.985, 1233.985], "uv_size": [70, 320]},
								"east": {"uv": [1063.985, 1233.985], "uv_size": [70, 320]},
								"south": {"uv": [1063.985, 1233.985], "uv_size": [70, 320]},
								"west": {"uv": [1063.985, 1233.985], "uv_size": [70, 320]},
								"up": {"uv": [1133.985, 1553.985], "uv_size": [-70, -320]},
								"down": {"uv": [1133.985, 1553.985], "uv_size": [-70, -320]}
							}
						}
					]
				},
				{
					"name": "bone24",
					"parent": "bone2",
					"pivot": [-1.5, 8.375, 5.7],
					"rotation": [-32.5, 0, -15],
					"cubes": [
						{
							"origin": [-2.3, 7.9, 5],
							"size": [1.2, 1.1, 1.4],
							"inflate": -0.1,
							"pivot": [-1.5, 6.75, 5.7],
							"rotation": [9, 0, 0],
							"uv": {
								"north": {"uv": [1133.985, 1233.985], "uv_size": [-70, 320]},
								"east": {"uv": [1133.985, 1233.985], "uv_size": [-70, 320]},
								"south": {"uv": [1133.985, 1233.985], "uv_size": [-70, 320]},
								"west": {"uv": [1133.985, 1233.985], "uv_size": [-70, 320]},
								"up": {"uv": [1063.985, 1553.985], "uv_size": [70, -320]},
								"down": {"uv": [1063.985, 1553.985], "uv_size": [70, -320]}
							}
						},
						{
							"origin": [-2.3, 3.9, 5],
							"size": [1.2, 4.2, 1.4],
							"pivot": [-1.5, 6.75, 5.7],
							"rotation": [9, 0, 0],
							"uv": {
								"north": {"uv": [1133.985, 1233.985], "uv_size": [-70, 320]},
								"east": {"uv": [1133.985, 1233.985], "uv_size": [-70, 320]},
								"south": {"uv": [1133.985, 1233.985], "uv_size": [-70, 320]},
								"west": {"uv": [1133.985, 1233.985], "uv_size": [-70, 320]},
								"up": {"uv": [1063.985, 1553.985], "uv_size": [70, -320]},
								"down": {"uv": [1063.985, 1553.985], "uv_size": [70, -320]}
							}
						}
					]
				},
				{
					"name": "bone25",
					"parent": "bone2",
					"pivot": [-1.7, 7.225, 7.2],
					"rotation": [-62.5, 0, -30],
					"cubes": [
						{
							"origin": [-2.144, 6.7245, 6.682],
							"size": [0.888, 0.914, 1.036],
							"inflate": -0.1,
							"pivot": [-1.552, 6.8735, 7.2],
							"rotation": [9, 0, 0],
							"uv": {
								"north": {"uv": [1133.985, 1233.985], "uv_size": [-70, 320]},
								"east": {"uv": [1133.985, 1233.985], "uv_size": [-70, 320]},
								"south": {"uv": [1133.985, 1233.985], "uv_size": [-70, 320]},
								"west": {"uv": [1133.985, 1233.985], "uv_size": [-70, 320]},
								"up": {"uv": [1063.985, 1553.985], "uv_size": [70, -320]},
								"down": {"uv": [1063.985, 1553.985], "uv_size": [70, -320]}
							}
						},
						{
							"origin": [-2.144, 4.7645, 6.682],
							"size": [0.888, 2.208, 1.036],
							"pivot": [-1.552, 6.8735, 7.2],
							"rotation": [9, 0, 0],
							"uv": {
								"north": {"uv": [1133.985, 1233.985], "uv_size": [-70, 320]},
								"east": {"uv": [1133.985, 1233.985], "uv_size": [-70, 320]},
								"south": {"uv": [1133.985, 1233.985], "uv_size": [-70, 320]},
								"west": {"uv": [1133.985, 1233.985], "uv_size": [-70, 320]},
								"up": {"uv": [1063.985, 1553.985], "uv_size": [70, -320]},
								"down": {"uv": [1063.985, 1553.985], "uv_size": [70, -320]}
							}
						}
					]
				},
				{
					"name": "bone26",
					"parent": "bone2",
					"pivot": [2, 7.225, 7.2],
					"rotation": [-62.5, 0, 30],
					"cubes": [
						{
							"origin": [1.556, 6.7245, 6.682],
							"size": [0.888, 0.914, 1.036],
							"inflate": -0.1,
							"pivot": [1.852, 6.8735, 7.2],
							"rotation": [9, 0, 0],
							"uv": {
								"north": {"uv": [1063.985, 1233.985], "uv_size": [70, 320]},
								"east": {"uv": [1063.985, 1233.985], "uv_size": [70, 320]},
								"south": {"uv": [1063.985, 1233.985], "uv_size": [70, 320]},
								"west": {"uv": [1063.985, 1233.985], "uv_size": [70, 320]},
								"up": {"uv": [1133.985, 1553.985], "uv_size": [-70, -320]},
								"down": {"uv": [1133.985, 1553.985], "uv_size": [-70, -320]}
							}
						},
						{
							"origin": [1.556, 4.7645, 6.682],
							"size": [0.888, 2.208, 1.036],
							"pivot": [1.852, 6.8735, 7.2],
							"rotation": [9, 0, 0],
							"uv": {
								"north": {"uv": [1063.985, 1233.985], "uv_size": [70, 320]},
								"east": {"uv": [1063.985, 1233.985], "uv_size": [70, 320]},
								"south": {"uv": [1063.985, 1233.985], "uv_size": [70, 320]},
								"west": {"uv": [1063.985, 1233.985], "uv_size": [70, 320]},
								"up": {"uv": [1133.985, 1553.985], "uv_size": [-70, -320]},
								"down": {"uv": [1133.985, 1553.985], "uv_size": [-70, -320]}
							}
						}
					]
				},
				{
					"name": "bone27",
					"parent": "bone2",
					"pivot": [2, 7.225, 2.4],
					"rotation": [30, 0, 30],
					"cubes": [
						{
							"origin": [1.556, 7.4245, 1.882],
							"size": [0.888, 0.914, 1.036],
							"inflate": -0.1,
							"pivot": [1.852, 7.5735, 2.4],
							"rotation": [9, 0, 0],
							"uv": {
								"north": {"uv": [1063.985, 1233.985], "uv_size": [70, 320]},
								"east": {"uv": [1063.985, 1233.985], "uv_size": [70, 320]},
								"south": {"uv": [1063.985, 1233.985], "uv_size": [70, 320]},
								"west": {"uv": [1063.985, 1233.985], "uv_size": [70, 320]},
								"up": {"uv": [1133.985, 1553.985], "uv_size": [-70, -320]},
								"down": {"uv": [1133.985, 1553.985], "uv_size": [-70, -320]}
							}
						},
						{
							"origin": [1.556, 5.4645, 1.882],
							"size": [0.888, 2.208, 1.036],
							"pivot": [1.852, 7.5735, 2.4],
							"rotation": [9, 0, 0],
							"uv": {
								"north": {"uv": [1063.985, 1233.985], "uv_size": [70, 320]},
								"east": {"uv": [1063.985, 1233.985], "uv_size": [70, 320]},
								"south": {"uv": [1063.985, 1233.985], "uv_size": [70, 320]},
								"west": {"uv": [1063.985, 1233.985], "uv_size": [70, 320]},
								"up": {"uv": [1133.985, 1553.985], "uv_size": [-70, -320]},
								"down": {"uv": [1133.985, 1553.985], "uv_size": [-70, -320]}
							}
						}
					]
				},
				{
					"name": "bone28",
					"parent": "bone2",
					"pivot": [-1.4, 7.225, 2.4],
					"rotation": [30, 0, -30],
					"cubes": [
						{
							"origin": [-1.844, 7.4245, 1.882],
							"size": [0.888, 0.914, 1.036],
							"inflate": -0.1,
							"pivot": [-1.252, 7.5735, 2.4],
							"rotation": [9, 0, 0],
							"uv": {
								"north": {"uv": [1133.985, 1233.985], "uv_size": [-70, 320]},
								"east": {"uv": [1133.985, 1233.985], "uv_size": [-70, 320]},
								"south": {"uv": [1133.985, 1233.985], "uv_size": [-70, 320]},
								"west": {"uv": [1133.985, 1233.985], "uv_size": [-70, 320]},
								"up": {"uv": [1063.985, 1553.985], "uv_size": [70, -320]},
								"down": {"uv": [1063.985, 1553.985], "uv_size": [70, -320]}
							}
						},
						{
							"origin": [-1.844, 5.4645, 1.882],
							"size": [0.888, 2.208, 1.036],
							"pivot": [-1.252, 7.5735, 2.4],
							"rotation": [9, 0, 0],
							"uv": {
								"north": {"uv": [1133.985, 1233.985], "uv_size": [-70, 320]},
								"east": {"uv": [1133.985, 1233.985], "uv_size": [-70, 320]},
								"south": {"uv": [1133.985, 1233.985], "uv_size": [-70, 320]},
								"west": {"uv": [1133.985, 1233.985], "uv_size": [-70, 320]},
								"up": {"uv": [1063.985, 1553.985], "uv_size": [70, -320]},
								"down": {"uv": [1063.985, 1553.985], "uv_size": [70, -320]}
							}
						}
					]
				},
				{
					"name": "bone29",
					"parent": "bone2",
					"pivot": [0.3, 7.225, 2.4],
					"rotation": [52.5, 0, 2.5],
					"cubes": [
						{
							"origin": [-0.144, 7.4245, 1.882],
							"size": [0.888, 0.914, 1.036],
							"inflate": -0.1,
							"pivot": [0.448, 7.5735, 2.4],
							"rotation": [9, 0, 0],
							"uv": {
								"north": {"uv": [1133.985, 1233.985], "uv_size": [-70, 320]},
								"east": {"uv": [1133.985, 1233.985], "uv_size": [-70, 320]},
								"south": {"uv": [1133.985, 1233.985], "uv_size": [-70, 320]},
								"west": {"uv": [1133.985, 1233.985], "uv_size": [-70, 320]},
								"up": {"uv": [1063.985, 1553.985], "uv_size": [70, -320]},
								"down": {"uv": [1063.985, 1553.985], "uv_size": [70, -320]}
							}
						},
						{
							"origin": [-0.144, 5.4645, 1.882],
							"size": [0.888, 2.208, 1.036],
							"pivot": [0.448, 7.5735, 2.4],
							"rotation": [9, 0, 0],
							"uv": {
								"north": {"uv": [1133.985, 1233.985], "uv_size": [-70, 320]},
								"east": {"uv": [1133.985, 1233.985], "uv_size": [-70, 320]},
								"south": {"uv": [1133.985, 1233.985], "uv_size": [-70, 320]},
								"west": {"uv": [1133.985, 1233.985], "uv_size": [-70, 320]},
								"up": {"uv": [1063.985, 1553.985], "uv_size": [70, -320]},
								"down": {"uv": [1063.985, 1553.985], "uv_size": [70, -320]}
							}
						}
					]
				},
				{
					"name": "bone3",
					"parent": "bone2",
					"pivot": [5.65, 5, 10.25],
					"rotation": [0, -17.5, 0],
					"cubes": [
						{
							"origin": [3.3, 3.7, 9.4],
							"size": [4.4, 2.6, 2.2],
							"inflate": -0.1,
							"pivot": [5.65, 5, 10.25],
							"rotation": [0, 0, -10],
							"uv": {
								"north": {"uv": [633.985, 1088.985], "uv_size": [225, 186.875]},
								"east": {"uv": [633.985, 1088.985], "uv_size": [225, 186.875]},
								"south": {"uv": [633.985, 1088.985], "uv_size": [225, 186.875]},
								"west": {"uv": [633.985, 1088.985], "uv_size": [225, 186.875]},
								"up": {"uv": [858.985, 1275.86], "uv_size": [-225, -186.875]},
								"down": {"uv": [858.985, 1275.86], "uv_size": [-225, -186.875]}
							}
						},
						{
							"origin": [2.62431, 4.17784, 9.4],
							"size": [6, 2.5, 2.2],
							"inflate": -0.2,
							"pivot": [7.25, 5, 10.25],
							"rotation": [0, 0, -117.5],
							"uv": {
								"north": {"uv": [1258.985, 673.985], "uv_size": [295, 106.875]},
								"east": {"uv": [1258.985, 673.985], "uv_size": [295, 106.875]},
								"south": {"uv": [1258.985, 673.985], "uv_size": [295, 106.875]},
								"west": {"uv": [1258.985, 673.985], "uv_size": [295, 106.875]},
								"up": {"uv": [1553.985, 780.86], "uv_size": [-295, -106.875]},
								"down": {"uv": [1553.985, 780.86], "uv_size": [-295, -106.875]}
							}
						},
						{
							"origin": [3.82117, 1.01044, 9.4],
							"size": [2.1, 2.2, 2.2],
							"inflate": -0.3,
							"pivot": [7.62117, 3.36044, 10.25],
							"rotation": [0, 0, -90],
							"uv": {
								"north": {"uv": [1083.985, 1253.985], "uv_size": [60, 46.875]},
								"east": {"uv": [1083.985, 1253.985], "uv_size": [60, 46.875]},
								"south": {"uv": [1083.985, 1253.985], "uv_size": [60, 46.875]},
								"west": {"uv": [1083.985, 1253.985], "uv_size": [60, 46.875]},
								"up": {"uv": [1143.985, 1300.86], "uv_size": [-60, -46.875]},
								"down": {"uv": [1143.985, 1300.86], "uv_size": [-60, -46.875]}
							}
						}
					]
				},
				{
					"name": "bone10",
					"parent": "bone2",
					"pivot": [-5.65, 5, 10.25],
					"rotation": [0, 17.5, 0],
					"cubes": [
						{
							"origin": [-7.7, 3.7, 9.4],
							"size": [4.4, 2.6, 2.2],
							"inflate": -0.1,
							"pivot": [-5.65, 5, 10.25],
							"rotation": [0, 0, 10],
							"uv": {
								"north": {"uv": [858.985, 1088.985], "uv_size": [-225, 186.875]},
								"east": {"uv": [858.985, 1088.985], "uv_size": [-225, 186.875]},
								"south": {"uv": [858.985, 1088.985], "uv_size": [-225, 186.875]},
								"west": {"uv": [858.985, 1088.985], "uv_size": [-225, 186.875]},
								"up": {"uv": [633.985, 1275.86], "uv_size": [225, -186.875]},
								"down": {"uv": [633.985, 1275.86], "uv_size": [225, -186.875]}
							}
						},
						{
							"origin": [-8.62431, 4.17784, 9.4],
							"size": [6, 2.5, 2.2],
							"inflate": -0.2,
							"pivot": [-7.25, 5, 10.25],
							"rotation": [0, 0, 117.5],
							"uv": {
								"north": {"uv": [1553.985, 673.985], "uv_size": [-295, 106.875]},
								"east": {"uv": [1553.985, 673.985], "uv_size": [-295, 106.875]},
								"south": {"uv": [1553.985, 673.985], "uv_size": [-295, 106.875]},
								"west": {"uv": [1553.985, 673.985], "uv_size": [-295, 106.875]},
								"up": {"uv": [1258.985, 780.86], "uv_size": [295, -106.875]},
								"down": {"uv": [1258.985, 780.86], "uv_size": [295, -106.875]}
							}
						},
						{
							"origin": [-5.92117, 1.01044, 9.4],
							"size": [2.1, 2.2, 2.2],
							"inflate": -0.3,
							"pivot": [-7.62117, 3.36044, 10.25],
							"rotation": [0, 0, 90],
							"uv": {
								"north": {"uv": [1143.985, 1253.985], "uv_size": [-60, 46.875]},
								"east": {"uv": [1143.985, 1253.985], "uv_size": [-60, 46.875]},
								"south": {"uv": [1143.985, 1253.985], "uv_size": [-60, 46.875]},
								"west": {"uv": [1143.985, 1253.985], "uv_size": [-60, 46.875]},
								"up": {"uv": [1083.985, 1300.86], "uv_size": [60, -46.875]},
								"down": {"uv": [1083.985, 1300.86], "uv_size": [60, -46.875]}
							}
						}
					]
				},
				{
					"name": "bone4",
					"parent": "bone2",
					"pivot": [6.05, 5, 6.35],
					"rotation": [0, -12.5, 0],
					"cubes": [
						{
							"origin": [3.4, 3.7, 5.5],
							"size": [4.7, 2.6, 2.2],
							"inflate": -0.1,
							"pivot": [6.05, 5, 6.35],
							"rotation": [0, 0, -10],
							"uv": {
								"north": {"uv": [633.985, 1088.985], "uv_size": [225, 186.875]},
								"east": {"uv": [633.985, 1088.985], "uv_size": [225, 186.875]},
								"south": {"uv": [633.985, 1088.985], "uv_size": [225, 186.875]},
								"west": {"uv": [633.985, 1088.985], "uv_size": [225, 186.875]},
								"up": {"uv": [858.985, 1275.86], "uv_size": [-225, -186.875]},
								"down": {"uv": [858.985, 1275.86], "uv_size": [-225, -186.875]}
							}
						},
						{
							"origin": [3.02431, 4.17784, 5.5],
							"size": [6, 2.5, 2.2],
							"inflate": -0.2,
							"pivot": [7.65, 5, 6.35],
							"rotation": [0, 0, -117.5],
							"uv": {
								"north": {"uv": [1258.985, 673.985], "uv_size": [295, 106.875]},
								"east": {"uv": [1258.985, 673.985], "uv_size": [295, 106.875]},
								"south": {"uv": [1258.985, 673.985], "uv_size": [295, 106.875]},
								"west": {"uv": [1258.985, 673.985], "uv_size": [295, 106.875]},
								"up": {"uv": [1553.985, 780.86], "uv_size": [-295, -106.875]},
								"down": {"uv": [1553.985, 780.86], "uv_size": [-295, -106.875]}
							}
						},
						{
							"origin": [4.22117, 1.01044, 5.5],
							"size": [2.1, 2.2, 2.2],
							"inflate": -0.3,
							"pivot": [8.02117, 3.36044, 6.35],
							"rotation": [0, 0, -90],
							"uv": {
								"north": {"uv": [1083.985, 1253.985], "uv_size": [60, 46.875]},
								"east": {"uv": [1083.985, 1253.985], "uv_size": [60, 46.875]},
								"south": {"uv": [1083.985, 1253.985], "uv_size": [60, 46.875]},
								"west": {"uv": [1083.985, 1253.985], "uv_size": [60, 46.875]},
								"up": {"uv": [1143.985, 1300.86], "uv_size": [-60, -46.875]},
								"down": {"uv": [1143.985, 1300.86], "uv_size": [-60, -46.875]}
							}
						}
					]
				},
				{
					"name": "bone9",
					"parent": "bone2",
					"pivot": [-6.05, 5, 6.35],
					"rotation": [0, 12.5, 0],
					"cubes": [
						{
							"origin": [-8.1, 3.7, 5.5],
							"size": [4.7, 2.6, 2.2],
							"inflate": -0.1,
							"pivot": [-6.05, 5, 6.35],
							"rotation": [0, 0, 10],
							"uv": {
								"north": {"uv": [858.985, 1088.985], "uv_size": [-225, 186.875]},
								"east": {"uv": [858.985, 1088.985], "uv_size": [-225, 186.875]},
								"south": {"uv": [858.985, 1088.985], "uv_size": [-225, 186.875]},
								"west": {"uv": [858.985, 1088.985], "uv_size": [-225, 186.875]},
								"up": {"uv": [633.985, 1275.86], "uv_size": [225, -186.875]},
								"down": {"uv": [633.985, 1275.86], "uv_size": [225, -186.875]}
							}
						},
						{
							"origin": [-9.02431, 4.17784, 5.5],
							"size": [6, 2.5, 2.2],
							"inflate": -0.2,
							"pivot": [-7.65, 5, 6.35],
							"rotation": [0, 0, 117.5],
							"uv": {
								"north": {"uv": [1553.985, 673.985], "uv_size": [-295, 106.875]},
								"east": {"uv": [1553.985, 673.985], "uv_size": [-295, 106.875]},
								"south": {"uv": [1553.985, 673.985], "uv_size": [-295, 106.875]},
								"west": {"uv": [1553.985, 673.985], "uv_size": [-295, 106.875]},
								"up": {"uv": [1258.985, 780.86], "uv_size": [295, -106.875]},
								"down": {"uv": [1258.985, 780.86], "uv_size": [295, -106.875]}
							}
						},
						{
							"origin": [-6.32117, 1.01044, 5.5],
							"size": [2.1, 2.2, 2.2],
							"inflate": -0.3,
							"pivot": [-8.02117, 3.36044, 6.35],
							"rotation": [0, 0, 90],
							"uv": {
								"north": {"uv": [1143.985, 1253.985], "uv_size": [-60, 46.875]},
								"east": {"uv": [1143.985, 1253.985], "uv_size": [-60, 46.875]},
								"south": {"uv": [1143.985, 1253.985], "uv_size": [-60, 46.875]},
								"west": {"uv": [1143.985, 1253.985], "uv_size": [-60, 46.875]},
								"up": {"uv": [1083.985, 1300.86], "uv_size": [60, -46.875]},
								"down": {"uv": [1083.985, 1300.86], "uv_size": [60, -46.875]}
							}
						}
					]
				},
				{
					"name": "bone6",
					"parent": "bone2",
					"pivot": [6.35, 5, 2.75],
					"rotation": [0, 5, 0],
					"cubes": [
						{
							"origin": [3.7, 3.7, 1.9],
							"size": [4.7, 2.6, 2.2],
							"inflate": -0.1,
							"pivot": [6.35, 5, 2.75],
							"rotation": [0, 0, -10],
							"uv": {
								"north": {"uv": [633.985, 1088.985], "uv_size": [225, 186.875]},
								"east": {"uv": [633.985, 1088.985], "uv_size": [225, 186.875]},
								"south": {"uv": [633.985, 1088.985], "uv_size": [225, 186.875]},
								"west": {"uv": [633.985, 1088.985], "uv_size": [225, 186.875]},
								"up": {"uv": [858.985, 1275.86], "uv_size": [-225, -186.875]},
								"down": {"uv": [858.985, 1275.86], "uv_size": [-225, -186.875]}
							}
						},
						{
							"origin": [3.32431, 4.17784, 1.9],
							"size": [6, 2.5, 2.2],
							"inflate": -0.2,
							"pivot": [7.95, 5, 2.75],
							"rotation": [0, 0, -117.5],
							"uv": {
								"north": {"uv": [1258.985, 673.985], "uv_size": [295, 106.875]},
								"east": {"uv": [1258.985, 673.985], "uv_size": [295, 106.875]},
								"south": {"uv": [1258.985, 673.985], "uv_size": [295, 106.875]},
								"west": {"uv": [1258.985, 673.985], "uv_size": [295, 106.875]},
								"up": {"uv": [1553.985, 780.86], "uv_size": [-295, -106.875]},
								"down": {"uv": [1553.985, 780.86], "uv_size": [-295, -106.875]}
							}
						},
						{
							"origin": [4.52117, 1.01044, 1.9],
							"size": [2.1, 2.2, 2.2],
							"inflate": -0.3,
							"pivot": [8.32117, 3.36044, 2.75],
							"rotation": [0, 0, -90],
							"uv": {
								"north": {"uv": [1083.985, 1253.985], "uv_size": [60, 46.875]},
								"east": {"uv": [1083.985, 1253.985], "uv_size": [60, 46.875]},
								"south": {"uv": [1083.985, 1253.985], "uv_size": [60, 46.875]},
								"west": {"uv": [1083.985, 1253.985], "uv_size": [60, 46.875]},
								"up": {"uv": [1143.985, 1300.86], "uv_size": [-60, -46.875]},
								"down": {"uv": [1143.985, 1300.86], "uv_size": [-60, -46.875]}
							}
						}
					]
				},
				{
					"name": "bone8",
					"parent": "bone2",
					"pivot": [-6.35, 5, 2.75],
					"rotation": [0, -5, 0],
					"cubes": [
						{
							"origin": [-8.4, 3.7, 1.9],
							"size": [4.7, 2.6, 2.2],
							"inflate": -0.1,
							"pivot": [-6.35, 5, 2.75],
							"rotation": [0, 0, 10],
							"uv": {
								"north": {"uv": [858.985, 1088.985], "uv_size": [-225, 186.875]},
								"east": {"uv": [858.985, 1088.985], "uv_size": [-225, 186.875]},
								"south": {"uv": [858.985, 1088.985], "uv_size": [-225, 186.875]},
								"west": {"uv": [858.985, 1088.985], "uv_size": [-225, 186.875]},
								"up": {"uv": [633.985, 1275.86], "uv_size": [225, -186.875]},
								"down": {"uv": [633.985, 1275.86], "uv_size": [225, -186.875]}
							}
						},
						{
							"origin": [-9.32431, 4.17784, 1.9],
							"size": [6, 2.5, 2.2],
							"inflate": -0.2,
							"pivot": [-7.95, 5, 2.75],
							"rotation": [0, 0, 117.5],
							"uv": {
								"north": {"uv": [1553.985, 673.985], "uv_size": [-295, 106.875]},
								"east": {"uv": [1553.985, 673.985], "uv_size": [-295, 106.875]},
								"south": {"uv": [1553.985, 673.985], "uv_size": [-295, 106.875]},
								"west": {"uv": [1553.985, 673.985], "uv_size": [-295, 106.875]},
								"up": {"uv": [1258.985, 780.86], "uv_size": [295, -106.875]},
								"down": {"uv": [1258.985, 780.86], "uv_size": [295, -106.875]}
							}
						},
						{
							"origin": [-6.62117, 1.01044, 1.9],
							"size": [2.1, 2.2, 2.2],
							"inflate": -0.3,
							"pivot": [-8.32117, 3.36044, 2.75],
							"rotation": [0, 0, 90],
							"uv": {
								"north": {"uv": [1143.985, 1253.985], "uv_size": [-60, 46.875]},
								"east": {"uv": [1143.985, 1253.985], "uv_size": [-60, 46.875]},
								"south": {"uv": [1143.985, 1253.985], "uv_size": [-60, 46.875]},
								"west": {"uv": [1143.985, 1253.985], "uv_size": [-60, 46.875]},
								"up": {"uv": [1083.985, 1300.86], "uv_size": [60, -46.875]},
								"down": {"uv": [1083.985, 1300.86], "uv_size": [60, -46.875]}
							}
						}
					]
				},
				{
					"name": "bone5",
					"parent": "bone2",
					"pivot": [6.05, 5, -0.65],
					"rotation": [0, 12.5, 0]
				},
				{
					"name": "bone16",
					"parent": "bone5",
					"pivot": [4.05837, 3.38085, -4.38451],
					"cubes": [
						{
							"origin": [4.32278, 2.25084, -5.20992],
							"size": [4.7, 2.6, 2.2],
							"inflate": 0.2,
							"pivot": [6.05, 5, -0.65],
							"rotation": [0, 0, 5],
							"uv": {
								"north": {"uv": [633.985, 1088.985], "uv_size": [225, 186.875]},
								"east": {"uv": [633.985, 1088.985], "uv_size": [225, 186.875]},
								"south": {"uv": [633.985, 1088.985], "uv_size": [225, 186.875]},
								"west": {"uv": [633.985, 1088.985], "uv_size": [225, 186.875]},
								"up": {"uv": [858.985, 1275.86], "uv_size": [-225, -186.875]},
								"down": {"uv": [858.985, 1275.86], "uv_size": [-225, -186.875]}
							}
						}
					]
				},
				{
					"name": "bone14",
					"parent": "bone16",
					"pivot": [10.05837, 2.38085, -11.98451],
					"rotation": [0, 0, 10.5],
					"cubes": [
						{
							"origin": [9.1935, 0.07573, -13.34602],
							"size": [1.9, 1.8, 3],
							"inflate": -0.2,
							"pivot": [10.48757, 1.11388, -12.90262],
							"rotation": [157.5, 0, -5],
							"uv": {
								"north": {"uv": [1358.985, 1564.844], "uv_size": [200, -116.875]},
								"east": {"uv": [1358.985, 1564.844], "uv_size": [200, -116.875]},
								"south": {"uv": [1358.985, 1564.844], "uv_size": [200, -116.875]},
								"west": {"uv": [1358.985, 1564.844], "uv_size": [200, -116.875]},
								"up": {"uv": [1558.985, 1447.969], "uv_size": [-200, 116.875]},
								"down": {"uv": [1558.985, 1447.969], "uv_size": [-200, 116.875]}
							}
						},
						{
							"origin": [9.14844, 1.31385, -13.92593],
							"size": [1.9, 2, 2],
							"inflate": -0.3,
							"pivot": [10.09844, 1.61385, -13.82593],
							"rotation": [105, 0, -5],
							"uv": {
								"north": {"uv": [1358.985, 1564.844], "uv_size": [200, -116.875]},
								"east": {"uv": [1358.985, 1564.844], "uv_size": [200, -116.875]},
								"south": {"uv": [1358.985, 1564.844], "uv_size": [200, -116.875]},
								"west": {"uv": [1358.985, 1564.844], "uv_size": [200, -116.875]},
								"up": {"uv": [1558.985, 1447.969], "uv_size": [-200, 116.875]},
								"down": {"uv": [1558.985, 1447.969], "uv_size": [-200, 116.875]}
							}
						},
						{
							"origin": [8.88316, 2.90297, -13.83157],
							"size": [2.1, 1.9, 5.3],
							"inflate": -0.2,
							"pivot": [9.93316, 3.50297, -7.13157],
							"rotation": [25, 0, -5],
							"uv": {
								"north": {"uv": [1358.985, 1564.844], "uv_size": [200, -116.875]},
								"east": {"uv": [1358.985, 1564.844], "uv_size": [200, -116.875]},
								"south": {"uv": [1358.985, 1564.844], "uv_size": [200, -116.875]},
								"west": {"uv": [1358.985, 1564.844], "uv_size": [200, -116.875]},
								"up": {"uv": [1558.985, 1447.969], "uv_size": [-200, 116.875]},
								"down": {"uv": [1558.985, 1447.969], "uv_size": [-200, 116.875]}
							}
						}
					]
				},
				{
					"name": "bone13",
					"parent": "bone16",
					"pivot": [10.03079, 3.19703, -7.10992],
					"cubes": [
						{
							"origin": [9.29113, 4.82427, -13.32438],
							"size": [1.9, 1.8, 3],
							"inflate": -0.2,
							"pivot": [10.5852, 5.58612, -12.88098],
							"rotation": [-157.5, 0, 5],
							"uv": {
								"north": {"uv": [1358.985, 1447.969], "uv_size": [200, 116.875]},
								"east": {"uv": [1358.985, 1447.969], "uv_size": [200, 116.875]},
								"south": {"uv": [1358.985, 1447.969], "uv_size": [200, 116.875]},
								"west": {"uv": [1358.985, 1447.969], "uv_size": [200, 116.875]},
								"up": {"uv": [1558.985, 1564.844], "uv_size": [-200, -116.875]},
								"down": {"uv": [1558.985, 1564.844], "uv_size": [-200, -116.875]}
							}
						},
						{
							"origin": [9.24607, 3.38615, -13.90429],
							"size": [1.9, 2, 2],
							"inflate": -0.3,
							"pivot": [10.19607, 5.08615, -13.80429],
							"rotation": [-105, 0, 5],
							"uv": {
								"north": {"uv": [1358.985, 1447.969], "uv_size": [200, 116.875]},
								"east": {"uv": [1358.985, 1447.969], "uv_size": [200, 116.875]},
								"south": {"uv": [1358.985, 1447.969], "uv_size": [200, 116.875]},
								"west": {"uv": [1358.985, 1447.969], "uv_size": [200, 116.875]},
								"up": {"uv": [1558.985, 1564.844], "uv_size": [-200, -116.875]},
								"down": {"uv": [1558.985, 1564.844], "uv_size": [-200, -116.875]}
							}
						},
						{
							"origin": [8.98079, 1.89703, -13.80992],
							"size": [2.1, 1.9, 5.3],
							"inflate": -0.2,
							"pivot": [10.03079, 3.19703, -7.10992],
							"rotation": [-25, 0, 5],
							"uv": {
								"north": {"uv": [1358.985, 1447.969], "uv_size": [200, 116.875]},
								"east": {"uv": [1358.985, 1447.969], "uv_size": [200, 116.875]},
								"south": {"uv": [1358.985, 1447.969], "uv_size": [200, 116.875]},
								"west": {"uv": [1358.985, 1447.969], "uv_size": [200, 116.875]},
								"up": {"uv": [1558.985, 1564.844], "uv_size": [-200, -116.875]},
								"down": {"uv": [1558.985, 1564.844], "uv_size": [-200, -116.875]}
							}
						}
					]
				},
				{
					"name": "bone15",
					"parent": "bone13",
					"pivot": [10.03079, 3.19703, -7.10992]
				},
				{
					"name": "bone30",
					"parent": "bone16",
					"pivot": [4.05837, 3.38085, -4.38451],
					"cubes": [
						{
							"origin": [8.92278, 2.25084, -5.20992],
							"size": [2.5, 2.6, 2.2],
							"pivot": [6.05, 5, -0.65],
							"rotation": [0, 0, 5],
							"uv": {
								"north": {"uv": [633.985, 1088.985], "uv_size": [225, 186.875]},
								"east": {"uv": [633.985, 1088.985], "uv_size": [225, 186.875]},
								"south": {"uv": [633.985, 1088.985], "uv_size": [225, 186.875]},
								"west": {"uv": [633.985, 1088.985], "uv_size": [225, 186.875]},
								"up": {"uv": [858.985, 1275.86], "uv_size": [-225, -186.875]},
								"down": {"uv": [858.985, 1275.86], "uv_size": [-225, -186.875]}
							}
						},
						{
							"origin": [8.92278, 2.25084, -11.20992],
							"size": [2.5, 2.6, 8.2],
							"inflate": -0.1,
							"pivot": [6.05, 5, -0.65],
							"rotation": [0, 0, 5],
							"uv": {
								"north": {"uv": [283.985, 563.985], "uv_size": [165, 156.875]},
								"east": {"uv": [283.985, 563.985], "uv_size": [460, 156.875]},
								"south": {"uv": [283.985, 563.985], "uv_size": [165, 156.875]},
								"west": {"uv": [283.985, 563.985], "uv_size": [460, 156.875]},
								"up": {"uv": [1453.985, 1065.86], "uv_size": [-190, -481.875]},
								"down": {"uv": [1413.985, 1105.86], "uv_size": [-200, -506.875]}
							}
						}
					]
				},
				{
					"name": "bone31",
					"parent": "bone16",
					"pivot": [4.05837, 3.38085, -4.38451],
					"cubes": [
						{
							"origin": [8.86271, 1.64948, -11.40935],
							"size": [2.3, 1.9, 3],
							"inflate": -0.1,
							"pivot": [10.10996, 2.59804, -9.88613],
							"rotation": [25, 0, 5],
							"uv": {
								"north": {"uv": [283.985, 720.86], "uv_size": [165, -156.875]},
								"east": {"uv": [283.985, 720.86], "uv_size": [460, -156.875]},
								"south": {"uv": [283.985, 720.86], "uv_size": [165, -156.875]},
								"west": {"uv": [283.985, 720.86], "uv_size": [460, -156.875]},
								"up": {"uv": [1413.985, 598.985], "uv_size": [-200, 506.875]},
								"down": {"uv": [1453.985, 583.985], "uv_size": [-190, 481.875]}
							}
						},
						{
							"origin": [8.88079, 1.89703, -11.50992],
							"size": [2.3, 1.9, 3],
							"inflate": -0.1,
							"pivot": [10.03079, 3.19703, -7.10992],
							"rotation": [-25, 0, 5],
							"uv": {
								"north": {"uv": [283.985, 563.985], "uv_size": [165, 156.875]},
								"east": {"uv": [283.985, 563.985], "uv_size": [460, 156.875]},
								"south": {"uv": [283.985, 563.985], "uv_size": [165, 156.875]},
								"west": {"uv": [283.985, 563.985], "uv_size": [460, 156.875]},
								"up": {"uv": [1453.985, 1065.86], "uv_size": [-190, -481.875]},
								"down": {"uv": [1413.985, 1105.86], "uv_size": [-200, -506.875]}
							}
						}
					]
				},
				{
					"name": "bone17",
					"parent": "bone5",
					"pivot": [-2.6059, 3.38085, -6.31592],
					"rotation": [0, -22.5, 0],
					"cubes": [
						{
							"origin": [-9.72833, 1.89703, -13.44134],
							"size": [2.3, 1.9, 3],
							"inflate": -0.1,
							"pivot": [-8.57833, 3.19703, -9.04134],
							"rotation": [-25, 0, -5],
							"uv": {
								"north": {"uv": [448.985, 563.985], "uv_size": [-165, 156.875]},
								"east": {"uv": [743.985, 563.985], "uv_size": [-460, 156.875]},
								"south": {"uv": [448.985, 563.985], "uv_size": [-165, 156.875]},
								"west": {"uv": [743.985, 563.985], "uv_size": [-460, 156.875]},
								"up": {"uv": [1263.985, 1065.86], "uv_size": [190, -481.875]},
								"down": {"uv": [1213.985, 1105.86], "uv_size": [200, -506.875]}
							}
						},
						{
							"origin": [-9.97032, 2.25084, -7.14134],
							"size": [2.5, 2.6, 2.2],
							"pivot": [-4.59754, 5, -2.58141],
							"rotation": [0, 0, -5],
							"uv": {
								"north": {"uv": [858.985, 1088.985], "uv_size": [-225, 186.875]},
								"east": {"uv": [858.985, 1088.985], "uv_size": [-225, 186.875]},
								"south": {"uv": [858.985, 1088.985], "uv_size": [-225, 186.875]},
								"west": {"uv": [858.985, 1088.985], "uv_size": [-225, 186.875]},
								"up": {"uv": [633.985, 1275.86], "uv_size": [225, -186.875]},
								"down": {"uv": [633.985, 1275.86], "uv_size": [225, -186.875]}
							}
						},
						{
							"origin": [-7.57032, 2.25084, -7.14134],
							"size": [4.7, 2.6, 2.2],
							"inflate": 0.2,
							"pivot": [-4.59754, 5, -2.58141],
							"rotation": [0, 0, -5],
							"uv": {
								"north": {"uv": [858.985, 1088.985], "uv_size": [-225, 186.875]},
								"east": {"uv": [858.985, 1088.985], "uv_size": [-225, 186.875]},
								"south": {"uv": [858.985, 1088.985], "uv_size": [-225, 186.875]},
								"west": {"uv": [858.985, 1088.985], "uv_size": [-225, 186.875]},
								"up": {"uv": [633.985, 1275.86], "uv_size": [225, -186.875]},
								"down": {"uv": [633.985, 1275.86], "uv_size": [225, -186.875]}
							}
						},
						{
							"origin": [-9.71024, 1.64948, -13.34076],
							"size": [2.3, 1.9, 3],
							"inflate": -0.1,
							"pivot": [-8.6575, 2.59804, -11.81755],
							"rotation": [25, 0, -5],
							"uv": {
								"north": {"uv": [448.985, 720.86], "uv_size": [-165, -156.875]},
								"east": {"uv": [743.985, 720.86], "uv_size": [-460, -156.875]},
								"south": {"uv": [448.985, 720.86], "uv_size": [-165, -156.875]},
								"west": {"uv": [743.985, 720.86], "uv_size": [-460, -156.875]},
								"up": {"uv": [1213.985, 598.985], "uv_size": [200, 506.875]},
								"down": {"uv": [1263.985, 583.985], "uv_size": [190, 481.875]}
							}
						},
						{
							"origin": [-9.97032, 2.25084, -13.14134],
							"size": [2.5, 2.6, 8.2],
							"inflate": -0.1,
							"pivot": [-4.59754, 5, -2.58141],
							"rotation": [0, 0, -5],
							"uv": {
								"north": {"uv": [448.985, 563.985], "uv_size": [-165, 156.875]},
								"east": {"uv": [743.985, 563.985], "uv_size": [-460, 156.875]},
								"south": {"uv": [448.985, 563.985], "uv_size": [-165, 156.875]},
								"west": {"uv": [743.985, 563.985], "uv_size": [-460, 156.875]},
								"up": {"uv": [1263.985, 1065.86], "uv_size": [190, -481.875]},
								"down": {"uv": [1213.985, 1105.86], "uv_size": [200, -506.875]}
							}
						}
					]
				},
				{
					"name": "bone18",
					"parent": "bone17",
					"pivot": [-8.6059, 2.38085, -13.91592],
					"rotation": [0, 0, -10.5],
					"cubes": [
						{
							"origin": [-9.64103, 0.07573, -15.27743],
							"size": [1.9, 1.8, 3],
							"inflate": -0.2,
							"pivot": [-9.03511, 1.11388, -14.83404],
							"rotation": [157.5, 0, 5],
							"uv": {
								"north": {"uv": [1558.985, 1564.844], "uv_size": [-200, -116.875]},
								"east": {"uv": [1558.985, 1564.844], "uv_size": [-200, -116.875]},
								"south": {"uv": [1558.985, 1564.844], "uv_size": [-200, -116.875]},
								"west": {"uv": [1558.985, 1564.844], "uv_size": [-200, -116.875]},
								"up": {"uv": [1358.985, 1447.969], "uv_size": [200, 116.875]},
								"down": {"uv": [1358.985, 1447.969], "uv_size": [200, 116.875]}
							}
						},
						{
							"origin": [-9.59598, 1.31385, -15.85734],
							"size": [1.9, 2, 2],
							"inflate": -0.3,
							"pivot": [-8.64598, 1.61385, -15.75734],
							"rotation": [105, 0, 5],
							"uv": {
								"north": {"uv": [1558.985, 1564.844], "uv_size": [-200, -116.875]},
								"east": {"uv": [1558.985, 1564.844], "uv_size": [-200, -116.875]},
								"south": {"uv": [1558.985, 1564.844], "uv_size": [-200, -116.875]},
								"west": {"uv": [1558.985, 1564.844], "uv_size": [-200, -116.875]},
								"up": {"uv": [1358.985, 1447.969], "uv_size": [200, 116.875]},
								"down": {"uv": [1358.985, 1447.969], "uv_size": [200, 116.875]}
							}
						},
						{
							"origin": [-9.5307, 2.90297, -15.76298],
							"size": [2.1, 1.9, 5.3],
							"inflate": -0.2,
							"pivot": [-8.4807, 3.50297, -9.06298],
							"rotation": [25, 0, 5],
							"uv": {
								"north": {"uv": [1558.985, 1564.844], "uv_size": [-200, -116.875]},
								"east": {"uv": [1558.985, 1564.844], "uv_size": [-200, -116.875]},
								"south": {"uv": [1558.985, 1564.844], "uv_size": [-200, -116.875]},
								"west": {"uv": [1558.985, 1564.844], "uv_size": [-200, -116.875]},
								"up": {"uv": [1358.985, 1447.969], "uv_size": [200, 116.875]},
								"down": {"uv": [1358.985, 1447.969], "uv_size": [200, 116.875]}
							}
						}
					]
				},
				{
					"name": "bone19",
					"parent": "bone17",
					"pivot": [-8.57833, 3.19703, -9.04134],
					"cubes": [
						{
							"origin": [-9.73866, 4.82427, -15.25579],
							"size": [1.9, 1.8, 3],
							"inflate": -0.2,
							"pivot": [-9.13274, 5.58612, -14.81239],
							"rotation": [-157.5, 0, -5],
							"uv": {
								"north": {"uv": [1558.985, 1447.969], "uv_size": [-200, 116.875]},
								"east": {"uv": [1558.985, 1447.969], "uv_size": [-200, 116.875]},
								"south": {"uv": [1558.985, 1447.969], "uv_size": [-200, 116.875]},
								"west": {"uv": [1558.985, 1447.969], "uv_size": [-200, 116.875]},
								"up": {"uv": [1358.985, 1564.844], "uv_size": [200, -116.875]},
								"down": {"uv": [1358.985, 1564.844], "uv_size": [200, -116.875]}
							}
						},
						{
							"origin": [-9.69361, 3.38615, -15.8357],
							"size": [1.9, 2, 2],
							"inflate": -0.3,
							"pivot": [-8.74361, 5.08615, -15.7357],
							"rotation": [-105, 0, -5],
							"uv": {
								"north": {"uv": [1558.985, 1447.969], "uv_size": [-200, 116.875]},
								"east": {"uv": [1558.985, 1447.969], "uv_size": [-200, 116.875]},
								"south": {"uv": [1558.985, 1447.969], "uv_size": [-200, 116.875]},
								"west": {"uv": [1558.985, 1447.969], "uv_size": [-200, 116.875]},
								"up": {"uv": [1358.985, 1564.844], "uv_size": [200, -116.875]},
								"down": {"uv": [1358.985, 1564.844], "uv_size": [200, -116.875]}
							}
						},
						{
							"origin": [-9.62833, 1.89703, -15.74134],
							"size": [2.1, 1.9, 5.3],
							"inflate": -0.2,
							"pivot": [-8.57833, 3.19703, -9.04134],
							"rotation": [-25, 0, -5],
							"uv": {
								"north": {"uv": [1558.985, 1447.969], "uv_size": [-200, 116.875]},
								"east": {"uv": [1558.985, 1447.969], "uv_size": [-200, 116.875]},
								"south": {"uv": [1558.985, 1447.969], "uv_size": [-200, 116.875]},
								"west": {"uv": [1558.985, 1447.969], "uv_size": [-200, 116.875]},
								"up": {"uv": [1358.985, 1564.844], "uv_size": [200, -116.875]},
								"down": {"uv": [1358.985, 1564.844], "uv_size": [200, -116.875]}
							}
						}
					]
				},
				{
					"name": "bone20",
					"parent": "bone19",
					"pivot": [-8.57833, 3.19703, -9.04134]
				},
				{
					"name": "bone12",
					"parent": "bone5",
					"pivot": [6.05, 5, -0.65],
					"cubes": [
						{
							"origin": [3.4, 3.7, -1.5],
							"size": [4.7, 2.6, 2.2],
							"inflate": -0.1,
							"pivot": [6.05, 5, -0.65],
							"rotation": [0, 0, -10],
							"uv": {
								"north": {"uv": [633.985, 1088.985], "uv_size": [225, 186.875]},
								"east": {"uv": [633.985, 1088.985], "uv_size": [225, 186.875]},
								"south": {"uv": [633.985, 1088.985], "uv_size": [225, 186.875]},
								"west": {"uv": [633.985, 1088.985], "uv_size": [225, 186.875]},
								"up": {"uv": [858.985, 1275.86], "uv_size": [-225, -186.875]},
								"down": {"uv": [858.985, 1275.86], "uv_size": [-225, -186.875]}
							}
						},
						{
							"origin": [4.22117, 1.01044, -1.5],
							"size": [2.1, 2.2, 2.2],
							"inflate": -0.3,
							"pivot": [8.02117, 3.36044, -0.65],
							"rotation": [0, 0, -90],
							"uv": {
								"north": {"uv": [1083.985, 1253.985], "uv_size": [60, 46.875]},
								"east": {"uv": [1083.985, 1253.985], "uv_size": [60, 46.875]},
								"south": {"uv": [1083.985, 1253.985], "uv_size": [60, 46.875]},
								"west": {"uv": [1083.985, 1253.985], "uv_size": [60, 46.875]},
								"up": {"uv": [1143.985, 1300.86], "uv_size": [-60, -46.875]},
								"down": {"uv": [1143.985, 1300.86], "uv_size": [-60, -46.875]}
							}
						},
						{
							"origin": [3.02431, 4.17784, -1.5],
							"size": [6, 2.5, 2.2],
							"inflate": -0.2,
							"pivot": [7.65, 5, -0.65],
							"rotation": [0, 0, -117.5],
							"uv": {
								"north": {"uv": [1258.985, 673.985], "uv_size": [295, 106.875]},
								"east": {"uv": [1258.985, 673.985], "uv_size": [295, 106.875]},
								"south": {"uv": [1258.985, 673.985], "uv_size": [295, 106.875]},
								"west": {"uv": [1258.985, 673.985], "uv_size": [295, 106.875]},
								"up": {"uv": [1553.985, 780.86], "uv_size": [-295, -106.875]},
								"down": {"uv": [1553.985, 780.86], "uv_size": [-295, -106.875]}
							}
						}
					]
				},
				{
					"name": "bone7",
					"parent": "bone2",
					"pivot": [-6.05, 5, -0.65],
					"rotation": [0, -12.5, 0],
					"cubes": [
						{
							"origin": [-8.1, 3.7, -1.5],
							"size": [4.7, 2.6, 2.2],
							"inflate": -0.1,
							"pivot": [-6.05, 5, -0.65],
							"rotation": [0, 0, 10],
							"uv": {
								"north": {"uv": [858.985, 1088.985], "uv_size": [-225, 186.875]},
								"east": {"uv": [858.985, 1088.985], "uv_size": [-225, 186.875]},
								"south": {"uv": [858.985, 1088.985], "uv_size": [-225, 186.875]},
								"west": {"uv": [858.985, 1088.985], "uv_size": [-225, 186.875]},
								"up": {"uv": [633.985, 1275.86], "uv_size": [225, -186.875]},
								"down": {"uv": [633.985, 1275.86], "uv_size": [225, -186.875]}
							}
						},
						{
							"origin": [-9.02431, 4.17784, -1.5],
							"size": [6, 2.5, 2.2],
							"inflate": -0.2,
							"pivot": [-7.65, 5, -0.65],
							"rotation": [0, 0, 117.5],
							"uv": {
								"north": {"uv": [1553.985, 673.985], "uv_size": [-295, 106.875]},
								"east": {"uv": [1553.985, 673.985], "uv_size": [-295, 106.875]},
								"south": {"uv": [1553.985, 673.985], "uv_size": [-295, 106.875]},
								"west": {"uv": [1553.985, 673.985], "uv_size": [-295, 106.875]},
								"up": {"uv": [1258.985, 780.86], "uv_size": [295, -106.875]},
								"down": {"uv": [1258.985, 780.86], "uv_size": [295, -106.875]}
							}
						},
						{
							"origin": [-6.32117, 1.31659, -1.2609],
							"size": [2.1, 2.2, 2.2],
							"inflate": -0.3,
							"pivot": [-8.02117, 3.36044, -1.15],
							"rotation": [-10, 0, 90],
							"uv": {
								"north": {"uv": [1143.985, 1253.985], "uv_size": [-60, 46.875]},
								"east": {"uv": [1143.985, 1253.985], "uv_size": [-60, 46.875]},
								"south": {"uv": [1143.985, 1253.985], "uv_size": [-60, 46.875]},
								"west": {"uv": [1143.985, 1253.985], "uv_size": [-60, 46.875]},
								"up": {"uv": [1083.985, 1300.86], "uv_size": [60, -46.875]},
								"down": {"uv": [1083.985, 1300.86], "uv_size": [60, -46.875]}
							}
						}
					]
				},
				{
					"name": "bone11",
					"parent": "bone2",
					"pivot": [0, 1, -1.6],
					"cubes": [
						{
							"origin": [1.3, 1.8, -7.7],
							"size": [1.6, 1.2, 0.5],
							"inflate": -0.1,
							"uv": {
								"north": {"uv": [1338.985, 1223.985], "uv_size": [-130, 75]},
								"east": {"uv": [1383.985, 1228.985], "uv_size": [0, 50]},
								"south": {"uv": [1383.985, 1228.985], "uv_size": [0, 50]},
								"west": {"uv": [1383.985, 1228.985], "uv_size": [0, 50]},
								"up": {"uv": [1383.985, 1278.985], "uv_size": [0, -50]},
								"down": {"uv": [1383.985, 1278.985], "uv_size": [0, -50]}
							}
						},
						{
							"origin": [2.5, 3.1, -7.7],
							"size": [1.1, 0.8, 0.5],
							"inflate": -0.1,
							"uv": {
								"north": {"uv": [1338.985, 1223.985], "uv_size": [-130, 75]},
								"east": {"uv": [1383.985, 1228.985], "uv_size": [0, 50]},
								"south": {"uv": [1383.985, 1228.985], "uv_size": [0, 50]},
								"west": {"uv": [1383.985, 1228.985], "uv_size": [0, 50]},
								"up": {"uv": [1383.985, 1278.985], "uv_size": [0, -50]},
								"down": {"uv": [1383.985, 1278.985], "uv_size": [0, -50]}
							}
						},
						{
							"origin": [-2.8, 3.8, -7.7],
							"size": [0.7, 0.5, 0.5],
							"inflate": -0.1,
							"uv": {
								"north": {"uv": [1208.985, 1223.985], "uv_size": [130, 75]},
								"east": {"uv": [1383.985, 1228.985], "uv_size": [0, 50]},
								"south": {"uv": [1383.985, 1228.985], "uv_size": [0, 50]},
								"west": {"uv": [1383.985, 1228.985], "uv_size": [0, 50]},
								"up": {"uv": [1383.985, 1278.985], "uv_size": [0, -50]},
								"down": {"uv": [1383.985, 1278.985], "uv_size": [0, -50]}
							}
						},
						{
							"origin": [2.1, 3.8, -7.7],
							"size": [0.7, 0.5, 0.5],
							"inflate": -0.1,
							"uv": {
								"north": {"uv": [1338.985, 1223.985], "uv_size": [-130, 75]},
								"east": {"uv": [1383.985, 1228.985], "uv_size": [0, 50]},
								"south": {"uv": [1383.985, 1228.985], "uv_size": [0, 50]},
								"west": {"uv": [1383.985, 1228.985], "uv_size": [0, 50]},
								"up": {"uv": [1383.985, 1278.985], "uv_size": [0, -50]},
								"down": {"uv": [1383.985, 1278.985], "uv_size": [0, -50]}
							}
						},
						{
							"origin": [-3.6, 3.1, -7.7],
							"size": [1.1, 0.8, 0.5],
							"inflate": -0.1,
							"uv": {
								"north": {"uv": [1208.985, 1223.985], "uv_size": [130, 75]},
								"east": {"uv": [1383.985, 1228.985], "uv_size": [0, 50]},
								"south": {"uv": [1383.985, 1228.985], "uv_size": [0, 50]},
								"west": {"uv": [1383.985, 1228.985], "uv_size": [0, 50]},
								"up": {"uv": [1383.985, 1278.985], "uv_size": [0, -50]},
								"down": {"uv": [1383.985, 1278.985], "uv_size": [0, -50]}
							}
						},
						{
							"origin": [-2.9, 1.8, -7.7],
							"size": [1.6, 1.2, 0.5],
							"inflate": -0.1,
							"uv": {
								"north": {"uv": [1208.985, 1223.985], "uv_size": [130, 75]},
								"east": {"uv": [1383.985, 1228.985], "uv_size": [0, 50]},
								"south": {"uv": [1383.985, 1228.985], "uv_size": [0, 50]},
								"west": {"uv": [1383.985, 1228.985], "uv_size": [0, 50]},
								"up": {"uv": [1383.985, 1278.985], "uv_size": [0, -50]},
								"down": {"uv": [1383.985, 1278.985], "uv_size": [0, -50]}
							}
						},
						{
							"origin": [-4.1, 1, -7.6],
							"size": [8.1, 4.9, 6.2],
							"inflate": -0.1,
							"uv": {
								"north": {"uv": [618.985, 1333.985], "uv_size": [335, 220]},
								"east": {"uv": [380.938, 803.985], "uv_size": [-306.953, 225]},
								"south": {"uv": [588.985, 1088.985], "uv_size": [395, 190]},
								"west": {"uv": [73.985, 803.985], "uv_size": [306.953, 225]},
								"up": {"uv": [1573.985, 765.938], "uv_size": [-435, -296.953]},
								"down": {"uv": [1573.985, 765.938], "uv_size": [-435, -296.953]}
							}
						}
					]
				}
			]
		}
	]
}