{
	"format_version": "1.12.0",
	"minecraft:geometry": [
		{
			"description": {
				"identifier": "geometry.cannibal_goblin_2",
				"texture_width": 1600,
				"texture_height": 1600,
				"visible_bounds_width": 2,
				"visible_bounds_height": 3.5,
				"visible_bounds_offset": [0, 1.25, 0]
			},
			"bones": [
				{
					"name": "bone9",
					"pivot": [0, 10, 0]
				},
				{
					"name": "pierna2",
					"parent": "bone9",
					"pivot": [1.6, 8.5, 0],
					"cubes": [
						{
							"origin": [0.4, 4.1, -2.1],
							"size": [3, 4.6, 3.2],
							"inflate": -0.1,
							"pivot": [2.4, 4.1, -0.1],
							"rotation": [-10, 0, -5],
							"uv": {
								"north": {"uv": [456.035, 1322.953], "uv_size": [-60.076, 93.481]},
								"east": {"uv": [456.035, 1322.953], "uv_size": [-60.076, 93.481]},
								"south": {"uv": [456.035, 1322.953], "uv_size": [-60.076, 93.481]},
								"west": {"uv": [456.035, 1322.953], "uv_size": [-60.076, 93.481]},
								"up": {"uv": [395.959, 1416.434], "uv_size": [60.076, -93.481]},
								"down": {"uv": [395.959, 1416.434], "uv_size": [60.076, -93.481]}
							}
						},
						{
							"origin": [-0.4, 2, -2.8],
							"size": [4.6, 4.6, 3.7],
							"inflate": -1.1,
							"uv": {
								"north": {"uv": [456.035, 1322.953], "uv_size": [-60.076, 93.481]},
								"east": {"uv": [456.035, 1322.953], "uv_size": [-60.076, 93.481]},
								"south": {"uv": [456.035, 1322.953], "uv_size": [-60.076, 93.481]},
								"west": {"uv": [456.035, 1322.953], "uv_size": [-60.076, 93.481]},
								"up": {"uv": [395.959, 1416.434], "uv_size": [60.076, -93.481]},
								"down": {"uv": [395.959, 1416.434], "uv_size": [60.076, -93.481]}
							}
						}
					]
				},
				{
					"name": "bone5",
					"parent": "pierna2",
					"pivot": [0, 4, -0.1],
					"cubes": [
						{
							"origin": [0.4, 0, -2],
							"size": [2.9, 4.4, 3.2],
							"uv": {
								"north": {"uv": [456.035, 1322.953], "uv_size": [-60.076, 93.481]},
								"east": {"uv": [456.035, 1322.953], "uv_size": [-60.076, 93.481]},
								"south": {"uv": [456.035, 1322.953], "uv_size": [-60.076, 93.481]},
								"west": {"uv": [456.035, 1322.953], "uv_size": [-60.076, 93.481]},
								"up": {"uv": [395.959, 1416.434], "uv_size": [60.076, -93.481]},
								"down": {"uv": [395.959, 1416.434], "uv_size": [60.076, -93.481]}
							}
						}
					]
				},
				{
					"name": "pierna3",
					"parent": "bone9",
					"pivot": [-1.6, 8.5, 0],
					"cubes": [
						{
							"origin": [-3.4, 4.1, -2.1],
							"size": [3, 4.6, 3.2],
							"inflate": -0.1,
							"pivot": [-2.4, 4.1, -0.1],
							"rotation": [-10, 0, 5],
							"uv": {
								"north": {"uv": [395.959, 1322.953], "uv_size": [60.076, 93.481]},
								"east": {"uv": [395.959, 1322.953], "uv_size": [60.076, 93.481]},
								"south": {"uv": [395.959, 1322.953], "uv_size": [60.076, 93.481]},
								"west": {"uv": [395.959, 1322.953], "uv_size": [60.076, 93.481]},
								"up": {"uv": [456.035, 1416.434], "uv_size": [-60.076, -93.481]},
								"down": {"uv": [456.035, 1416.434], "uv_size": [-60.076, -93.481]}
							}
						},
						{
							"origin": [-4.2, 2, -2.8],
							"size": [4.6, 4.6, 3.7],
							"inflate": -1.1,
							"uv": {
								"north": {"uv": [395.959, 1322.953], "uv_size": [60.076, 93.481]},
								"east": {"uv": [395.959, 1322.953], "uv_size": [60.076, 93.481]},
								"south": {"uv": [395.959, 1322.953], "uv_size": [60.076, 93.481]},
								"west": {"uv": [395.959, 1322.953], "uv_size": [60.076, 93.481]},
								"up": {"uv": [456.035, 1416.434], "uv_size": [-60.076, -93.481]},
								"down": {"uv": [456.035, 1416.434], "uv_size": [-60.076, -93.481]}
							}
						}
					]
				},
				{
					"name": "bone4",
					"parent": "pierna3",
					"pivot": [0, 4, -0.1],
					"cubes": [
						{
							"origin": [-3.3, 0, -2],
							"size": [2.9, 4.4, 3.2],
							"uv": {
								"north": {"uv": [395.959, 1322.953], "uv_size": [60.076, 93.481]},
								"east": {"uv": [395.959, 1322.953], "uv_size": [60.076, 93.481]},
								"south": {"uv": [395.959, 1322.953], "uv_size": [60.076, 93.481]},
								"west": {"uv": [395.959, 1322.953], "uv_size": [60.076, 93.481]},
								"up": {"uv": [456.035, 1416.434], "uv_size": [-60.076, -93.481]},
								"down": {"uv": [456.035, 1416.434], "uv_size": [-60.076, -93.481]}
							}
						}
					]
				},
				{
					"name": "brazo2",
					"parent": "bone9",
					"pivot": [-2.90212, 14.08765, 0.04679],
					"rotation": [5, 0, 0],
					"cubes": [
						{
							"origin": [-5, 11.47385, -1.00114],
							"size": [2.4, 3.6, 2.4],
							"pivot": [-3.8, 13.22385, 0.19886],
							"rotation": [0, 0, 12.5],
							"uv": {
								"north": {"uv": [395.959, 1322.953], "uv_size": [60.076, 93.481]},
								"east": {"uv": [395.959, 1322.953], "uv_size": [60.076, 93.481]},
								"south": {"uv": [395.959, 1322.953], "uv_size": [60.076, 93.481]},
								"west": {"uv": [395.959, 1322.953], "uv_size": [60.076, 93.481]},
								"up": {"uv": [456.035, 1416.434], "uv_size": [-60.076, -93.481]},
								"down": {"uv": [456.035, 1416.434], "uv_size": [-60.076, -93.481]}
							}
						}
					]
				},
				{
					"name": "flexion2",
					"parent": "brazo2",
					"pivot": [-4.2, 11.62385, 0.49886],
					"rotation": [14.99317, 2.98857, -0.2617],
					"cubes": [
						{
							"origin": [-5.49687, 11.04457, -0.55369],
							"size": [2.4, 4.1, 2.4],
							"pivot": [-4.18957, 10.87552, 0.30593],
							"rotation": [143, 1, 12.5],
							"uv": {
								"north": {"uv": [395.852, 1322.953], "uv_size": [60.075, 86.422]},
								"east": {"uv": [395.852, 1322.953], "uv_size": [60.075, 86.422]},
								"south": {"uv": [395.852, 1322.953], "uv_size": [60.075, 86.422]},
								"west": {"uv": [395.852, 1322.953], "uv_size": [60.075, 86.422]},
								"up": {"uv": [455.927, 1409.375], "uv_size": [-60.075, -86.422]},
								"down": {"uv": [455.927, 1409.375], "uv_size": [-60.075, -86.422]}
							}
						},
						{
							"origin": [-5.38865, 10.86943, -0.89407],
							"size": [2.4, 1.6, 2.3],
							"inflate": -0.1,
							"pivot": [-4.18957, 11.47552, 0.20593],
							"rotation": [157.5, 0, 12.5],
							"uv": {
								"north": {"uv": [395.905, 1322.953], "uv_size": [60.076, 38.47]},
								"east": {"uv": [395.905, 1322.953], "uv_size": [60.076, 38.47]},
								"south": {"uv": [395.905, 1322.953], "uv_size": [60.076, 38.47]},
								"west": {"uv": [395.905, 1322.953], "uv_size": [60.076, 38.47]},
								"up": {"uv": [455.981, 1361.423], "uv_size": [-60.076, -38.47]},
								"down": {"uv": [1297.899, 1424.354], "uv_size": [-66.972, -66.433]}
							}
						}
					]
				},
				{
					"name": "cabeza",
					"parent": "bone9",
					"pivot": [-0.03182, 15.8581, -0.13678],
					"cubes": [
						{
							"origin": [-2.4, 17, -2.7],
							"size": [4.7, 3.6, 4.2],
							"inflate": 0.3,
							"uv": {
								"north": {"uv": [13.921, 1425.9], "uv_size": [172.585, 137.074]},
								"east": {"uv": [201.894, 1425.9], "uv_size": [169.555, 134.044]},
								"south": {"uv": [201.875, 1425.893], "uv_size": [169.554, 135.045]},
								"west": {"uv": [201.894, 1425.9], "uv_size": [169.555, 134.044]},
								"up": {"uv": [371.449, 1586.98], "uv_size": [-169.555, -161.08]},
								"down": {"uv": [733.523, 1348.012], "uv_size": [-24.526, -58.05]}
							}
						},
						{
							"origin": [0.4, 18.3, -3.1],
							"size": [1.6, 0.8, 0],
							"inflate": 0.1,
							"pivot": [1.2, 18.7, -3.1],
							"rotation": [0, 0, -4],
							"uv": {
								"north": {"uv": [95.491, 1473.974], "uv_size": [-58.526, 31.026]},
								"east": {"uv": [64.42, 1473.974], "uv_size": [-27.455, 30.982]},
								"south": {"uv": [95.491, 1473.974], "uv_size": [-58.526, 31.026]},
								"west": {"uv": [64.42, 1473.974], "uv_size": [-27.455, 30.982]},
								"up": {"uv": [36.965, 1481.92], "uv_size": [58.482, -7.946]},
								"down": {"uv": [36.965, 1481.92], "uv_size": [58.482, -7.946]}
							}
						},
						{
							"origin": [-2, 18.3, -3.1],
							"size": [1.6, 0.8, 0],
							"inflate": 0.1,
							"pivot": [-1.2, 18.7, -3.1],
							"rotation": [0, 0, 4],
							"uv": {
								"north": {"uv": [36.965, 1473.974], "uv_size": [58.526, 31.026]},
								"east": {"uv": [36.965, 1473.974], "uv_size": [27.455, 30.982]},
								"south": {"uv": [36.965, 1473.974], "uv_size": [58.526, 31.026]},
								"west": {"uv": [36.965, 1473.974], "uv_size": [27.455, 30.982]},
								"up": {"uv": [95.447, 1481.92], "uv_size": [-58.482, -7.946]},
								"down": {"uv": [95.447, 1481.92], "uv_size": [-58.482, -7.946]}
							}
						},
						{
							"origin": [-0.3, 16.8, -3.3],
							"size": [0.6, 1.8, 0.6],
							"pivot": [0, 17.6, -3.05],
							"rotation": [-17, 0, 0],
							"uv": {
								"north": {"uv": [476.965, 1393.974], "uv_size": [32.5, 65.982]},
								"east": {"uv": [476.965, 1393.974], "uv_size": [32.5, 65.982]},
								"south": {"uv": [476.965, 1393.974], "uv_size": [32.5, 65.982]},
								"west": {"uv": [476.965, 1393.974], "uv_size": [32.5, 65.982]},
								"up": {"uv": [592.5, 1376.875], "uv_size": [-32.5, -25.893]},
								"down": {"uv": [509.465, 1459.866], "uv_size": [-32.5, -42.901]}
							}
						},
						{
							"origin": [-2.4, 16, -2.7],
							"size": [0.9, 0.4, 4.2],
							"inflate": 0.3,
							"uv": {
								"north": {"uv": [13.921, 1549.858], "uv_size": [48.532, 37.027]},
								"east": {"uv": [201.894, 1534.896], "uv_size": [169.555, 52.036]},
								"south": {"uv": [211.979, 1550.995], "uv_size": [48.485, 37.026]},
								"west": {"uv": [705.966, 1289.962], "uv_size": [27.51, 52.036]},
								"up": {"uv": [371.449, 1586.98], "uv_size": [-169.555, -161.08]},
								"down": {"uv": [296.497, 1581.961], "uv_size": [-42.519, -149.006]}
							}
						},
						{
							"origin": [-1.1, 16.58911, -2.90453],
							"size": [2.1, 0.3, 0],
							"uv": {
								"north": {"uv": [700.953, 1375], "uv_size": [112.424, 21.799]},
								"east": {"uv": [686.979, 780.966], "uv_size": [109.423, 21.828]},
								"south": {"uv": [850.995, 577.983], "uv_size": [109.422, 21.828]},
								"west": {"uv": [702.983, 723.959], "uv_size": [109.423, 21.827]},
								"up": {"uv": [808.428, 1396.828], "uv_size": [-109.469, -21.828]},
								"down": {"uv": [836.411, 848.817], "uv_size": [-109.422, -21.828]}
							}
						},
						{
							"origin": [1.4, 16, -2.7],
							"size": [0.9, 0.4, 4.2],
							"inflate": 0.3,
							"uv": {
								"north": {"uv": [62.453, 1549.858], "uv_size": [-48.532, 37.027]},
								"east": {"uv": [733.476, 1289.962], "uv_size": [-27.51, 52.036]},
								"south": {"uv": [260.464, 1550.995], "uv_size": [-48.485, 37.026]},
								"west": {"uv": [371.449, 1534.896], "uv_size": [-169.555, 52.036]},
								"up": {"uv": [201.894, 1586.98], "uv_size": [169.555, -161.08]},
								"down": {"uv": [253.978, 1581.961], "uv_size": [42.519, -149.006]}
							}
						},
						{
							"origin": [-0.9, 16, 1.3],
							"size": [1.7, 0.4, 0.2],
							"inflate": 0.3,
							"uv": {
								"north": {"uv": [62.453, 1549.858], "uv_size": [-48.532, 37.027]},
								"east": {"uv": [733.476, 1289.962], "uv_size": [-27.51, 52.036]},
								"south": {"uv": [303.393, 1544.956], "uv_size": [-51.428, 42.991]},
								"west": {"uv": [371.449, 1534.896], "uv_size": [-169.555, 52.036]},
								"up": {"uv": [201.894, 1586.98], "uv_size": [169.555, -161.08]},
								"down": {"uv": [253.978, 1581.961], "uv_size": [42.519, -149.006]}
							}
						}
					]
				},
				{
					"name": "bone",
					"parent": "cabeza",
					"pivot": [0, 18.59, -2.53369],
					"cubes": [
						{
							"origin": [-3.3, 13.1, -3.3],
							"size": [3.5, 8.3, 0.5],
							"pivot": [-1.8, 18, -2.8],
							"rotation": [0, 10, 0],
							"uv": {
								"north": {"uv": [1376.923, 651.923], "uv_size": [98.919, 282.933]},
								"east": {"uv": [1356, 652], "uv_size": [16, 248]},
								"south": {"uv": [1479.928, 651.983], "uv_size": [-91.947, 84.916]},
								"west": {"uv": [1356, 652], "uv_size": [16, 248]},
								"up": {"uv": [1506.911, 670.914], "uv_size": [-118.93, -18.931]},
								"down": {"uv": [1506.911, 670.914], "uv_size": [-118.93, -18.931]}
							}
						},
						{
							"origin": [-2.7891, 18, -3.41845],
							"size": [2.6, 1, 0.2],
							"pivot": [-1.7391, 18.5, -3.31845],
							"rotation": [0, 10, 4],
							"uv": {
								"north": {"uv": [1506.971, 1368.991], "uv_size": [79.868, 28.906]},
								"east": {"uv": [1506.971, 1368.991], "uv_size": [79.868, 28.906]},
								"south": {"uv": [1506.971, 1368.991], "uv_size": [79.868, 28.906]},
								"west": {"uv": [1506.971, 1368.991], "uv_size": [79.868, 28.906]},
								"up": {"uv": [1586.839, 1397.897], "uv_size": [-79.868, -28.906]},
								"down": {"uv": [1586.839, 1397.897], "uv_size": [-79.868, -28.906]}
							}
						},
						{
							"origin": [0.3891, 18, -3.41845],
							"size": [2.4, 1, 0.2],
							"pivot": [1.7391, 18.5, -3.31845],
							"rotation": [0, -10, -4],
							"uv": {
								"north": {"uv": [1586.839, 1368.991], "uv_size": [-79.868, 28.906]},
								"east": {"uv": [1586.839, 1368.991], "uv_size": [-79.868, 28.906]},
								"south": {"uv": [1586.839, 1368.991], "uv_size": [-79.868, 28.906]},
								"west": {"uv": [1586.839, 1368.991], "uv_size": [-79.868, 28.906]},
								"up": {"uv": [1506.971, 1397.897], "uv_size": [79.868, -28.906]},
								"down": {"uv": [1506.971, 1397.897], "uv_size": [79.868, -28.906]}
							}
						},
						{
							"origin": [-1.9, 20.8, -3],
							"size": [1.9, 6.3, 0],
							"pivot": [-0.9, 21.2, -3],
							"rotation": [-6, 13, -10],
							"uv": {
								"north": {"uv": [1392.969, 435.998], "uv_size": [51.863, 199.94]},
								"east": {"uv": [892, 308], "uv_size": [92, 4]},
								"south": {"uv": [892, 308], "uv_size": [92, 4]},
								"west": {"uv": [892, 308], "uv_size": [92, 4]},
								"up": {"uv": [984, 312], "uv_size": [-92, -4]},
								"down": {"uv": [984, 312], "uv_size": [-92, -4]}
							}
						},
						{
							"origin": [0, 20.8, -3],
							"size": [1.9, 6.3, 0],
							"pivot": [0.9, 21.2, -3],
							"rotation": [-6, -13, 10],
							"uv": {
								"north": {"uv": [1371.635, 435.998], "uv_size": [-55.709, 199.94]},
								"east": {"uv": [984, 308], "uv_size": [-92, 4]},
								"south": {"uv": [984, 308], "uv_size": [-92, 4]},
								"west": {"uv": [984, 308], "uv_size": [-92, 4]},
								"up": {"uv": [892, 312], "uv_size": [92, -4]},
								"down": {"uv": [892, 312], "uv_size": [92, -4]}
							}
						},
						{
							"origin": [1.7, 20.3, -3],
							"size": [1.9, 6.1, 0],
							"pivot": [2.6, 20.7, -3],
							"rotation": [-16, -13, 33],
							"uv": {
								"north": {"uv": [1298.438, 435.998], "uv_size": [-59.555, 199.94]},
								"east": {"uv": [984, 308], "uv_size": [-92, 4]},
								"south": {"uv": [984, 308], "uv_size": [-92, 4]},
								"west": {"uv": [984, 308], "uv_size": [-92, 4]},
								"up": {"uv": [892, 312], "uv_size": [92, -4]},
								"down": {"uv": [892, 312], "uv_size": [92, -4]}
							}
						},
						{
							"origin": [-3.6, 20.3, -3],
							"size": [1.9, 6.1, 0],
							"pivot": [-2.6, 20.7, -3],
							"rotation": [-16, 13, -33],
							"uv": {
								"north": {"uv": [1165.866, 435.998], "uv_size": [59.435, 199.94]},
								"east": {"uv": [892, 308], "uv_size": [92, 4]},
								"south": {"uv": [892, 308], "uv_size": [92, 4]},
								"west": {"uv": [892, 308], "uv_size": [92, 4]},
								"up": {"uv": [984, 312], "uv_size": [-92, -4]},
								"down": {"uv": [984, 312], "uv_size": [-92, -4]}
							}
						},
						{
							"origin": [-0.1, 13.1, -3.3],
							"size": [3.4, 8.3, 0.5],
							"pivot": [1.8, 18, -2.8],
							"rotation": [0, -10, 0],
							"uv": {
								"north": {"uv": [1475.842, 651.923], "uv_size": [-98.919, 282.933]},
								"east": {"uv": [1372, 652], "uv_size": [-16, 248]},
								"south": {"uv": [1479.928, 651.983], "uv_size": [-91.947, 84.916]},
								"west": {"uv": [1372, 652], "uv_size": [-16, 248]},
								"up": {"uv": [1506.911, 670.914], "uv_size": [-118.93, -18.931]},
								"down": {"uv": [1506.911, 670.914], "uv_size": [-118.93, -18.931]}
							}
						},
						{
							"origin": [-2.4, 19.8, -2.7],
							"size": [4.7, 0, 4.2],
							"inflate": 0.4,
							"uv": {
								"north": {"uv": [892, 1068], "uv_size": [249.5, 47]},
								"east": {"uv": [892, 1068], "uv_size": [249.5, 47]},
								"south": {"uv": [892, 1068], "uv_size": [249.5, 47]},
								"west": {"uv": [892, 1068], "uv_size": [249.5, 47]},
								"up": {"uv": [1105.5, 267], "uv_size": [-249.5, -47]},
								"down": {"uv": [1005.5, 435], "uv_size": [-249.5, -47]}
							}
						}
					]
				},
				{
					"name": "bone3",
					"parent": "bone",
					"pivot": [0.0609, 16.4, -3.71845],
					"cubes": [
						{
							"origin": [0.0109, 15.9, -3.71845],
							"size": [0.5, 1, 0.2],
							"pivot": [0.2609, 16.4, -3.61845],
							"rotation": [0, 0, -10],
							"uv": {
								"north": {"uv": [1506.911, 1368.991], "uv_size": [37.861, 28.846]},
								"east": {"uv": [1506.911, 1368.991], "uv_size": [37.861, 28.846]},
								"south": {"uv": [1506.911, 1368.991], "uv_size": [37.861, 28.846]},
								"west": {"uv": [1506.911, 1368.991], "uv_size": [37.861, 28.846]},
								"up": {"uv": [1544.772, 1397.837], "uv_size": [-37.861, -28.846]},
								"down": {"uv": [1544.772, 1397.837], "uv_size": [-37.861, -28.846]}
							}
						},
						{
							"origin": [-0.1891, 15.9, -3.81845],
							"size": [0.5, 1, 0.2],
							"pivot": [0.0609, 16.4, -3.71845],
							"rotation": [-4, 0, 0],
							"uv": {
								"north": {"uv": [1506.911, 1368.991], "uv_size": [37.861, 28.846]},
								"east": {"uv": [1506.911, 1368.991], "uv_size": [37.861, 28.846]},
								"south": {"uv": [1506.911, 1368.991], "uv_size": [37.861, 28.846]},
								"west": {"uv": [1506.911, 1368.991], "uv_size": [37.861, 28.846]},
								"up": {"uv": [1544.772, 1397.837], "uv_size": [-37.861, -28.846]},
								"down": {"uv": [1544.772, 1397.837], "uv_size": [-37.861, -28.846]}
							}
						},
						{
							"origin": [-0.5891, 11.00819, -3.75309],
							"size": [1.2, 2.5, 0],
							"pivot": [0.0109, 12.50819, -3.75309],
							"rotation": [-14, 0, 0],
							"uv": {
								"north": {"uv": [1160.998, 758.714], "uv_size": [64.784, -109.735]},
								"east": {"uv": [898.979, 906.971], "uv_size": [37.86, 28.787]},
								"south": {"uv": [898.979, 906.971], "uv_size": [37.86, 28.787]},
								"west": {"uv": [898.979, 906.971], "uv_size": [37.86, 28.787]},
								"up": {"uv": [936.839, 935.758], "uv_size": [-37.86, -28.787]},
								"down": {"uv": [936.839, 935.758], "uv_size": [-37.86, -28.787]}
							}
						},
						{
							"origin": [-0.4109, 15.9, -3.71845],
							"size": [0.5, 1, 0.2],
							"pivot": [-0.1609, 16.4, -3.61845],
							"rotation": [0, 0, 10],
							"uv": {
								"north": {"uv": [1544.772, 1368.991], "uv_size": [-37.861, 28.846]},
								"east": {"uv": [1544.772, 1368.991], "uv_size": [-37.861, 28.846]},
								"south": {"uv": [1544.772, 1368.991], "uv_size": [-37.861, 28.846]},
								"west": {"uv": [1544.772, 1368.991], "uv_size": [-37.861, 28.846]},
								"up": {"uv": [1506.911, 1397.837], "uv_size": [37.861, -28.846]},
								"down": {"uv": [1506.911, 1397.837], "uv_size": [37.861, -28.846]}
							}
						}
					]
				},
				{
					"name": "mandibula",
					"parent": "cabeza",
					"pivot": [0, 16.3, 0.6],
					"rotation": [1.5, 0, 0],
					"cubes": [
						{
							"origin": [-0.9, 16, -2.7],
							"size": [1.7, 0.3, 3.2],
							"inflate": 0.4,
							"uv": {
								"north": {"uv": [77.983, 1553.978], "uv_size": [48.485, 31.013]},
								"east": {"uv": [77.983, 1553.978], "uv_size": [48.485, 31.013]},
								"south": {"uv": [77.983, 1553.978], "uv_size": [48.485, 31.013]},
								"west": {"uv": [77.983, 1553.978], "uv_size": [48.485, 31.013]},
								"up": {"uv": [809.47, 1289.915], "uv_size": [-109.47, 60.89]},
								"down": {"uv": [126.468, 1584.991], "uv_size": [-48.485, -31.013]}
							}
						},
						{
							"origin": [-1.2, 16.5, -3],
							"size": [1.9, 0.3, 0],
							"uv": {
								"north": {"uv": [700.953, 1396.799], "uv_size": [112.424, -21.799]},
								"east": {"uv": [686.979, 802.794], "uv_size": [109.423, -21.828]},
								"south": {"uv": [850.995, 599.811], "uv_size": [109.422, -21.828]},
								"west": {"uv": [702.983, 745.786], "uv_size": [109.423, -21.827]},
								"up": {"uv": [836.411, 826.989], "uv_size": [-109.422, 21.828]},
								"down": {"uv": [808.428, 1375], "uv_size": [-109.469, 21.828]}
							}
						},
						{
							"origin": [0.8, 16.5, -3.1],
							"size": [0.2, 0.6, 0.2],
							"pivot": [0.95, 16.8, -2.9],
							"rotation": [12, 0, 0],
							"uv": {
								"north": {"uv": [830.984, 1306.746], "uv_size": [24.39, -53.773]},
								"east": {"uv": [830.984, 1306.746], "uv_size": [24.39, -53.773]},
								"south": {"uv": [830.984, 1306.746], "uv_size": [24.39, -53.773]},
								"west": {"uv": [830.984, 1306.746], "uv_size": [24.39, -53.773]},
								"up": {"uv": [855.374, 1252.973], "uv_size": [-24.39, 53.773]},
								"down": {"uv": [855.374, 1252.973], "uv_size": [-24.39, 53.773]}
							}
						}
					]
				},
				{
					"name": "bone11",
					"parent": "cabeza",
					"pivot": [-2.8, 19.275, -0.9],
					"rotation": [0, 15, 2],
					"cubes": [
						{
							"origin": [-5.62765, 18.93742, -0.97561],
							"size": [0.1, 0.3, 0],
							"inflate": 0.3,
							"uv": {
								"north": {"uv": [508.097, 1532.955], "uv_size": [-34.233, 9.943]},
								"east": {"uv": [248.985, 1478.985], "uv_size": [58.359, 47.968]},
								"south": {"uv": [248.985, 1478.985], "uv_size": [58.359, 47.968]},
								"west": {"uv": [224.195, 1195.976], "uv_size": [-34.233, 9.896]},
								"up": {"uv": [307.344, 1526.953], "uv_size": [-58.359, -47.968]},
								"down": {"uv": [307.344, 1526.953], "uv_size": [-58.359, -47.968]}
							}
						},
						{
							"origin": [-4.92765, 17.83742, -0.97561],
							"size": [2.5, 1.4, 0],
							"inflate": 0.3,
							"uv": {
								"north": {"uv": [487.311, 1526.989], "uv_size": [-97.396, 58.002]},
								"east": {"uv": [248.985, 1478.985], "uv_size": [58.359, 47.968]},
								"south": {"uv": [248.985, 1478.985], "uv_size": [118.437, 57.969]},
								"west": {"uv": [175, 1120.976], "uv_size": [118.466, 58.001]},
								"up": {"uv": [307.344, 1526.953], "uv_size": [-58.359, -47.968]},
								"down": {"uv": [307.344, 1526.953], "uv_size": [-58.359, -47.968]}
							}
						}
					]
				},
				{
					"name": "bone2",
					"parent": "cabeza",
					"pivot": [2.8, 19.275, -0.9],
					"rotation": [0, -15, -2],
					"cubes": [
						{
							"origin": [5.52765, 18.93742, -0.97561],
							"size": [0.1, 0.3, 0],
							"inflate": 0.3,
							"uv": {
								"north": {"uv": [473.864, 1532.955], "uv_size": [34.233, 9.943]},
								"east": {"uv": [189.962, 1195.976], "uv_size": [34.233, 9.896]},
								"south": {"uv": [307.344, 1478.985], "uv_size": [-58.359, 47.968]},
								"west": {"uv": [307.344, 1478.985], "uv_size": [-58.359, 47.968]},
								"up": {"uv": [248.985, 1526.953], "uv_size": [58.359, -47.968]},
								"down": {"uv": [248.985, 1526.953], "uv_size": [58.359, -47.968]}
							}
						},
						{
							"origin": [2.42765, 17.83742, -0.97561],
							"size": [2.5, 1.4, 0],
							"inflate": 0.3,
							"uv": {
								"north": {"uv": [389.915, 1526.989], "uv_size": [97.396, 58.002]},
								"east": {"uv": [293.466, 1120.976], "uv_size": [-118.466, 58.001]},
								"south": {"uv": [367.422, 1478.985], "uv_size": [-118.437, 57.969]},
								"west": {"uv": [307.344, 1478.985], "uv_size": [-58.359, 47.968]},
								"up": {"uv": [248.985, 1526.953], "uv_size": [58.359, -47.968]},
								"down": {"uv": [248.985, 1526.953], "uv_size": [58.359, -47.968]}
							}
						}
					]
				},
				{
					"name": "brazo1",
					"parent": "bone9",
					"pivot": [3.20212, 14.08765, 0.04679],
					"rotation": [-22.93162, -26.12797, -8.89674],
					"cubes": [
						{
							"origin": [2.9, 11.47385, -1.00114],
							"size": [2.4, 3.6, 2.4],
							"pivot": [4.1, 13.22385, 0.19886],
							"rotation": [0, 0, -12.5],
							"uv": {
								"north": {"uv": [456.035, 1322.953], "uv_size": [-60.076, 93.481]},
								"east": {"uv": [456.035, 1322.953], "uv_size": [-60.076, 93.481]},
								"south": {"uv": [456.035, 1322.953], "uv_size": [-60.076, 93.481]},
								"west": {"uv": [456.035, 1322.953], "uv_size": [-60.076, 93.481]},
								"up": {"uv": [395.959, 1416.434], "uv_size": [60.076, -93.481]},
								"down": {"uv": [395.959, 1416.434], "uv_size": [60.076, -93.481]}
							}
						}
					]
				},
				{
					"name": "flexion",
					"parent": "brazo1",
					"pivot": [4.5, 11.62385, 0.49886],
					"rotation": [-6.12434, 4.82877, 19.91791],
					"cubes": [
						{
							"origin": [3.39687, 11.04457, -0.55369],
							"size": [2.4, 4.1, 2.4],
							"pivot": [4.48957, 10.87552, 0.30593],
							"rotation": [143, -1, -12.5],
							"uv": {
								"north": {"uv": [455.927, 1322.953], "uv_size": [-60.075, 86.422]},
								"east": {"uv": [455.927, 1322.953], "uv_size": [-60.075, 86.422]},
								"south": {"uv": [455.927, 1322.953], "uv_size": [-60.075, 86.422]},
								"west": {"uv": [455.927, 1322.953], "uv_size": [-60.075, 86.422]},
								"up": {"uv": [395.852, 1409.375], "uv_size": [60.075, -86.422]},
								"down": {"uv": [395.852, 1409.375], "uv_size": [60.075, -86.422]}
							}
						},
						{
							"origin": [3.28865, 10.86943, -0.89407],
							"size": [2.4, 1.6, 2.3],
							"inflate": -0.1,
							"pivot": [4.48957, 11.47552, 0.20593],
							"rotation": [157.5, 0, -12.5],
							"uv": {
								"north": {"uv": [455.981, 1322.953], "uv_size": [-60.076, 38.47]},
								"east": {"uv": [455.981, 1322.953], "uv_size": [-60.076, 38.47]},
								"south": {"uv": [455.981, 1322.953], "uv_size": [-60.076, 38.47]},
								"west": {"uv": [455.981, 1322.953], "uv_size": [-60.076, 38.47]},
								"up": {"uv": [395.905, 1361.423], "uv_size": [60.076, -38.47]},
								"down": {"uv": [1230.927, 1424.354], "uv_size": [66.972, -66.433]}
							}
						}
					]
				},
				{
					"name": "oz",
					"parent": "flexion",
					"pivot": [4.79829, 10.91152, 2.20257],
					"cubes": [
						{
							"origin": [3.63118, 13.47975, -6.74017],
							"size": [1.498, 1.498, 22.12],
							"inflate": -0.4,
							"pivot": [4.79829, 10.17952, 2.32457],
							"rotation": [143, -1, -12.5],
							"uv": {
								"north": {"uv": [591.887, 764.964], "uv_size": [-576.923, 35.277]},
								"east": {"uv": [591.887, 764.964], "uv_size": [-576.923, 35.277]},
								"south": {"uv": [591.887, 764.964], "uv_size": [-576.923, 35.277]},
								"west": {"uv": [591.887, 764.964], "uv_size": [-576.923, 35.277]},
								"up": {"uv": [14.964, 1404.029], "uv_size": [30.769, -577.166]},
								"down": {"uv": [14.964, 1404.029], "uv_size": [30.769, -577.166]}
							}
						},
						{
							"origin": [3.63118, 13.47975, 12.25983],
							"size": [1.498, 1.498, 3.12],
							"inflate": -0.3,
							"pivot": [4.79829, 10.17952, 2.32457],
							"rotation": [143, -1, -12.5],
							"uv": {
								"north": {"uv": [1333.955, 964.964], "uv_size": [38.822, 65.144]},
								"east": {"uv": [1333.955, 964.964], "uv_size": [38.822, 65.144]},
								"south": {"uv": [1333.955, 964.964], "uv_size": [38.822, 65.144]},
								"west": {"uv": [1333.955, 964.964], "uv_size": [38.822, 65.144]},
								"up": {"uv": [1372.777, 1030.108], "uv_size": [-38.822, -65.144]},
								"down": {"uv": [1372.777, 1030.108], "uv_size": [-38.822, -65.144]}
							}
						},
						{
							"origin": [3.29304, 12.63272, -9.72066],
							"size": [1.498, 3.298, 1.72],
							"inflate": -0.5,
							"pivot": [4.04204, 12.68172, -10.36066],
							"rotation": [53, -1, -12.5],
							"uv": {
								"north": {"uv": [259.616, 814.984], "uv_size": [-195.633, 57.132]},
								"east": {"uv": [63.978, 1070.017], "uv_size": [54.561, -179.054]},
								"south": {"uv": [259.616, 814.984], "uv_size": [-195.633, 57.132]},
								"west": {"uv": [63.978, 1070.017], "uv_size": [54.561, -179.054]},
								"up": {"uv": [63.983, 872.116], "uv_size": [195.633, -57.132]},
								"down": {"uv": [63.983, 872.116], "uv_size": [195.633, -57.132]}
							}
						},
						{
							"origin": [3.29304, 14.53272, -9.72066],
							"size": [1.498, 2.098, 1.72],
							"inflate": -0.6,
							"pivot": [4.04204, 12.68172, -10.36066],
							"rotation": [53, -1, -12.5],
							"uv": {
								"north": {"uv": [259.616, 814.984], "uv_size": [-195.633, 57.132]},
								"east": {"uv": [63.978, 1070.017], "uv_size": [54.561, -179.054]},
								"south": {"uv": [259.616, 814.984], "uv_size": [-195.633, 57.132]},
								"west": {"uv": [63.978, 1070.017], "uv_size": [54.561, -179.054]},
								"up": {"uv": [63.983, 872.116], "uv_size": [195.633, -57.132]},
								"down": {"uv": [63.983, 872.116], "uv_size": [195.633, -57.132]}
							}
						}
					]
				},
				{
					"name": "bone7",
					"parent": "oz",
					"pivot": [3.80942, 15.41608, -14.38218],
					"rotation": [0, 0, -3]
				},
				{
					"name": "cuerpo",
					"parent": "bone9",
					"pivot": [0, 0, 0],
					"cubes": [
						{
							"origin": [-2.5, 8.6, -1.2],
							"size": [5, 3.3, 3],
							"inflate": 0.1,
							"uv": {
								"north": {"uv": [703.967, 1421.995], "uv_size": [101.442, 152.885]},
								"east": {"uv": [703.967, 1421.995], "uv_size": [101.442, 152.885]},
								"south": {"uv": [829.988, 1418.991], "uv_size": [155.349, 152.884]},
								"west": {"uv": [703.967, 1421.995], "uv_size": [101.442, 152.885]},
								"up": {"uv": [805.409, 1574.88], "uv_size": [-101.442, -152.885]},
								"down": {"uv": [805.409, 1574.88], "uv_size": [-101.442, -152.885]}
							}
						},
						{
							"origin": [-2.4, 8.7, -1.4],
							"size": [4.8, 0, 3.2],
							"inflate": 0.3,
							"uv": {
								"north": {"uv": [1503.967, 1368.931], "uv_size": [77.283, 18.81]},
								"east": {"uv": [1503.967, 1368.931], "uv_size": [77.283, 18.81]},
								"south": {"uv": [1503.967, 1368.931], "uv_size": [77.283, 18.81]},
								"west": {"uv": [1503.967, 1368.931], "uv_size": [77.283, 18.81]},
								"up": {"uv": [1353.185, 641.707], "uv_size": [-77.223, -18.75]},
								"down": {"uv": [1550.18, 741.707], "uv_size": [-77.223, -18.75]}
							}
						},
						{
							"origin": [-2.5, 8.8, -1.6],
							"size": [5, 3.1, 3.1],
							"pivot": [0, 10.25, 0],
							"rotation": [-4, 0, 0],
							"uv": {
								"north": {"uv": [537.981, 1464.964], "uv_size": [137.44, 116.046]},
								"east": {"uv": [552.945, 1422.957], "uv_size": [125.481, 116.046]},
								"south": {"uv": [552.945, 1422.957], "uv_size": [125.481, 116.046]},
								"west": {"uv": [552.945, 1422.957], "uv_size": [125.481, 116.046]},
								"up": {"uv": [678.426, 1539.003], "uv_size": [-125.481, -116.046]},
								"down": {"uv": [678.426, 1539.003], "uv_size": [-125.481, -116.046]}
							}
						},
						{
							"origin": [-0.8, 14.56429, -1.24239],
							"size": [1.9, 1.4, 1.5],
							"inflate": 0.2,
							"pivot": [0.15, 15.41429, -0.34239],
							"rotation": [37.5, 0, 0],
							"uv": {
								"north": {"uv": [910.982, 1327.991], "uv_size": [62.5, 52.947]},
								"east": {"uv": [910.982, 1327.991], "uv_size": [62.5, 52.947]},
								"south": {"uv": [910.982, 1327.991], "uv_size": [62.5, 52.947]},
								"west": {"uv": [910.982, 1327.991], "uv_size": [62.5, 52.947]},
								"up": {"uv": [973.482, 1380.938], "uv_size": [-62.5, -52.947]},
								"down": {"uv": [973.482, 1380.938], "uv_size": [-62.5, -52.947]}
							}
						},
						{
							"origin": [-2.4, 12, -1.3],
							"size": [4.8, 2.9, 3],
							"inflate": 0.3,
							"pivot": [0, 13.45, 0.2],
							"rotation": [5.5, 0, 0],
							"uv": {
								"north": {"uv": [537.981, 1318.991], "uv_size": [139.363, 71.875]},
								"east": {"uv": [897.296, 1325.902], "uv_size": [-67.308, 72.596]},
								"south": {"uv": [829.988, 1325.902], "uv_size": [155.349, 72.656]},
								"west": {"uv": [829.988, 1325.902], "uv_size": [67.308, 72.596]},
								"up": {"uv": [677.344, 1390.866], "uv_size": [-139.363, -71.875]},
								"down": {"uv": [677.344, 1390.866], "uv_size": [-139.363, -71.875]}
							}
						},
						{
							"origin": [-2.5, 12.0941, -1.56621],
							"size": [2.2, 2.1, 0.9],
							"inflate": 0.2,
							"pivot": [-1.35, 13.0441, -1.51621],
							"rotation": [-3.5, 0, 4],
							"uv": {
								"north": {"uv": [391.947, 1437.981], "uv_size": [65.325, 67.789]},
								"east": {"uv": [897.296, 1325.902], "uv_size": [-67.308, 72.596]},
								"south": {"uv": [829.988, 1325.902], "uv_size": [155.349, 72.656]},
								"west": {"uv": [829.988, 1325.902], "uv_size": [67.308, 72.596]},
								"up": {"uv": [677.344, 1390.866], "uv_size": [-139.363, -71.875]},
								"down": {"uv": [677.344, 1390.866], "uv_size": [-139.363, -71.875]}
							}
						},
						{
							"origin": [0.3, 12.0941, -1.56621],
							"size": [2.2, 2.1, 0.9],
							"inflate": 0.2,
							"pivot": [1.35, 13.0441, -1.51621],
							"rotation": [-3.5, 0, -4],
							"uv": {
								"north": {"uv": [457.272, 1437.981], "uv_size": [-65.325, 67.789]},
								"east": {"uv": [897.296, 1325.902], "uv_size": [-67.308, 72.596]},
								"south": {"uv": [985.337, 1325.902], "uv_size": [-155.349, 72.656]},
								"west": {"uv": [829.988, 1325.902], "uv_size": [67.308, 72.596]},
								"up": {"uv": [537.981, 1390.866], "uv_size": [139.363, -71.875]},
								"down": {"uv": [537.981, 1390.866], "uv_size": [139.363, -71.875]}
							}
						},
						{
							"origin": [-1, 6.8, -1.5],
							"size": [2, 2.2, 3.3],
							"uv": {
								"north": {"uv": [1295.974, 1018.991], "uv_size": [133.894, 117.187]},
								"east": {"uv": [1295.974, 1018.991], "uv_size": [133.894, 117.187]},
								"south": {"uv": [1295.974, 1018.991], "uv_size": [133.894, 117.187]},
								"west": {"uv": [1295.974, 1018.991], "uv_size": [133.894, 117.187]},
								"up": {"uv": [1429.868, 1136.178], "uv_size": [-133.894, -117.187]},
								"down": {"uv": [1429.868, 1136.178], "uv_size": [-133.894, -117.187]}
							}
						}
					]
				},
				{
					"name": "bone6",
					"parent": "cuerpo",
					"pivot": [-0.05, 8.33905, -1.48363],
					"cubes": [
						{
							"origin": [-2, 4.68905, -1.73363],
							"size": [3.9, 4.3, 0.5],
							"pivot": [0, 6.88905, -1.73363],
							"rotation": [-6, 0, 0],
							"uv": {
								"north": {"uv": [1440.565, 1057.933], "uv_size": [-125.601, 219.111]},
								"east": {"uv": [1314.964, 1072.957], "uv_size": [48.558, 204.087]},
								"south": {"uv": [1109.968, 785.992], "uv_size": [94.828, 173.222]},
								"west": {"uv": [1314.964, 1072.957], "uv_size": [48.558, 204.087]},
								"up": {"uv": [1101.886, 978.179], "uv_size": [-53.933, -47.198]},
								"down": {"uv": [973.923, 871.175], "uv_size": [-53.933, -47.198]}
							}
						}
					]
				},
				{
					"name": "bone8",
					"parent": "cuerpo",
					"pivot": [0, 8.18905, 1.93363],
					"cubes": [
						{
							"origin": [-2.5, 3.78925, 1.11094],
							"size": [5, 5, 0.9],
							"pivot": [0, 8.18905, 1.93363],
							"rotation": [1, 0, 0],
							"uv": {
								"north": {"uv": [1001.623, 445.974], "uv_size": [-125.661, 173.197]},
								"east": {"uv": [1314.964, 1072.957], "uv_size": [48.558, 204.087]},
								"south": {"uv": [1471.455, 1049.94], "uv_size": [-179.508, 227.104]},
								"west": {"uv": [548.979, 410.998], "uv_size": [48.557, 204.086]},
								"up": {"uv": [1410.998, 1330.169], "uv_size": [125.721, -173.198]},
								"down": {"uv": [964.964, 684.195], "uv_size": [125.661, -173.197]}
							}
						}
					]
				}
			]
		}
	]
}