{
	"format_version": "1.12.0",
	"minecraft:geometry": [
		{
			"description": {
				"identifier": "geometry.carnival_goblin_mask",
				"texture_width": 1600,
				"texture_height": 1600,
				"visible_bounds_width": 3,
				"visible_bounds_height": 4.5,
				"visible_bounds_offset": [0, 1.75, 0]
			},
			"bones": [
				{
					"name": "head",
					"pivot": [0, 24, 0],
					"mirror": true,
					"cubes": [
						{
							"origin": [0.01526, 25.16, -5.06583],
							"size": [0.7, 1.4, 0.28],
							"pivot": [0.36526, 25.86, -4.92583],
							"rotation": [0, 0, -10],
							"uv": {
								"north": {"uv": [1506.911, 1368.991], "uv_size": [37.861, 28.846]},
								"east": {"uv": [1506.911, 1368.991], "uv_size": [37.861, 28.846]},
								"south": {"uv": [1506.911, 1368.991], "uv_size": [37.861, 28.846]},
								"west": {"uv": [1506.911, 1368.991], "uv_size": [37.861, 28.846]},
								"up": {"uv": [1544.772, 1397.837], "uv_size": [-37.861, -28.846]},
								"down": {"uv": [1544.772, 1397.837], "uv_size": [-37.861, -28.846]}
							}
						},
						{
							"origin": [-0.26474, 25.16, -5.20583],
							"size": [0.7, 1.4, 0.28],
							"pivot": [0.08526, 25.86, -5.06583],
							"rotation": [-4, 0, 0],
							"uv": {
								"north": {"uv": [1506.911, 1368.991], "uv_size": [37.861, 28.846]},
								"east": {"uv": [1506.911, 1368.991], "uv_size": [37.861, 28.846]},
								"south": {"uv": [1506.911, 1368.991], "uv_size": [37.861, 28.846]},
								"west": {"uv": [1506.911, 1368.991], "uv_size": [37.861, 28.846]},
								"up": {"uv": [1544.772, 1397.837], "uv_size": [-37.861, -28.846]},
								"down": {"uv": [1544.772, 1397.837], "uv_size": [-37.861, -28.846]}
							}
						},
						{
							"origin": [-0.82474, 18.31147, -5.11433],
							"size": [1.68, 3.5, 0],
							"pivot": [0.01526, 20.41147, -5.11433],
							"rotation": [-14, 0, 0],
							"uv": {
								"north": {"uv": [1160.998, 758.714], "uv_size": [64.784, -109.735]},
								"east": {"uv": [898.979, 906.971], "uv_size": [37.86, 28.787]},
								"south": {"uv": [898.979, 906.971], "uv_size": [37.86, 28.787]},
								"west": {"uv": [898.979, 906.971], "uv_size": [37.86, 28.787]},
								"up": {"uv": [936.839, 935.758], "uv_size": [-37.86, -28.787]},
								"down": {"uv": [936.839, 935.758], "uv_size": [-37.86, -28.787]}
							}
						},
						{
							"origin": [-0.57526, 25.16, -5.06583],
							"size": [0.7, 1.4, 0.28],
							"pivot": [-0.22526, 25.86, -4.92583],
							"rotation": [0, 0, 10],
							"uv": {
								"north": {"uv": [1544.772, 1368.991], "uv_size": [-37.861, 28.846]},
								"east": {"uv": [1544.772, 1368.991], "uv_size": [-37.861, 28.846]},
								"south": {"uv": [1544.772, 1368.991], "uv_size": [-37.861, 28.846]},
								"west": {"uv": [1544.772, 1368.991], "uv_size": [-37.861, 28.846]},
								"up": {"uv": [1506.911, 1397.837], "uv_size": [37.861, -28.846]},
								"down": {"uv": [1506.911, 1397.837], "uv_size": [37.861, -28.846]}
							}
						},
						{
							"origin": [-4.62, 21.24, -4.48],
							"size": [4.9, 11.62, 0.7],
							"pivot": [-2.52, 28.1, -3.78],
							"rotation": [0, 10, 0],
							"uv": {
								"north": {"uv": [1376.923, 651.923], "uv_size": [98.919, 282.933]},
								"east": {"uv": [1356, 652], "uv_size": [16, 248]},
								"south": {"uv": [1479.928, 651.983], "uv_size": [-91.947, 84.916]},
								"west": {"uv": [1356, 652], "uv_size": [16, 248]},
								"up": {"uv": [1506.911, 670.914], "uv_size": [-118.93, -18.931]},
								"down": {"uv": [1506.911, 670.914], "uv_size": [-118.93, -18.931]}
							}
						},
						{
							"origin": [-3.90474, 28.1, -4.64583],
							"size": [2.94, 1.4, 0.28],
							"pivot": [-2.43474, 28.8, -4.50583],
							"rotation": [0, 10, 4],
							"uv": {
								"north": {"uv": [1506.971, 1368.991], "uv_size": [79.868, 28.906]},
								"east": {"uv": [1506.971, 1368.991], "uv_size": [79.868, 28.906]},
								"south": {"uv": [1506.971, 1368.991], "uv_size": [79.868, 28.906]},
								"west": {"uv": [1506.971, 1368.991], "uv_size": [79.868, 28.906]},
								"up": {"uv": [1586.839, 1397.897], "uv_size": [-79.868, -28.906]},
								"down": {"uv": [1586.839, 1397.897], "uv_size": [-79.868, -28.906]}
							}
						},
						{
							"origin": [0.96474, 28.1, -4.64583],
							"size": [2.94, 1.4, 0.28],
							"pivot": [2.43474, 28.8, -4.50583],
							"rotation": [0, -10, -4],
							"uv": {
								"north": {"uv": [1586.839, 1368.991], "uv_size": [-79.868, 28.906]},
								"east": {"uv": [1586.839, 1368.991], "uv_size": [-79.868, 28.906]},
								"south": {"uv": [1586.839, 1368.991], "uv_size": [-79.868, 28.906]},
								"west": {"uv": [1586.839, 1368.991], "uv_size": [-79.868, 28.906]},
								"up": {"uv": [1506.971, 1397.897], "uv_size": [79.868, -28.906]},
								"down": {"uv": [1506.971, 1397.897], "uv_size": [79.868, -28.906]}
							}
						},
						{
							"origin": [-2.66, 32.02, -4.06],
							"size": [2.66, 8.82, 0],
							"pivot": [-1.26, 32.58, -4.06],
							"rotation": [-6, 13, -10],
							"uv": {
								"north": {"uv": [1392.969, 435.998], "uv_size": [51.863, 199.94]},
								"east": {"uv": [892, 308], "uv_size": [92, 4]},
								"south": {"uv": [892, 308], "uv_size": [92, 4]},
								"west": {"uv": [892, 308], "uv_size": [92, 4]},
								"up": {"uv": [984, 312], "uv_size": [-92, -4]},
								"down": {"uv": [984, 312], "uv_size": [-92, -4]}
							}
						},
						{
							"origin": [0, 32.02, -4.06],
							"size": [2.66, 8.82, 0],
							"pivot": [1.26, 32.58, -4.06],
							"rotation": [-6, -13, 10],
							"uv": {
								"north": {"uv": [1371.635, 435.998], "uv_size": [-55.709, 199.94]},
								"east": {"uv": [984, 308], "uv_size": [-92, 4]},
								"south": {"uv": [984, 308], "uv_size": [-92, 4]},
								"west": {"uv": [984, 308], "uv_size": [-92, 4]},
								"up": {"uv": [892, 312], "uv_size": [92, -4]},
								"down": {"uv": [892, 312], "uv_size": [92, -4]}
							}
						},
						{
							"origin": [2.38, 31.32, -4.06],
							"size": [2.66, 8.54, 0],
							"pivot": [3.64, 31.88, -4.06],
							"rotation": [-16, -13, 33],
							"uv": {
								"north": {"uv": [1298.438, 435.998], "uv_size": [-59.555, 199.94]},
								"east": {"uv": [984, 308], "uv_size": [-92, 4]},
								"south": {"uv": [984, 308], "uv_size": [-92, 4]},
								"west": {"uv": [984, 308], "uv_size": [-92, 4]},
								"up": {"uv": [892, 312], "uv_size": [92, -4]},
								"down": {"uv": [892, 312], "uv_size": [92, -4]}
							}
						},
						{
							"origin": [-5.04, 31.32, -4.06],
							"size": [2.66, 8.54, 0],
							"pivot": [-3.64, 31.88, -4.06],
							"rotation": [-16, 13, -33],
							"uv": {
								"north": {"uv": [1165.866, 435.998], "uv_size": [59.435, 199.94]},
								"east": {"uv": [892, 308], "uv_size": [92, 4]},
								"south": {"uv": [892, 308], "uv_size": [92, 4]},
								"west": {"uv": [892, 308], "uv_size": [92, 4]},
								"up": {"uv": [984, 312], "uv_size": [-92, -4]},
								"down": {"uv": [984, 312], "uv_size": [-92, -4]}
							}
						},
						{
							"origin": [-0.14, 21.24, -4.48],
							"size": [4.76, 11.62, 0.7],
							"pivot": [2.52, 28.1, -3.78],
							"rotation": [0, -10, 0],
							"uv": {
								"north": {"uv": [1475.842, 651.923], "uv_size": [-98.919, 282.933]},
								"east": {"uv": [1372, 652], "uv_size": [-16, 248]},
								"south": {"uv": [1479.928, 651.983], "uv_size": [-91.947, 84.916]},
								"west": {"uv": [1372, 652], "uv_size": [-16, 248]},
								"up": {"uv": [1506.911, 670.914], "uv_size": [-118.93, -18.931]},
								"down": {"uv": [1506.911, 670.914], "uv_size": [-118.93, -18.931]}
							}
						},
						{
							"origin": [-3.72, 30.46, -3.8],
							"size": [7.5, 0.32, 7.6],
							"inflate": 0.4,
							"uv": {
								"north": {"uv": [892, 1068], "uv_size": [249.5, 47]},
								"east": {"uv": [892, 1068], "uv_size": [249.5, 47]},
								"south": {"uv": [892, 1068], "uv_size": [249.5, 47]},
								"west": {"uv": [892, 1068], "uv_size": [249.5, 47]},
								"up": {"uv": [1105.5, 267], "uv_size": [-249.5, -47]},
								"down": {"uv": [1005.5, 435], "uv_size": [-249.5, -47]}
							}
						}
					]
				}
			]
		}
	]
}