{
	"format_version": "1.12.0",
	"minecraft:geometry": [
		{
			"description": {
				"identifier": "geometry.duende",
				"texture_width": 1600,
				"texture_height": 1600,
				"visible_bounds_width": 2,
				"visible_bounds_height": 2.5,
				"visible_bounds_offset": [0, 0.75, 0]
			},
			"bones": [
				{
					"name": "cuerpo",
					"pivot": [0, 0, 0],
					"cubes": [
						{
							"origin": [-2.5, 8.6, -1.2],
							"size": [5, 3.3, 3],
							"inflate": 0.1,
							"uv": {
								"north": {"uv": [1023.977, 1357.921], "uv_size": [163.685, 137.122]},
								"east": {"uv": [1023.977, 1357.921], "uv_size": [108.62, 137.069]},
								"south": {"uv": [1023.977, 1357.921], "uv_size": [163.685, 137.122]},
								"west": {"uv": [1023.977, 1357.921], "uv_size": [108.62, 137.069]},
								"up": {"uv": [342.888, 1546.175], "uv_size": [-115.894, -71.175]},
								"down": {"uv": [897.953, 1385.237], "uv_size": [-53.987, -47.252]}
							}
						},
						{
							"origin": [-2.5, 8.6, -1.5],
							"size": [5, 3.3, 3],
							"pivot": [0, 10.25, 0],
							"rotation": [-4, 0, 0],
							"uv": {
								"north": {"uv": [1040.949, 1357.921], "uv_size": [125.592, 116.056]},
								"east": {"uv": [1140.949, 1357.921], "uv_size": [25.538, 116.002]},
								"south": {"uv": [1040.949, 1357.921], "uv_size": [125.592, 116.056]},
								"west": {"uv": [1140.949, 1357.921], "uv_size": [25.538, 116.002]},
								"up": {"uv": [1166.541, 1473.977], "uv_size": [-125.592, -116.056]},
								"down": {"uv": [1166.541, 1473.977], "uv_size": [-125.592, -116.056]}
							}
						},
						{
							"origin": [-0.8, 14.94536, -1.23754],
							"size": [1.9, 0.9, 1.5],
							"inflate": 0.2,
							"pivot": [0.15, 15.89536, -0.48754],
							"rotation": [22.5, 0, 0],
							"uv": {
								"north": {"uv": [910.982, 1327.991], "uv_size": [62.5, 52.947]},
								"east": {"uv": [910.982, 1327.991], "uv_size": [62.5, 52.947]},
								"south": {"uv": [910.982, 1327.991], "uv_size": [62.5, 52.947]},
								"west": {"uv": [910.982, 1327.991], "uv_size": [62.5, 52.947]},
								"up": {"uv": [973.482, 1380.938], "uv_size": [-62.5, -52.947]},
								"down": {"uv": [973.482, 1380.938], "uv_size": [-62.5, -52.947]}
							}
						},
						{
							"origin": [-2.9, 12, -1.3],
							"size": [5.8, 2.9, 3],
							"inflate": 0.3,
							"pivot": [0, 13.45, 0.2],
							"rotation": [5.5, 0, 0],
							"uv": {
								"north": {"uv": [826.994, 1412.985], "uv_size": [156.519, 82.005]},
								"east": {"uv": [1071.983, 1385.992], "uv_size": [56.358, 82.004]},
								"south": {"uv": [826.994, 1437.931], "uv_size": [146.552, 98.977]},
								"west": {"uv": [1071.983, 1385.992], "uv_size": [56.358, 82.004]},
								"up": {"uv": [987.393, 1446.768], "uv_size": [-157.436, -32.867]},
								"down": {"uv": [1132.597, 1494.99], "uv_size": [-108.62, -137.069]}
							}
						},
						{
							"origin": [-1, 6.8, -1.5],
							"size": [2, 2.2, 3.3],
							"uv": {
								"north": {"uv": [843.966, 1337.985], "uv_size": [53.987, 47.252]},
								"east": {"uv": [843.966, 1337.985], "uv_size": [53.987, 47.252]},
								"south": {"uv": [843.966, 1337.985], "uv_size": [53.987, 47.252]},
								"west": {"uv": [843.966, 1337.985], "uv_size": [53.987, 47.252]},
								"up": {"uv": [897.953, 1385.237], "uv_size": [-53.987, -47.252]},
								"down": {"uv": [897.953, 1385.237], "uv_size": [-53.987, -47.252]}
							}
						},
						{
							"origin": [-1.3, 4.78905, -1.73363],
							"size": [2.5, 4.2, 0.5],
							"pivot": [0, 6.88905, -1.73363],
							"rotation": [-6, 0, 0],
							"uv": {
								"north": {"uv": [1036.962, 1409.914], "uv_size": [94.881, 173.222]},
								"east": {"uv": [1036.962, 1409.914], "uv_size": [56.788, 173.222]},
								"south": {"uv": [1109.968, 785.992], "uv_size": [94.828, 173.222]},
								"west": {"uv": [1036.962, 1409.914], "uv_size": [56.788, 173.222]},
								"up": {"uv": [1101.886, 978.179], "uv_size": [-53.933, -47.198]},
								"down": {"uv": [973.923, 871.175], "uv_size": [-53.933, -47.198]}
							}
						},
						{
							"origin": [-1.3, 4.78905, 1.13363],
							"size": [2.5, 4.2, 0.8],
							"pivot": [0, 6.88905, 1.93363],
							"rotation": [1, 0, 0],
							"uv": {
								"north": {"uv": [1204.796, 785.992], "uv_size": [-94.828, 173.222]},
								"east": {"uv": [1093.75, 1409.914], "uv_size": [-56.788, 173.222]},
								"south": {"uv": [1131.843, 1409.914], "uv_size": [-94.881, 173.222]},
								"west": {"uv": [1093.75, 1409.914], "uv_size": [-56.788, 173.222]},
								"up": {"uv": [1101.886, 930.981], "uv_size": [-53.933, 47.198]},
								"down": {"uv": [973.923, 823.977], "uv_size": [-53.933, 47.198]}
							}
						}
					]
				},
				{
					"name": "brazo1",
					"pivot": [3.20212, 14.08765, 0.04679],
					"rotation": [5, 0, 0],
					"cubes": [
						{
							"origin": [2.9, 11.47385, -1.00114],
							"size": [2.4, 3.6, 2.4],
							"pivot": [4.1, 13.22385, 0.19886],
							"rotation": [0, 0, -12.5],
							"uv": {
								"north": {"uv": [456.035, 1322.953], "uv_size": [-60.076, 93.481]},
								"east": {"uv": [456.035, 1322.953], "uv_size": [-60.076, 93.481]},
								"south": {"uv": [456.035, 1322.953], "uv_size": [-60.076, 93.481]},
								"west": {"uv": [456.035, 1322.953], "uv_size": [-60.076, 93.481]},
								"up": {"uv": [395.959, 1416.434], "uv_size": [60.076, -93.481]},
								"down": {"uv": [395.959, 1416.434], "uv_size": [60.076, -93.481]}
							}
						},
						{
							"origin": [2.9, 12.17385, -1.00114],
							"size": [2.4, 2.9, 2.4],
							"inflate": 0.1,
							"pivot": [4.1, 13.22385, 0.19886],
							"rotation": [0, 0, -12.5],
							"uv": {
								"north": {"uv": [1297.899, 1357.921], "uv_size": [-66.972, 66.433]},
								"east": {"uv": [1297.899, 1357.921], "uv_size": [-66.972, 66.433]},
								"south": {"uv": [1297.899, 1357.921], "uv_size": [-66.972, 66.433]},
								"west": {"uv": [1297.899, 1357.921], "uv_size": [-66.972, 66.433]},
								"up": {"uv": [1088.955, 1452.371], "uv_size": [66.972, -66.379]},
								"down": {"uv": [1016.972, 872.36], "uv_size": [66.972, -66.379]}
							}
						}
					]
				},
				{
					"name": "flexion",
					"parent": "brazo1",
					"pivot": [4.5, 11.62385, 0.49886],
					"rotation": [14.99317, -2.98857, 0.2617],
					"cubes": [
						{
							"origin": [3.39687, 11.04457, -0.55369],
							"size": [2.4, 4.1, 2.4],
							"pivot": [4.48957, 10.87552, 0.30593],
							"rotation": [143, -1, -12.5],
							"uv": {
								"north": {"uv": [455.927, 1322.953], "uv_size": [-60.075, 86.422]},
								"east": {"uv": [455.927, 1322.953], "uv_size": [-60.075, 86.422]},
								"south": {"uv": [455.927, 1322.953], "uv_size": [-60.075, 86.422]},
								"west": {"uv": [455.927, 1322.953], "uv_size": [-60.075, 86.422]},
								"up": {"uv": [395.852, 1409.375], "uv_size": [60.075, -86.422]},
								"down": {"uv": [395.852, 1409.375], "uv_size": [60.075, -86.422]}
							}
						},
						{
							"origin": [3.28865, 10.86943, -0.89407],
							"size": [2.4, 1.6, 2.3],
							"inflate": -0.1,
							"pivot": [4.48957, 11.47552, 0.20593],
							"rotation": [157.5, 0, -12.5],
							"uv": {
								"north": {"uv": [455.981, 1322.953], "uv_size": [-60.076, 38.47]},
								"east": {"uv": [455.981, 1322.953], "uv_size": [-60.076, 38.47]},
								"south": {"uv": [455.981, 1322.953], "uv_size": [-60.076, 38.47]},
								"west": {"uv": [455.981, 1322.953], "uv_size": [-60.076, 38.47]},
								"up": {"uv": [395.905, 1361.423], "uv_size": [60.076, -38.47]},
								"down": {"uv": [1230.927, 1424.354], "uv_size": [66.972, -66.433]}
							}
						}
					]
				},
				{
					"name": "garrote",
					"parent": "flexion",
					"pivot": [4.79829, 10.91152, 2.20257],
					"cubes": [
						{
							"origin": [3.63118, 13.47975, 2.09983],
							"size": [1.498, 1.498, 1.62],
							"inflate": -0.2,
							"pivot": [4.79829, 10.17952, 2.32457],
							"rotation": [143, -1, -12.5],
							"uv": {
								"north": {"uv": [1424.839, 1212.985], "uv_size": [-72.899, 72.252]},
								"east": {"uv": [1312.941, 1029.968], "uv_size": [-84.976, 73.318]},
								"south": {"uv": [1294.02, 1212.985], "uv_size": [-60.022, 86.369]},
								"west": {"uv": [1312.941, 1029.968], "uv_size": [-84.976, 73.318]},
								"up": {"uv": [1214.944, 1198.318], "uv_size": [84.976, -73.318]},
								"down": {"uv": [1214.944, 1316.306], "uv_size": [84.976, -191.306]}
							}
						},
						{
							"origin": [3.63118, 13.47975, 3.75983],
							"size": [1.498, 1.498, 2.62],
							"inflate": -0.2,
							"pivot": [4.79829, 10.17952, 2.32457],
							"rotation": [143, -1, -12.5],
							"uv": {
								"north": {"uv": [1424.839, 1212.985], "uv_size": [-72.899, 72.252]},
								"east": {"uv": [1312.941, 1029.968], "uv_size": [-84.976, 73.318]},
								"south": {"uv": [1294.02, 1212.985], "uv_size": [-60.022, 86.369]},
								"west": {"uv": [1312.941, 1029.968], "uv_size": [-84.976, 73.318]},
								"up": {"uv": [1214.944, 1198.318], "uv_size": [84.976, -73.318]},
								"down": {"uv": [1230.927, 1424.354], "uv_size": [66.972, -66.433]}
							}
						}
					]
				},
				{
					"name": "bone9",
					"parent": "garrote",
					"pivot": [5.81723, 12.66114, 2.95075],
					"cubes": [
						{
							"origin": [3.22542, 13.46593, 7.9998],
							"size": [2.19844, 1.68116, 5.94872],
							"pivot": [4.76783, 10.01432, 2.90411],
							"rotation": [143, -1, -12.5],
							"uv": {
								"north": {"uv": [1459.976, 1178.967], "uv_size": [-144.992, 137.299]},
								"east": {"uv": [1412.901, 1029.968], "uv_size": [-184.936, 73.318]},
								"south": {"uv": [1459.976, 1178.967], "uv_size": [-144.992, 137.299]},
								"west": {"uv": [1412.901, 1029.968], "uv_size": [-184.936, 73.318]},
								"up": {"uv": [1214.944, 1316.306], "uv_size": [84.976, -191.306]},
								"down": {"uv": [1214.944, 1316.306], "uv_size": [84.976, -191.306]}
							}
						},
						{
							"origin": [3.48406, 13.20729, 7.9998],
							"size": [1.68116, 2.19844, 5.94872],
							"pivot": [4.76783, 10.01432, 2.90411],
							"rotation": [143, -1, -12.5],
							"uv": {
								"north": {"uv": [1459.976, 1178.967], "uv_size": [-144.992, 137.299]},
								"east": {"uv": [1412.901, 1029.968], "uv_size": [-184.936, 73.318]},
								"south": {"uv": [1459.976, 1178.967], "uv_size": [-144.992, 137.299]},
								"west": {"uv": [1412.901, 1029.968], "uv_size": [-184.936, 73.318]},
								"up": {"uv": [1214.944, 1316.306], "uv_size": [84.976, -191.306]},
								"down": {"uv": [1214.944, 1316.306], "uv_size": [84.976, -191.306]}
							}
						},
						{
							"origin": [3.45474, 13.43661, 7.97048],
							"size": [1.7398, 1.7398, 6.00736],
							"inflate": 0.1,
							"pivot": [4.76783, 10.01432, 2.90411],
							"rotation": [143, -1, -12.5],
							"uv": {
								"north": {"uv": [1459.976, 1178.967], "uv_size": [-144.992, 137.299]},
								"east": {"uv": [1412.901, 1029.968], "uv_size": [-184.936, 73.318]},
								"south": {"uv": [1459.976, 1178.967], "uv_size": [-144.992, 137.299]},
								"west": {"uv": [1412.901, 1029.968], "uv_size": [-184.936, 73.318]},
								"up": {"uv": [1214.944, 1316.306], "uv_size": [84.976, -191.306]},
								"down": {"uv": [1214.944, 1316.306], "uv_size": [84.976, -191.306]}
							}
						},
						{
							"origin": [3.51338, 13.49525, 6.76136],
							"size": [1.62252, 1.62252, 4.57144],
							"inflate": -0.1,
							"pivot": [4.76783, 10.01432, 2.90411],
							"rotation": [143, -1, -12.5],
							"uv": {
								"north": {"uv": [1424.839, 1212.985], "uv_size": [-72.899, 72.252]},
								"east": {"uv": [1412.901, 1029.968], "uv_size": [-184.936, 73.318]},
								"south": {"uv": [1294.02, 1212.985], "uv_size": [-60.022, 86.369]},
								"west": {"uv": [1412.901, 1029.968], "uv_size": [-184.936, 73.318]},
								"up": {"uv": [1214.944, 1316.306], "uv_size": [84.976, -191.306]},
								"down": {"uv": [1214.944, 1316.306], "uv_size": [84.976, -191.306]}
							}
						}
					]
				},
				{
					"name": "cabeza",
					"pivot": [-0.03182, 15.8581, -0.13678],
					"cubes": [
						{
							"origin": [-2.4, 17, -2.7],
							"size": [4.7, 3.6, 4.2],
							"inflate": 0.3,
							"uv": {
								"north": {"uv": [13.921, 1425.9], "uv_size": [172.585, 137.074]},
								"east": {"uv": [201.894, 1425.9], "uv_size": [169.555, 134.044]},
								"south": {"uv": [201.875, 1425.893], "uv_size": [169.554, 135.045]},
								"west": {"uv": [201.894, 1425.9], "uv_size": [169.555, 134.044]},
								"up": {"uv": [371.449, 1586.98], "uv_size": [-169.555, -161.08]},
								"down": {"uv": [733.523, 1348.012], "uv_size": [-24.526, -58.05]}
							}
						},
						{
							"origin": [-0.4, 16.8, -3.3],
							"size": [0.6, 1.8, 0.6],
							"pivot": [-0.1, 17.6, -3.05],
							"rotation": [-17, 0, 0],
							"uv": {
								"north": {"uv": [476.965, 1393.974], "uv_size": [32.5, 65.982]},
								"east": {"uv": [476.965, 1393.974], "uv_size": [32.5, 65.982]},
								"south": {"uv": [476.965, 1393.974], "uv_size": [32.5, 65.982]},
								"west": {"uv": [476.965, 1393.974], "uv_size": [32.5, 65.982]},
								"up": {"uv": [592.5, 1376.875], "uv_size": [-32.5, -25.893]},
								"down": {"uv": [509.465, 1459.866], "uv_size": [-32.5, -42.901]}
							}
						},
						{
							"origin": [-2.4, 16, -2.7],
							"size": [0.9, 0.4, 4.2],
							"inflate": 0.3,
							"uv": {
								"north": {"uv": [13.921, 1549.858], "uv_size": [48.532, 37.027]},
								"east": {"uv": [201.894, 1534.896], "uv_size": [169.555, 52.036]},
								"south": {"uv": [211.979, 1550.995], "uv_size": [48.485, 37.026]},
								"west": {"uv": [705.966, 1289.962], "uv_size": [27.51, 52.036]},
								"up": {"uv": [371.449, 1586.98], "uv_size": [-169.555, -161.08]},
								"down": {"uv": [296.497, 1581.961], "uv_size": [-42.519, -149.006]}
							}
						},
						{
							"origin": [-1.1, 16.58911, -2.90453],
							"size": [2.1, 0.3, 0],
							"uv": {
								"north": {"uv": [700.953, 1375], "uv_size": [112.424, 21.799]},
								"east": {"uv": [686.979, 780.966], "uv_size": [109.423, 21.828]},
								"south": {"uv": [850.995, 577.983], "uv_size": [109.422, 21.828]},
								"west": {"uv": [702.983, 723.959], "uv_size": [109.423, 21.827]},
								"up": {"uv": [808.428, 1396.828], "uv_size": [-109.469, -21.828]},
								"down": {"uv": [836.411, 848.817], "uv_size": [-109.422, -21.828]}
							}
						},
						{
							"origin": [1.4, 16, -2.7],
							"size": [0.9, 0.4, 4.2],
							"inflate": 0.3,
							"uv": {
								"north": {"uv": [62.453, 1549.858], "uv_size": [-48.532, 37.027]},
								"east": {"uv": [733.476, 1289.962], "uv_size": [-27.51, 52.036]},
								"south": {"uv": [260.464, 1550.995], "uv_size": [-48.485, 37.026]},
								"west": {"uv": [371.449, 1534.896], "uv_size": [-169.555, 52.036]},
								"up": {"uv": [201.894, 1586.98], "uv_size": [169.555, -161.08]},
								"down": {"uv": [253.978, 1581.961], "uv_size": [42.519, -149.006]}
							}
						},
						{
							"origin": [-0.9, 16, 1.3],
							"size": [1.7, 0.4, 0.2],
							"inflate": 0.3,
							"uv": {
								"north": {"uv": [62.453, 1549.858], "uv_size": [-48.532, 37.027]},
								"east": {"uv": [733.476, 1289.962], "uv_size": [-27.51, 52.036]},
								"south": {"uv": [303.393, 1544.956], "uv_size": [-51.428, 42.991]},
								"west": {"uv": [371.449, 1534.896], "uv_size": [-169.555, 52.036]},
								"up": {"uv": [201.894, 1586.98], "uv_size": [169.555, -161.08]},
								"down": {"uv": [253.978, 1581.961], "uv_size": [42.519, -149.006]}
							}
						}
					]
				},
				{
					"name": "bone",
					"parent": "cabeza",
					"pivot": [1.2, 18.7, -3.1],
					"cubes": [
						{
							"origin": [0.4, 18.3, -3.1],
							"size": [1.6, 0.8, 0],
							"inflate": 0.1,
							"pivot": [1.2, 18.7, -3.1],
							"rotation": [0, 0, -1],
							"uv": {
								"north": {"uv": [95.491, 1473.974], "uv_size": [-58.526, 31.026]},
								"east": {"uv": [64.42, 1473.974], "uv_size": [-27.455, 30.982]},
								"south": {"uv": [95.491, 1473.974], "uv_size": [-58.526, 31.026]},
								"west": {"uv": [64.42, 1473.974], "uv_size": [-27.455, 30.982]},
								"up": {"uv": [36.965, 1481.92], "uv_size": [58.482, -7.946]},
								"down": {"uv": [36.965, 1481.92], "uv_size": [58.482, -7.946]}
							}
						}
					]
				},
				{
					"name": "bone2",
					"parent": "cabeza",
					"pivot": [-1.2, 18.7, -3.1],
					"cubes": [
						{
							"origin": [-2, 18.3, -3.1],
							"size": [1.6, 0.8, 0],
							"inflate": 0.1,
							"pivot": [-1.2, 18.7, -3.1],
							"rotation": [0, 0, 1],
							"uv": {
								"north": {"uv": [36.965, 1473.974], "uv_size": [58.526, 31.026]},
								"east": {"uv": [36.965, 1473.974], "uv_size": [27.455, 30.982]},
								"south": {"uv": [36.965, 1473.974], "uv_size": [58.526, 31.026]},
								"west": {"uv": [36.965, 1473.974], "uv_size": [27.455, 30.982]},
								"up": {"uv": [95.447, 1481.92], "uv_size": [-58.482, -7.946]},
								"down": {"uv": [95.447, 1481.92], "uv_size": [-58.482, -7.946]}
							}
						}
					]
				},
				{
					"name": "mandibula",
					"parent": "cabeza",
					"pivot": [0, 16.3, 0.6],
					"rotation": [16.5, 0, 0],
					"cubes": [
						{
							"origin": [-0.9, 16, -2.7],
							"size": [1.7, 0.3, 3.2],
							"inflate": 0.4,
							"uv": {
								"north": {"uv": [77.983, 1553.978], "uv_size": [48.485, 31.013]},
								"east": {"uv": [77.983, 1553.978], "uv_size": [48.485, 31.013]},
								"south": {"uv": [77.983, 1553.978], "uv_size": [48.485, 31.013]},
								"west": {"uv": [77.983, 1553.978], "uv_size": [48.485, 31.013]},
								"up": {"uv": [809.47, 1289.915], "uv_size": [-109.47, 60.89]},
								"down": {"uv": [126.468, 1584.991], "uv_size": [-48.485, -31.013]}
							}
						},
						{
							"origin": [-1.2, 16.5, -3],
							"size": [1.9, 0.3, 0],
							"uv": {
								"north": {"uv": [700.953, 1396.799], "uv_size": [112.424, -21.799]},
								"east": {"uv": [686.979, 802.794], "uv_size": [109.423, -21.828]},
								"south": {"uv": [850.995, 599.811], "uv_size": [109.422, -21.828]},
								"west": {"uv": [702.983, 745.786], "uv_size": [109.423, -21.827]},
								"up": {"uv": [836.411, 826.989], "uv_size": [-109.422, 21.828]},
								"down": {"uv": [808.428, 1375], "uv_size": [-109.469, 21.828]}
							}
						},
						{
							"origin": [0.8, 16.5, -3.1],
							"size": [0.2, 0.6, 0.2],
							"pivot": [0.95, 16.8, -2.9],
							"rotation": [12, 0, 0],
							"uv": {
								"north": {"uv": [830.984, 1306.746], "uv_size": [24.39, -53.773]},
								"east": {"uv": [830.984, 1306.746], "uv_size": [24.39, -53.773]},
								"south": {"uv": [830.984, 1306.746], "uv_size": [24.39, -53.773]},
								"west": {"uv": [830.984, 1306.746], "uv_size": [24.39, -53.773]},
								"up": {"uv": [855.374, 1252.973], "uv_size": [-24.39, 53.773]},
								"down": {"uv": [855.374, 1252.973], "uv_size": [-24.39, 53.773]}
							}
						}
					]
				},
				{
					"name": "bone11",
					"parent": "cabeza",
					"pivot": [-4.6, 18.875, -0.5],
					"rotation": [0, 15, 2],
					"cubes": [
						{
							"origin": [-5.6, 19, -0.5],
							"size": [0.1, 0.3, 0],
							"inflate": 0.3,
							"uv": {
								"north": {"uv": [508.097, 1532.955], "uv_size": [-34.233, 9.943]},
								"east": {"uv": [224.195, 1195.976], "uv_size": [-34.233, 9.896]},
								"south": {"uv": [224.195, 1195.976], "uv_size": [-34.233, 9.896]},
								"west": {"uv": [224.195, 1195.976], "uv_size": [-34.233, 9.896]},
								"up": {"uv": [189.962, 1205.872], "uv_size": [34.233, -9.896]},
								"down": {"uv": [189.962, 1205.872], "uv_size": [34.233, -9.896]}
							}
						},
						{
							"origin": [-4.9, 17.9, -0.5],
							"size": [2.5, 1.4, 0],
							"inflate": 0.3,
							"uv": {
								"north": {"uv": [487.311, 1526.989], "uv_size": [-97.396, 58.002]},
								"east": {"uv": [175, 1120.976], "uv_size": [118.466, 58.001]},
								"south": {"uv": [175, 1120.976], "uv_size": [118.466, 58.001]},
								"west": {"uv": [175, 1120.976], "uv_size": [118.466, 58.001]},
								"up": {"uv": [293.466, 1178.977], "uv_size": [-118.466, -58.001]},
								"down": {"uv": [293.466, 1178.977], "uv_size": [-118.466, -58.001]}
							}
						}
					]
				},
				{
					"name": "bone12",
					"parent": "cabeza",
					"pivot": [4.6, 18.875, -0.5],
					"rotation": [0, -15, -2],
					"cubes": [
						{
							"origin": [5.5, 19, -0.5],
							"size": [0.1, 0.3, 0],
							"inflate": 0.3,
							"uv": {
								"north": {"uv": [473.864, 1532.955], "uv_size": [34.233, 9.943]},
								"east": {"uv": [189.962, 1195.976], "uv_size": [34.233, 9.896]},
								"south": {"uv": [189.962, 1195.976], "uv_size": [34.233, 9.896]},
								"west": {"uv": [189.962, 1195.976], "uv_size": [34.233, 9.896]},
								"up": {"uv": [224.195, 1205.872], "uv_size": [-34.233, -9.896]},
								"down": {"uv": [224.195, 1205.872], "uv_size": [-34.233, -9.896]}
							}
						},
						{
							"origin": [2.4, 17.9, -0.5],
							"size": [2.5, 1.4, 0],
							"inflate": 0.3,
							"uv": {
								"north": {"uv": [389.915, 1526.989], "uv_size": [97.396, 58.002]},
								"east": {"uv": [293.466, 1120.976], "uv_size": [-118.466, 58.001]},
								"south": {"uv": [293.466, 1120.976], "uv_size": [-118.466, 58.001]},
								"west": {"uv": [293.466, 1120.976], "uv_size": [-118.466, 58.001]},
								"up": {"uv": [175, 1178.977], "uv_size": [118.466, -58.001]},
								"down": {"uv": [175, 1178.977], "uv_size": [118.466, -58.001]}
							}
						}
					]
				},
				{
					"name": "pierna1",
					"pivot": [-1.9, 8.5, 0],
					"cubes": [
						{
							"origin": [-3.6, 0, -2],
							"size": [2.9, 4.6, 3.2],
							"uv": {
								"north": {"uv": [395.959, 1322.953], "uv_size": [60.076, 93.481]},
								"east": {"uv": [395.959, 1322.953], "uv_size": [60.076, 93.481]},
								"south": {"uv": [395.959, 1322.953], "uv_size": [60.076, 93.481]},
								"west": {"uv": [395.959, 1322.953], "uv_size": [60.076, 93.481]},
								"up": {"uv": [456.035, 1416.434], "uv_size": [-60.076, -93.481]},
								"down": {"uv": [456.035, 1416.434], "uv_size": [-60.076, -93.481]}
							}
						},
						{
							"origin": [-3.7, 4.1, -2.1],
							"size": [3, 4.6, 3.2],
							"inflate": -0.1,
							"pivot": [-2.7, 4.1, -0.1],
							"rotation": [-10, 0, 5],
							"uv": {
								"north": {"uv": [395.959, 1322.953], "uv_size": [60.076, 93.481]},
								"east": {"uv": [395.959, 1322.953], "uv_size": [60.076, 93.481]},
								"south": {"uv": [395.959, 1322.953], "uv_size": [60.076, 93.481]},
								"west": {"uv": [395.959, 1322.953], "uv_size": [60.076, 93.481]},
								"up": {"uv": [456.035, 1416.434], "uv_size": [-60.076, -93.481]},
								"down": {"uv": [456.035, 1416.434], "uv_size": [-60.076, -93.481]}
							}
						},
						{
							"origin": [-3.7, 4.9, -2.1],
							"size": [3, 3.8, 3.2],
							"pivot": [-2.7, 4.1, -0.1],
							"rotation": [-10, 0, 5],
							"uv": {
								"north": {"uv": [1102.964, 1467.996], "uv_size": [94.989, 118.373]},
								"east": {"uv": [1102.964, 1467.996], "uv_size": [94.989, 118.373]},
								"south": {"uv": [1102.964, 1467.996], "uv_size": [94.989, 118.373]},
								"west": {"uv": [861.962, 981.951], "uv_size": [94.935, 118.372]},
								"up": {"uv": [1131.897, 1521.336], "uv_size": [-94.935, -118.372]},
								"down": {"uv": [1135.884, 680.334], "uv_size": [-94.935, -118.372]}
							}
						}
					]
				},
				{
					"name": "pierna2",
					"pivot": [1.9, 8.5, 0],
					"cubes": [
						{
							"origin": [0.7, 0, -2],
							"size": [2.9, 4.6, 3.2],
							"uv": {
								"north": {"uv": [456.035, 1322.953], "uv_size": [-60.076, 93.481]},
								"east": {"uv": [456.035, 1322.953], "uv_size": [-60.076, 93.481]},
								"south": {"uv": [456.035, 1322.953], "uv_size": [-60.076, 93.481]},
								"west": {"uv": [456.035, 1322.953], "uv_size": [-60.076, 93.481]},
								"up": {"uv": [395.959, 1416.434], "uv_size": [60.076, -93.481]},
								"down": {"uv": [395.959, 1416.434], "uv_size": [60.076, -93.481]}
							}
						},
						{
							"origin": [0.7, 4.1, -2.1],
							"size": [3, 4.6, 3.2],
							"inflate": -0.1,
							"pivot": [2.7, 4.1, -0.1],
							"rotation": [-10, 0, -5],
							"uv": {
								"north": {"uv": [456.035, 1322.953], "uv_size": [-60.076, 93.481]},
								"east": {"uv": [456.035, 1322.953], "uv_size": [-60.076, 93.481]},
								"south": {"uv": [456.035, 1322.953], "uv_size": [-60.076, 93.481]},
								"west": {"uv": [456.035, 1322.953], "uv_size": [-60.076, 93.481]},
								"up": {"uv": [395.959, 1416.434], "uv_size": [60.076, -93.481]},
								"down": {"uv": [395.959, 1416.434], "uv_size": [60.076, -93.481]}
							}
						},
						{
							"origin": [0.7, 4.9, -2.1],
							"size": [3, 3.8, 3.2],
							"pivot": [2.7, 4.1, -0.1],
							"rotation": [-10, 0, -5],
							"uv": {
								"north": {"uv": [1197.953, 1467.996], "uv_size": [-94.989, 118.373]},
								"east": {"uv": [956.897, 981.951], "uv_size": [-94.935, 118.372]},
								"south": {"uv": [1197.953, 1467.996], "uv_size": [-94.989, 118.373]},
								"west": {"uv": [1197.953, 1467.996], "uv_size": [-94.989, 118.373]},
								"up": {"uv": [1036.962, 1521.336], "uv_size": [94.935, -118.372]},
								"down": {"uv": [1040.949, 680.334], "uv_size": [94.935, -118.372]}
							}
						}
					]
				},
				{
					"name": "brazo2",
					"pivot": [-3.20212, 14.08765, 0.04679],
					"rotation": [5, 0, 0],
					"cubes": [
						{
							"origin": [-5.3, 11.47385, -1.00114],
							"size": [2.4, 3.6, 2.4],
							"pivot": [-4.1, 13.22385, 0.19886],
							"rotation": [0, 0, 12.5],
							"uv": {
								"north": {"uv": [395.959, 1322.953], "uv_size": [60.076, 93.481]},
								"east": {"uv": [395.959, 1322.953], "uv_size": [60.076, 93.481]},
								"south": {"uv": [395.959, 1322.953], "uv_size": [60.076, 93.481]},
								"west": {"uv": [395.959, 1322.953], "uv_size": [60.076, 93.481]},
								"up": {"uv": [456.035, 1416.434], "uv_size": [-60.076, -93.481]},
								"down": {"uv": [456.035, 1416.434], "uv_size": [-60.076, -93.481]}
							}
						},
						{
							"origin": [-5.3, 12.17385, -1.00114],
							"size": [2.4, 2.9, 2.4],
							"inflate": 0.1,
							"pivot": [-4.1, 13.22385, 0.19886],
							"rotation": [0, 0, 12.5],
							"uv": {
								"north": {"uv": [1230.927, 1357.921], "uv_size": [66.972, 66.433]},
								"east": {"uv": [1230.927, 1357.921], "uv_size": [66.972, 66.433]},
								"south": {"uv": [1230.927, 1357.921], "uv_size": [66.972, 66.433]},
								"west": {"uv": [1230.927, 1357.921], "uv_size": [66.972, 66.433]},
								"up": {"uv": [1155.927, 1452.371], "uv_size": [-66.972, -66.379]},
								"down": {"uv": [1083.944, 872.36], "uv_size": [-66.972, -66.379]}
							}
						}
					]
				},
				{
					"name": "flexion2",
					"parent": "brazo2",
					"pivot": [-4.5, 11.62385, 0.49886],
					"rotation": [14.99317, 2.98857, -0.2617],
					"cubes": [
						{
							"origin": [-5.79687, 11.04457, -0.55369],
							"size": [2.4, 4.1, 2.4],
							"pivot": [-4.48957, 10.87552, 0.30593],
							"rotation": [143, 1, 12.5],
							"uv": {
								"north": {"uv": [395.852, 1322.953], "uv_size": [60.075, 86.422]},
								"east": {"uv": [395.852, 1322.953], "uv_size": [60.075, 86.422]},
								"south": {"uv": [395.852, 1322.953], "uv_size": [60.075, 86.422]},
								"west": {"uv": [395.852, 1322.953], "uv_size": [60.075, 86.422]},
								"up": {"uv": [455.927, 1409.375], "uv_size": [-60.075, -86.422]},
								"down": {"uv": [455.927, 1409.375], "uv_size": [-60.075, -86.422]}
							}
						},
						{
							"origin": [-5.68865, 10.86943, -0.89407],
							"size": [2.4, 1.6, 2.3],
							"inflate": -0.1,
							"pivot": [-4.48957, 11.47552, 0.20593],
							"rotation": [157.5, 0, 12.5],
							"uv": {
								"north": {"uv": [395.905, 1322.953], "uv_size": [60.076, 38.47]},
								"east": {"uv": [395.905, 1322.953], "uv_size": [60.076, 38.47]},
								"south": {"uv": [395.905, 1322.953], "uv_size": [60.076, 38.47]},
								"west": {"uv": [395.905, 1322.953], "uv_size": [60.076, 38.47]},
								"up": {"uv": [455.981, 1361.423], "uv_size": [-60.076, -38.47]},
								"down": {"uv": [1297.899, 1424.354], "uv_size": [-66.972, -66.433]}
							}
						}
					]
				}
			]
		}
	]
}