{
	"format_version": "1.12.0",
	"minecraft:geometry": [
		{
			"description": {
				"identifier": "geometry.ent",
				"texture_width": 164,
				"texture_height": 164,
				"visible_bounds_width": 4,
				"visible_bounds_height": 5,
				"visible_bounds_offset": [0, 0, 0]
			},
			"bones": [
				{
					"name": "cabeza",
					"pivot": [-0.4, 50, -7],
					"rotation": [5, 0, 0],
					"cubes": [
						{
							"origin": [-4.4296, 49.11807, -13.04295],
							"size": [7.5072, 7.0656, 6.4032],
							"pivot": [-0.0136, 55.19007, -8.18535],
							"rotation": [15, 0, 0],
							"uv": {
								"north": {"uv": [135.813, 6.562], "uv_size": [16.316, 16.441]},
								"east": {"uv": [122.81, 6.562], "uv_size": [11.311, 16.436]},
								"south": {"uv": [122.81, 6.562], "uv_size": [11.311, 16.436]},
								"west": {"uv": [122.81, 6.562], "uv_size": [11.311, 16.436]},
								"up": {"uv": [33.26637, 35.82887], "uv_size": [-23.01637, -20.45387]},
								"down": {"uv": [33.26637, 35.82887], "uv_size": [-23.01637, -20.45387]}
							}
						},
						{
							"origin": [-3.6928, 55.88399, -21.69572],
							"size": [7.1336, 6.1024, 7.1904],
							"pivot": [-0.676, 56.94559, -8.90692],
							"rotation": [-25, 0, 0],
							"uv": {
								"north": {"uv": [43.995, 34.994], "uv_size": [38.998, 31.431]},
								"east": {"uv": [43.995, 34.994], "uv_size": [38.998, 31.431]},
								"south": {"uv": [43.995, 34.994], "uv_size": [38.998, 31.431]},
								"west": {"uv": [43.995, 34.994], "uv_size": [38.998, 31.431]},
								"up": {"uv": [82.993, 66.425], "uv_size": [-38.998, -31.431]},
								"down": {"uv": [82.993, 66.425], "uv_size": [-38.998, -31.431]}
							}
						},
						{
							"origin": [-3.6928, 55.85589, -24.6984],
							"size": [7.1336, 6.1024, 7.1904],
							"pivot": [-0.676, 56.94559, -8.90692],
							"rotation": [-54, 0, 0],
							"uv": {
								"north": {"uv": [43.995, 34.994], "uv_size": [38.998, 31.431]},
								"east": {"uv": [43.995, 34.994], "uv_size": [38.998, 31.431]},
								"south": {"uv": [43.995, 34.994], "uv_size": [38.998, 31.431]},
								"west": {"uv": [43.995, 34.994], "uv_size": [38.998, 31.431]},
								"up": {"uv": [82.993, 66.425], "uv_size": [-38.998, -31.431]},
								"down": {"uv": [82.993, 66.425], "uv_size": [-38.998, -31.431]}
							}
						},
						{
							"origin": [4.9072, 59.01242, -18.42],
							"size": [7.1336, 6.1024, 6.4904],
							"pivot": [8.474, 62.06362, -15.1748],
							"rotation": [-25, -30, 0],
							"uv": {
								"north": {"uv": [43.995, 34.994], "uv_size": [38.998, 31.431]},
								"east": {"uv": [43.995, 34.994], "uv_size": [38.998, 31.431]},
								"south": {"uv": [43.995, 34.994], "uv_size": [38.998, 31.431]},
								"west": {"uv": [43.995, 34.994], "uv_size": [38.998, 31.431]},
								"up": {"uv": [82.993, 66.425], "uv_size": [-38.998, -31.431]},
								"down": {"uv": [82.993, 66.425], "uv_size": [-38.998, -31.431]}
							}
						},
						{
							"origin": [4.77901, 65.01501, -19.73078],
							"size": [7.1336, 6.1024, 6.4904],
							"pivot": [8.474, 62.06362, -15.1748],
							"rotation": [-40, -30, 0],
							"uv": {
								"north": {"uv": [43.995, 34.994], "uv_size": [38.998, 31.431]},
								"east": {"uv": [43.995, 34.994], "uv_size": [38.998, 31.431]},
								"south": {"uv": [43.995, 34.994], "uv_size": [38.998, 31.431]},
								"west": {"uv": [43.995, 34.994], "uv_size": [38.998, 31.431]},
								"up": {"uv": [82.993, 66.425], "uv_size": [-38.998, -31.431]},
								"down": {"uv": [82.993, 66.425], "uv_size": [-38.998, -31.431]}
							}
						},
						{
							"origin": [-11.91261, 65.01501, -19.73078],
							"size": [7.1336, 6.1024, 6.4904],
							"pivot": [-8.474, 62.06362, -15.1748],
							"rotation": [-40, 30, 0],
							"uv": {
								"north": {"uv": [82.993, 34.994], "uv_size": [-38.998, 31.431]},
								"east": {"uv": [82.993, 34.994], "uv_size": [-38.998, 31.431]},
								"south": {"uv": [82.993, 34.994], "uv_size": [-38.998, 31.431]},
								"west": {"uv": [82.993, 34.994], "uv_size": [-38.998, 31.431]},
								"up": {"uv": [43.995, 66.425], "uv_size": [38.998, -31.431]},
								"down": {"uv": [43.995, 66.425], "uv_size": [38.998, -31.431]}
							}
						},
						{
							"origin": [-14.52298, 69.47614, -1.18926],
							"size": [7.1336, 6.1024, 6.4904],
							"pivot": [-8.474, 62.06362, 15.1748],
							"rotation": [40, -30, 0],
							"uv": {
								"north": {"uv": [43.995, 34.994], "uv_size": [38.998, 31.431]},
								"east": {"uv": [43.995, 34.994], "uv_size": [38.998, 31.431]},
								"south": {"uv": [43.995, 34.994], "uv_size": [38.998, 31.431]},
								"west": {"uv": [43.995, 34.994], "uv_size": [38.998, 31.431]},
								"up": {"uv": [43.995, 34.994], "uv_size": [38.998, 31.431]},
								"down": {"uv": [43.995, 34.994], "uv_size": [38.998, 31.431]}
							}
						},
						{
							"origin": [7.38938, 69.47614, -1.18926],
							"size": [7.1336, 6.1024, 6.4904],
							"pivot": [8.474, 62.06362, 15.1748],
							"rotation": [40, 30, 0],
							"uv": {
								"north": {"uv": [82.993, 34.994], "uv_size": [-38.998, 31.431]},
								"east": {"uv": [82.993, 34.994], "uv_size": [-38.998, 31.431]},
								"south": {"uv": [82.993, 34.994], "uv_size": [-38.998, 31.431]},
								"west": {"uv": [82.993, 34.994], "uv_size": [-38.998, 31.431]},
								"up": {"uv": [82.993, 34.994], "uv_size": [-38.998, 31.431]},
								"down": {"uv": [82.993, 34.994], "uv_size": [-38.998, 31.431]}
							}
						},
						{
							"origin": [-12.0408, 59.01242, -18.42],
							"size": [7.1336, 6.1024, 6.4904],
							"pivot": [-8.474, 62.06362, -15.1748],
							"rotation": [-25, 30, 0],
							"uv": {
								"north": {"uv": [82.993, 34.994], "uv_size": [-38.998, 31.431]},
								"east": {"uv": [82.993, 34.994], "uv_size": [-38.998, 31.431]},
								"south": {"uv": [82.993, 34.994], "uv_size": [-38.998, 31.431]},
								"west": {"uv": [82.993, 34.994], "uv_size": [-38.998, 31.431]},
								"up": {"uv": [43.995, 66.425], "uv_size": [38.998, -31.431]},
								"down": {"uv": [43.995, 66.425], "uv_size": [38.998, -31.431]}
							}
						},
						{
							"origin": [-11.98701, 52.35279, -3.33525],
							"size": [7.1336, 6.1024, 6.4904],
							"pivot": [-8.474, 56.43499, 2.63652],
							"rotation": [-25, -30, 0],
							"uv": {
								"north": {"uv": [43.995, 34.994], "uv_size": [38.998, 31.431]},
								"east": {"uv": [43.995, 34.994], "uv_size": [38.998, 31.431]},
								"south": {"uv": [43.995, 34.994], "uv_size": [38.998, 31.431]},
								"west": {"uv": [43.995, 34.994], "uv_size": [38.998, 31.431]},
								"up": {"uv": [43.995, 34.994], "uv_size": [38.998, 31.431]},
								"down": {"uv": [43.995, 34.994], "uv_size": [38.998, 31.431]}
							}
						},
						{
							"origin": [4.85341, 52.35279, -3.33525],
							"size": [7.1336, 6.1024, 6.4904],
							"pivot": [8.474, 56.43499, 2.63652],
							"rotation": [-25, 30, 0],
							"uv": {
								"north": {"uv": [82.993, 34.994], "uv_size": [-38.998, 31.431]},
								"east": {"uv": [82.993, 34.994], "uv_size": [-38.998, 31.431]},
								"south": {"uv": [82.993, 34.994], "uv_size": [-38.998, 31.431]},
								"west": {"uv": [82.993, 34.994], "uv_size": [-38.998, 31.431]},
								"up": {"uv": [82.993, 34.994], "uv_size": [-38.998, 31.431]},
								"down": {"uv": [82.993, 34.994], "uv_size": [-38.998, 31.431]}
							}
						},
						{
							"origin": [-3.6928, 56.21322, -4.47214],
							"size": [7.1336, 6.1024, 6.4904],
							"pivot": [-0.676, 56.94559, -8.90692],
							"rotation": [-25, 0, 0],
							"uv": {
								"north": {"uv": [43.995, 34.994], "uv_size": [38.998, 31.431]},
								"east": {"uv": [43.995, 34.994], "uv_size": [38.998, 31.431]},
								"south": {"uv": [43.995, 34.994], "uv_size": [38.998, 31.431]},
								"west": {"uv": [43.995, 34.994], "uv_size": [38.998, 31.431]},
								"up": {"uv": [82.993, 66.425], "uv_size": [-38.998, -31.431]},
								"down": {"uv": [82.993, 66.425], "uv_size": [-38.998, -31.431]}
							}
						},
						{
							"origin": [7.1072, 56.28399, -11.89572],
							"size": [6.9336, 6.5024, 6.1904],
							"pivot": [-0.676, 56.94559, -8.90692],
							"rotation": [-25, 0, 0],
							"uv": {
								"north": {"uv": [82.993, 34.994], "uv_size": [-38.998, 31.431]},
								"east": {"uv": [82.993, 34.994], "uv_size": [-38.998, 31.431]},
								"south": {"uv": [82.993, 34.994], "uv_size": [-38.998, 31.431]},
								"west": {"uv": [82.993, 34.994], "uv_size": [-38.998, 31.431]},
								"up": {"uv": [43.995, 66.425], "uv_size": [38.998, -31.431]},
								"down": {"uv": [43.995, 66.425], "uv_size": [38.998, -31.431]}
							}
						},
						{
							"origin": [7.1072, 56.28399, -11.89572],
							"size": [6.9336, 6.5024, 6.1904],
							"pivot": [-0.676, 56.94559, -8.90692],
							"rotation": [-25, 0, -25],
							"uv": {
								"north": {"uv": [82.993, 34.994], "uv_size": [-38.998, 31.431]},
								"east": {"uv": [82.993, 34.994], "uv_size": [-38.998, 31.431]},
								"south": {"uv": [82.993, 34.994], "uv_size": [-38.998, 31.431]},
								"west": {"uv": [82.993, 34.994], "uv_size": [-38.998, 31.431]},
								"up": {"uv": [43.995, 66.425], "uv_size": [38.998, -31.431]},
								"down": {"uv": [43.995, 66.425], "uv_size": [38.998, -31.431]}
							}
						},
						{
							"origin": [-14.0408, 56.28399, -11.89572],
							"size": [6.9336, 6.5024, 6.1904],
							"pivot": [0.676, 56.94559, -8.90692],
							"rotation": [-25, 0, 25],
							"uv": {
								"north": {"uv": [43.995, 34.994], "uv_size": [38.998, 31.431]},
								"east": {"uv": [43.995, 34.994], "uv_size": [38.998, 31.431]},
								"south": {"uv": [43.995, 34.994], "uv_size": [38.998, 31.431]},
								"west": {"uv": [43.995, 34.994], "uv_size": [38.998, 31.431]},
								"up": {"uv": [82.993, 66.425], "uv_size": [-38.998, -31.431]},
								"down": {"uv": [82.993, 66.425], "uv_size": [-38.998, -31.431]}
							}
						},
						{
							"origin": [-10.09323, 57.71996, 0.07051],
							"size": [6.9336, 6.5024, 6.1904],
							"pivot": [-8.54709, 62.98454, 1.44891],
							"rotation": [-25, 27.5, 15],
							"uv": {
								"north": {"uv": [43.995, 34.994], "uv_size": [38.998, 31.431]},
								"east": {"uv": [43.995, 34.994], "uv_size": [38.998, 31.431]},
								"south": {"uv": [43.995, 34.994], "uv_size": [38.998, 31.431]},
								"west": {"uv": [43.995, 34.994], "uv_size": [38.998, 31.431]},
								"up": {"uv": [82.993, 66.425], "uv_size": [-38.998, -31.431]},
								"down": {"uv": [82.993, 66.425], "uv_size": [-38.998, -31.431]}
							}
						},
						{
							"origin": [3.15963, 57.71996, 0.07051],
							"size": [6.9336, 6.5024, 6.1904],
							"pivot": [8.54709, 62.98454, 1.44891],
							"rotation": [-25, -27.5, -15],
							"uv": {
								"north": {"uv": [82.993, 34.994], "uv_size": [-38.998, 31.431]},
								"east": {"uv": [82.993, 34.994], "uv_size": [-38.998, 31.431]},
								"south": {"uv": [82.993, 34.994], "uv_size": [-38.998, 31.431]},
								"west": {"uv": [82.993, 34.994], "uv_size": [-38.998, 31.431]},
								"up": {"uv": [43.995, 66.425], "uv_size": [38.998, -31.431]},
								"down": {"uv": [43.995, 66.425], "uv_size": [38.998, -31.431]}
							}
						},
						{
							"origin": [-14.0408, 56.28399, -11.89572],
							"size": [6.9336, 6.5024, 6.1904],
							"pivot": [0.676, 56.94559, -8.90692],
							"rotation": [-25, 0, 0],
							"uv": {
								"north": {"uv": [43.995, 34.994], "uv_size": [38.998, 31.431]},
								"east": {"uv": [43.995, 34.994], "uv_size": [38.998, 31.431]},
								"south": {"uv": [43.995, 34.994], "uv_size": [38.998, 31.431]},
								"west": {"uv": [43.995, 34.994], "uv_size": [38.998, 31.431]},
								"up": {"uv": [82.993, 66.425], "uv_size": [-38.998, -31.431]},
								"down": {"uv": [82.993, 66.425], "uv_size": [-38.998, -31.431]}
							}
						},
						{
							"origin": [-10.4928, 56.88399, -17.79572],
							"size": [19.5336, 10.2024, 19.0904],
							"pivot": [-0.676, 56.94559, -8.90692],
							"rotation": [-25, 0, 0],
							"uv": {
								"north": {"uv": [43.995, 3.996], "uv_size": [74.001, 62.437]},
								"east": {"uv": [43.995, 3.996], "uv_size": [74.001, 62.437]},
								"south": {"uv": [43.995, 3.996], "uv_size": [74.001, 62.437]},
								"west": {"uv": [43.995, 3.996], "uv_size": [74.001, 62.437]},
								"up": {"uv": [117.996, 66.433], "uv_size": [-74.001, -62.437]},
								"down": {"uv": [117.996, 66.433], "uv_size": [-74.001, -62.437]}
							}
						},
						{
							"origin": [-4.3928, 53.28399, -11.79572],
							"size": [7.4336, 9.4024, 6.0904],
							"pivot": [-0.676, 56.94559, -8.90692],
							"rotation": [-25, 0, 0],
							"uv": {
								"north": {"uv": [6.997, 15.996], "uv_size": [15.01, 20.45]},
								"east": {"uv": [6.997, 15.996], "uv_size": [15.01, 20.45]},
								"south": {"uv": [6.997, 15.996], "uv_size": [15.01, 20.45]},
								"west": {"uv": [6.997, 15.996], "uv_size": [15.01, 20.45]},
								"up": {"uv": [144.997, 80.444], "uv_size": [-11.001, -11.446]},
								"down": {"uv": [22.007, 36.446], "uv_size": [-15.01, -20.45]}
							}
						},
						{
							"origin": [-4.2088, 51.99157, -12.76647],
							"size": [7.0656, 1.3248, 3.0912],
							"pivot": [-0.676, 52.2556, -11.34047],
							"rotation": [25, 0, 0],
							"uv": {
								"north": {"uv": [143, 26.997], "uv_size": [2.007, 4.444]},
								"east": {"uv": [143, 26.997], "uv_size": [2.007, 4.444]},
								"south": {"uv": [143, 26.997], "uv_size": [2.007, 4.444]},
								"west": {"uv": [143, 26.997], "uv_size": [2.007, 4.444]},
								"up": {"uv": [145.007, 31.441], "uv_size": [-2.007, -4.444]},
								"down": {"uv": [145.007, 31.441], "uv_size": [-2.007, -4.444]}
							}
						},
						{
							"origin": [-1.1176, 46.63741, -12.7275],
							"size": [1.3248, 3.0912, 1.3248],
							"pivot": [-0.4552, 49.61821, -11.1819],
							"rotation": [-5, 0, 0],
							"uv": {
								"north": {"uv": [143.996, 25.996], "uv_size": [1.291, 6.421]},
								"east": {"uv": [143.996, 25.996], "uv_size": [1.291, 6.421]},
								"south": {"uv": [143.996, 25.996], "uv_size": [1.291, 6.421]},
								"west": {"uv": [143.996, 25.996], "uv_size": [1.291, 6.421]},
								"up": {"uv": [145.287, 32.417], "uv_size": [-1.291, -6.421]},
								"down": {"uv": [145.287, 32.417], "uv_size": [-1.291, -6.421]}
							}
						}
					]
				},
				{
					"name": "cuerpo",
					"pivot": [0, 23, 0],
					"cubes": [
						{
							"origin": [-3.58, 44.55002, -9.05595],
							"size": [5.52, 9.36, 4.8],
							"pivot": [-0.82, 50.07002, -6.65595],
							"rotation": [50, 0, 0],
							"uv": {
								"north": {"uv": [10.25, 15.375], "uv_size": [11.011, 20.45]},
								"east": {"uv": [10.25, 15.375], "uv_size": [11.011, 20.45]},
								"south": {"uv": [10.25, 15.375], "uv_size": [11.011, 20.45]},
								"west": {"uv": [10.25, 15.375], "uv_size": [11.011, 20.45]},
								"up": {"uv": [21.261, 35.825], "uv_size": [-11.011, -20.45]},
								"down": {"uv": [21.261, 35.825], "uv_size": [-11.011, -20.45]}
							}
						},
						{
							"origin": [-7.08, 37.44138, -7.80842],
							"size": [13.84, 11.12, 11.02],
							"pivot": [-0.48, 44.84138, -2.52842],
							"rotation": [15, 0, 0],
							"uv": {
								"north": {"uv": [123, 93.997], "uv_size": [32.007, 14.444]},
								"east": {"uv": [10.25, 15.375], "uv_size": [23.01637, 20.45387]},
								"south": {"uv": [10.25, 15.375], "uv_size": [23.01637, 20.45387]},
								"west": {"uv": [10.25, 15.375], "uv_size": [23.01637, 20.45387]},
								"up": {"uv": [34.994, 35.419], "uv_size": [-28.996, -24.424]},
								"down": {"uv": [21.997, 87.996], "uv_size": [-16.001, 27.412]}
							}
						},
						{
							"origin": [-6.54, 34.01538, -5.43624],
							"size": [13.02, 4.94, 9.16],
							"pivot": [-0.48, 40.65538, -1.23624],
							"rotation": [5, 0, 0],
							"uv": {
								"north": {"uv": [123, 98.993], "uv_size": [32, 9.433]},
								"east": {"uv": [10.25, 15.375], "uv_size": [23.01637, 20.45387]},
								"south": {"uv": [10.25, 15.375], "uv_size": [23.01637, 20.45387]},
								"west": {"uv": [10.25, 15.375], "uv_size": [23.01637, 20.45387]},
								"up": {"uv": [153.005, 64.438], "uv_size": [-31.011, -10.44]},
								"down": {"uv": [153.005, 64.438], "uv_size": [-31.011, -10.44]}
							}
						},
						{
							"origin": [-6.5, 21.82, -4.52],
							"size": [12.14, 3.1, 7.9],
							"pivot": [-0.24, 26.4, -0.24],
							"rotation": [-5, 0, 0],
							"uv": {
								"north": {"uv": [6.999, 22.398], "uv_size": [26.994, -10.402]},
								"east": {"uv": [6.999, 22.398], "uv_size": [26.994, -10.402]},
								"south": {"uv": [6.999, 22.398], "uv_size": [26.994, -10.402]},
								"west": {"uv": [6.999, 22.398], "uv_size": [26.994, -10.402]},
								"up": {"uv": [33.993, 11.996], "uv_size": [-26.994, 10.402]},
								"down": {"uv": [33.993, 11.996], "uv_size": [-26.994, 10.402]}
							}
						},
						{
							"origin": [-6.5, 24.72, -4.32],
							"size": [12.54, 10.8, 7.4],
							"pivot": [-0.24, 26.4, -0.24],
							"rotation": [-5, 0, 0],
							"uv": {
								"north": {"uv": [121.984, 108.406], "uv_size": [33.008, -15.415]},
								"east": {"uv": [8.999, 10.996], "uv_size": [26, 25.45]},
								"south": {"uv": [8.999, 10.996], "uv_size": [26, 25.45]},
								"west": {"uv": [8.999, 10.996], "uv_size": [26, 25.45]},
								"up": {"uv": [34.999, 36.446], "uv_size": [-26, -25.45]},
								"down": {"uv": [34.999, 36.446], "uv_size": [-26, -25.45]}
							}
						}
					]
				},
				{
					"name": "brazoderecho",
					"pivot": [3.99054, 42.43983, -1.4531],
					"rotation": [-7.5, 0, -25.5],
					"cubes": [
						{
							"origin": [4.90151, 21.62477, -0.25769],
							"size": [3.6512, 4.1108, 6.8028],
							"inflate": -0.2,
							"pivot": [5.56642, 24.73286, 3.70648],
							"rotation": [15, -2.5, 37.5],
							"uv": {
								"north": {"uv": [18.995, 13.998], "uv_size": [-10.995, 11.443]},
								"east": {"uv": [18.995, 13.998], "uv_size": [-10.995, 11.443]},
								"south": {"uv": [18.995, 13.998], "uv_size": [-10.995, 11.443]},
								"west": {"uv": [18.995, 13.998], "uv_size": [-10.995, 11.443]},
								"up": {"uv": [8, 25.441], "uv_size": [10.995, -11.443]},
								"down": {"uv": [8, 25.441], "uv_size": [10.995, -11.443]}
							}
						},
						{
							"origin": [5.78985, 28.52239, -2.04525],
							"size": [6.3612, 6.7788, 7.1868],
							"inflate": -0.6,
							"pivot": [7.01085, 29.58697, 3.06266],
							"rotation": [15, 0, 1.5],
							"uv": {
								"north": {"uv": [18.995, 10.995], "uv_size": [-13.998, 15.431]},
								"east": {"uv": [18.995, 10.995], "uv_size": [-13.998, 15.431]},
								"south": {"uv": [18.995, 10.995], "uv_size": [-13.998, 15.431]},
								"west": {"uv": [18.995, 10.995], "uv_size": [-13.998, 15.431]},
								"up": {"uv": [4.997, 26.426], "uv_size": [13.998, -15.431]},
								"down": {"uv": [4.997, 26.426], "uv_size": [13.998, -15.431]}
							}
						},
						{
							"origin": [5.69858, 24.07807, -1.73657],
							"size": [6.3612, 7.3188, 7.1008],
							"inflate": -0.2,
							"pivot": [7.01085, 29.58697, 3.06266],
							"rotation": [15, 0, 24],
							"uv": {
								"north": {"uv": [18.995, 10.995], "uv_size": [-13.998, 15.431]},
								"east": {"uv": [18.995, 10.995], "uv_size": [-13.998, 15.431]},
								"south": {"uv": [18.995, 10.995], "uv_size": [-13.998, 15.431]},
								"west": {"uv": [18.995, 10.995], "uv_size": [-13.998, 15.431]},
								"up": {"uv": [4.997, 26.426], "uv_size": [13.998, -15.431]},
								"down": {"uv": [4.997, 26.426], "uv_size": [13.998, -15.431]}
							}
						},
						{
							"origin": [2.81748, 33.57901, -6.09744],
							"size": [8.0272, 13.1288, 7.2408],
							"inflate": -0.2,
							"pivot": [8.88174, 43.73363, -0.35086],
							"rotation": [15, 1, -9.5],
							"uv": {
								"north": {"uv": [18.995, 10.995], "uv_size": [-13.998, 15.431]},
								"east": {"uv": [18.995, 10.995], "uv_size": [-13.998, 15.431]},
								"south": {"uv": [18.995, 10.995], "uv_size": [-13.998, 15.431]},
								"west": {"uv": [18.995, 10.995], "uv_size": [-13.998, 15.431]},
								"up": {"uv": [4.997, 26.426], "uv_size": [13.998, -15.431]},
								"down": {"uv": [4.997, 26.426], "uv_size": [13.998, -15.431]}
							}
						}
					]
				},
				{
					"name": "bone",
					"parent": "brazoderecho",
					"pivot": [9.32133, 23.90975, 4.08123],
					"rotation": [122.50358, -74.8896, -41.50327],
					"cubes": [
						{
							"origin": [9.83595, 15.55485, 1.26128],
							"size": [1.51027, 3.55543, 1.5732],
							"inflate": 0.1,
							"pivot": [12.28362, 17.2246, 1.12735],
							"rotation": [-22, -15, 0],
							"uv": {
								"north": {"uv": [10.25, 15.375], "uv_size": [3.008, 14.449]},
								"east": {"uv": [10.25, 15.375], "uv_size": [3.008, 14.449]},
								"south": {"uv": [10.25, 15.375], "uv_size": [3.008, 14.449]},
								"west": {"uv": [10.25, 15.375], "uv_size": [3.008, 14.449]},
								"up": {"uv": [13.258, 29.824], "uv_size": [-3.008, -14.449]},
								"down": {"uv": [144.997, 80.444], "uv_size": [-11.001, -11.446]}
							}
						},
						{
							"origin": [7.52764, 14.97441, 0.29308],
							"size": [1.47881, 4.24764, 1.5732],
							"inflate": 0.1,
							"pivot": [8.31135, 17.29456, 0.96704],
							"rotation": [-15, -1, 0],
							"uv": {
								"north": {"uv": [10.25, 15.375], "uv_size": [3.008, 14.449]},
								"east": {"uv": [10.25, 15.375], "uv_size": [3.008, 14.449]},
								"south": {"uv": [10.25, 15.375], "uv_size": [3.008, 14.449]},
								"west": {"uv": [10.25, 15.375], "uv_size": [3.008, 14.449]},
								"up": {"uv": [13.258, 29.824], "uv_size": [-3.008, -14.449]},
								"down": {"uv": [144.997, 80.444], "uv_size": [-11.001, -11.446]}
							}
						},
						{
							"origin": [5.15701, 14.70749, 0.34399],
							"size": [1.51027, 4.40496, 1.5732],
							"inflate": 0.1,
							"pivot": [5.2908, 17.29456, 0.96704],
							"rotation": [-15, 6, 0],
							"uv": {
								"north": {"uv": [10.25, 15.375], "uv_size": [3.008, 14.449]},
								"east": {"uv": [10.25, 15.375], "uv_size": [3.008, 14.449]},
								"south": {"uv": [10.25, 15.375], "uv_size": [3.008, 14.449]},
								"west": {"uv": [10.25, 15.375], "uv_size": [3.008, 14.449]},
								"up": {"uv": [13.258, 29.824], "uv_size": [-3.008, -14.449]},
								"down": {"uv": [144.997, 80.444], "uv_size": [-11.001, -11.446]}
							}
						},
						{
							"origin": [4.01673, 16.66611, 3.3431],
							"size": [1.51027, 3.17786, 1.73052],
							"pivot": [4.01673, 20.85082, 5.7029],
							"rotation": [-10, 46, 0],
							"uv": {
								"north": {"uv": [10.25, 15.375], "uv_size": [3.008, 14.449]},
								"east": {"uv": [10.25, 15.375], "uv_size": [3.008, 14.449]},
								"south": {"uv": [10.25, 15.375], "uv_size": [3.008, 14.449]},
								"west": {"uv": [10.25, 15.375], "uv_size": [3.008, 14.449]},
								"up": {"uv": [13.258, 29.824], "uv_size": [-3.008, -14.449]},
								"down": {"uv": [144.997, 80.444], "uv_size": [-11.001, -11.446]}
							}
						},
						{
							"origin": [4.01673, 18.39663, 4.75898],
							"size": [1.51027, 4.58006, 1.88784],
							"pivot": [4.01673, 20.85082, 5.7029],
							"rotation": [-55, 46, 0],
							"uv": {
								"north": {"uv": [10.25, 15.375], "uv_size": [3.008, 14.449]},
								"east": {"uv": [10.25, 15.375], "uv_size": [3.008, 14.449]},
								"south": {"uv": [10.25, 15.375], "uv_size": [3.008, 14.449]},
								"west": {"uv": [10.25, 15.375], "uv_size": [3.008, 14.449]},
								"up": {"uv": [13.258, 29.824], "uv_size": [-3.008, -14.449]},
								"down": {"uv": [13.258, 29.824], "uv_size": [-3.008, -14.449]}
							}
						},
						{
							"origin": [7.51275, 17.26159, 2.80863],
							"size": [1.51027, 5.41363, 1.88784],
							"inflate": 0.1,
							"pivot": [7.79241, 20.09569, 3.81506],
							"rotation": [-55, 0, 0],
							"uv": {
								"north": {"uv": [10.25, 15.375], "uv_size": [3.008, 14.449]},
								"east": {"uv": [10.25, 15.375], "uv_size": [3.008, 14.449]},
								"south": {"uv": [10.25, 15.375], "uv_size": [3.008, 14.449]},
								"west": {"uv": [10.25, 15.375], "uv_size": [3.008, 14.449]},
								"up": {"uv": [13.258, 29.824], "uv_size": [-3.008, -14.449]},
								"down": {"uv": [13.258, 29.824], "uv_size": [-3.008, -14.449]}
							}
						},
						{
							"origin": [5.45614, 17.21435, 2.92088],
							"size": [1.51027, 5.64163, 1.88784],
							"inflate": 0.1,
							"pivot": [5.14943, 20.09569, 3.81506],
							"rotation": [-55, 6, 0],
							"uv": {
								"north": {"uv": [10.25, 15.375], "uv_size": [3.008, 14.449]},
								"east": {"uv": [10.25, 15.375], "uv_size": [3.008, 14.449]},
								"south": {"uv": [10.25, 15.375], "uv_size": [3.008, 14.449]},
								"west": {"uv": [10.25, 15.375], "uv_size": [3.008, 14.449]},
								"up": {"uv": [13.258, 29.824], "uv_size": [-3.008, -14.449]},
								"down": {"uv": [13.258, 29.824], "uv_size": [-3.008, -14.449]}
							}
						},
						{
							"origin": [8.72956, 17.25073, 4.73422],
							"size": [1.51027, 5.75563, 1.88784],
							"inflate": 0.1,
							"pivot": [11.19052, 21.07024, 5.20686],
							"rotation": [-55, -15, 0],
							"uv": {
								"north": {"uv": [10.25, 15.375], "uv_size": [3.008, 14.449]},
								"east": {"uv": [10.25, 15.375], "uv_size": [3.008, 14.449]},
								"south": {"uv": [10.25, 15.375], "uv_size": [3.008, 14.449]},
								"west": {"uv": [10.25, 15.375], "uv_size": [3.008, 14.449]},
								"up": {"uv": [13.258, 29.824], "uv_size": [-3.008, -14.449]},
								"down": {"uv": [13.258, 29.824], "uv_size": [-3.008, -14.449]}
							}
						}
					]
				},
				{
					"name": "piernaizquierda2",
					"pivot": [3.6, 24.8, -0.4],
					"rotation": [0, -7.5, 0],
					"cubes": [
						{
							"origin": [-0.3644, 17.7192, -5.5304],
							"size": [6.572, 8.6496, 8.4588],
							"inflate": 0.1,
							"pivot": [3.706, 22.044, -1.2056],
							"rotation": [5, -175, 0],
							"uv": {
								"north": {"uv": [10.25, 15.375], "uv_size": [23.01637, 20.45387]},
								"east": {"uv": [10.25, 15.375], "uv_size": [23.01637, 20.45387]},
								"south": {"uv": [10.25, 15.375], "uv_size": [23.01637, 20.45387]},
								"west": {"uv": [10.25, 15.375], "uv_size": [23.01637, 20.45387]},
								"up": {"uv": [144.997, 80.444], "uv_size": [-11.001, -11.446]},
								"down": {"uv": [10.25, 15.375], "uv_size": [23.01637, 20.45387]}
							}
						},
						{
							"origin": [1.692, 10.596, -4.5128],
							"size": [5.5968, 8.6496, 6.6144],
							"inflate": 0.1,
							"uv": {
								"north": {"uv": [10.25, 15.375], "uv_size": [23.01637, 20.45387]},
								"east": {"uv": [10.25, 15.375], "uv_size": [23.01637, 20.45387]},
								"south": {"uv": [10.25, 15.375], "uv_size": [23.01637, 20.45387]},
								"west": {"uv": [10.25, 15.375], "uv_size": [23.01637, 20.45387]},
								"up": {"uv": [10.25, 15.375], "uv_size": [23.01637, 20.45387]},
								"down": {"uv": [10.25, 15.375], "uv_size": [23.01637, 20.45387]}
							}
						},
						{
							"origin": [1.162, -0.004, -5.382],
							"size": [6.678, 13.144, 8.162],
							"inflate": 0.1,
							"uv": {
								"north": {"uv": [10.25, 15.375], "uv_size": [23.01637, 20.45387]},
								"east": {"uv": [10.25, 15.375], "uv_size": [23.01637, 20.45387]},
								"south": {"uv": [10.25, 15.375], "uv_size": [23.01637, 20.45387]},
								"west": {"uv": [10.25, 15.375], "uv_size": [23.01637, 20.45387]},
								"up": {"uv": [10.25, 15.375], "uv_size": [23.01637, 20.45387]},
								"down": {"uv": [144.997, 80.444], "uv_size": [-11.001, -11.446]}
							}
						}
					]
				},
				{
					"name": "piernaizquierda3",
					"pivot": [-3.6, 24.8, -0.4],
					"rotation": [0, 7.5, 0],
					"cubes": [
						{
							"origin": [-6.2076, 17.7192, -5.5304],
							"size": [6.572, 8.6496, 8.4588],
							"inflate": 0.1,
							"pivot": [-3.706, 22.044, -1.2056],
							"rotation": [5, 175, 0],
							"uv": {
								"north": {"uv": [33.26637, 15.375], "uv_size": [-23.01637, 20.45387]},
								"east": {"uv": [33.26637, 15.375], "uv_size": [-23.01637, 20.45387]},
								"south": {"uv": [33.26637, 15.375], "uv_size": [-23.01637, 20.45387]},
								"west": {"uv": [33.26637, 15.375], "uv_size": [-23.01637, 20.45387]},
								"up": {"uv": [133.996, 80.444], "uv_size": [11.001, -11.446]},
								"down": {"uv": [33.26637, 15.375], "uv_size": [-23.01637, 20.45387]}
							}
						},
						{
							"origin": [-7.2888, 10.596, -4.5128],
							"size": [5.5968, 8.6496, 6.6144],
							"inflate": 0.1,
							"uv": {
								"north": {"uv": [33.26637, 15.375], "uv_size": [-23.01637, 20.45387]},
								"east": {"uv": [33.26637, 15.375], "uv_size": [-23.01637, 20.45387]},
								"south": {"uv": [33.26637, 15.375], "uv_size": [-23.01637, 20.45387]},
								"west": {"uv": [33.26637, 15.375], "uv_size": [-23.01637, 20.45387]},
								"up": {"uv": [33.26637, 15.375], "uv_size": [-23.01637, 20.45387]},
								"down": {"uv": [33.26637, 15.375], "uv_size": [-23.01637, 20.45387]}
							}
						},
						{
							"origin": [-7.84, -0.004, -5.382],
							"size": [6.678, 13.144, 8.162],
							"inflate": 0.1,
							"uv": {
								"north": {"uv": [33.26637, 15.375], "uv_size": [-23.01637, 20.45387]},
								"east": {"uv": [33.26637, 15.375], "uv_size": [-23.01637, 20.45387]},
								"south": {"uv": [33.26637, 15.375], "uv_size": [-23.01637, 20.45387]},
								"west": {"uv": [33.26637, 15.375], "uv_size": [-23.01637, 20.45387]},
								"up": {"uv": [33.26637, 15.375], "uv_size": [-23.01637, 20.45387]},
								"down": {"uv": [133.996, 80.444], "uv_size": [11.001, -11.446]}
							}
						}
					]
				},
				{
					"name": "brazoderecho2",
					"pivot": [-3.99054, 42.43983, -1.4531],
					"rotation": [-7.5, 0, 25.5],
					"cubes": [
						{
							"origin": [-8.55271, 21.62477, -0.25769],
							"size": [3.6512, 4.1108, 6.8028],
							"inflate": -0.2,
							"pivot": [-5.56642, 24.73286, 3.70648],
							"rotation": [15, 2.5, -37.5],
							"uv": {
								"north": {"uv": [8, 13.998], "uv_size": [10.995, 11.443]},
								"east": {"uv": [8, 13.998], "uv_size": [10.995, 11.443]},
								"south": {"uv": [8, 13.998], "uv_size": [10.995, 11.443]},
								"west": {"uv": [8, 13.998], "uv_size": [10.995, 11.443]},
								"up": {"uv": [18.995, 25.441], "uv_size": [-10.995, -11.443]},
								"down": {"uv": [18.995, 25.441], "uv_size": [-10.995, -11.443]}
							}
						},
						{
							"origin": [-12.15105, 28.52239, -2.04525],
							"size": [6.3612, 6.7788, 7.1868],
							"inflate": -0.6,
							"pivot": [-7.01085, 29.58697, 3.06266],
							"rotation": [15, 0, -1.5],
							"uv": {
								"north": {"uv": [4.997, 10.995], "uv_size": [13.998, 15.431]},
								"east": {"uv": [4.997, 10.995], "uv_size": [13.998, 15.431]},
								"south": {"uv": [4.997, 10.995], "uv_size": [13.998, 15.431]},
								"west": {"uv": [4.997, 10.995], "uv_size": [13.998, 15.431]},
								"up": {"uv": [18.995, 26.426], "uv_size": [-13.998, -15.431]},
								"down": {"uv": [18.995, 26.426], "uv_size": [-13.998, -15.431]}
							}
						},
						{
							"origin": [-12.05978, 24.07807, -1.73657],
							"size": [6.3612, 7.3188, 7.1008],
							"inflate": -0.2,
							"pivot": [-7.01085, 29.58697, 3.06266],
							"rotation": [15, 0, -24],
							"uv": {
								"north": {"uv": [4.997, 10.995], "uv_size": [13.998, 15.431]},
								"east": {"uv": [4.997, 10.995], "uv_size": [13.998, 15.431]},
								"south": {"uv": [4.997, 10.995], "uv_size": [13.998, 15.431]},
								"west": {"uv": [4.997, 10.995], "uv_size": [13.998, 15.431]},
								"up": {"uv": [18.995, 26.426], "uv_size": [-13.998, -15.431]},
								"down": {"uv": [18.995, 26.426], "uv_size": [-13.998, -15.431]}
							}
						},
						{
							"origin": [-10.84468, 33.57901, -6.09744],
							"size": [8.0272, 13.1288, 7.2408],
							"inflate": -0.2,
							"pivot": [-8.88174, 43.73363, -0.35086],
							"rotation": [15, -1, 9.5],
							"uv": {
								"north": {"uv": [4.997, 10.995], "uv_size": [13.998, 15.431]},
								"east": {"uv": [4.997, 10.995], "uv_size": [13.998, 15.431]},
								"south": {"uv": [4.997, 10.995], "uv_size": [13.998, 15.431]},
								"west": {"uv": [4.997, 10.995], "uv_size": [13.998, 15.431]},
								"up": {"uv": [18.995, 26.426], "uv_size": [-13.998, -15.431]},
								"down": {"uv": [18.995, 26.426], "uv_size": [-13.998, -15.431]}
							}
						}
					]
				},
				{
					"name": "bone2",
					"parent": "brazoderecho2",
					"pivot": [-9.32133, 23.90975, 4.08123],
					"rotation": [122.50358, 74.8896, 41.50327],
					"cubes": [
						{
							"origin": [-11.34623, 15.55485, 1.26128],
							"size": [1.51027, 3.55543, 1.5732],
							"inflate": 0.1,
							"pivot": [-12.28362, 17.2246, 1.12735],
							"rotation": [-22, 15, 0],
							"uv": {
								"north": {"uv": [13.258, 15.375], "uv_size": [-3.008, 14.449]},
								"east": {"uv": [13.258, 15.375], "uv_size": [-3.008, 14.449]},
								"south": {"uv": [13.258, 15.375], "uv_size": [-3.008, 14.449]},
								"west": {"uv": [13.258, 15.375], "uv_size": [-3.008, 14.449]},
								"up": {"uv": [10.25, 29.824], "uv_size": [3.008, -14.449]},
								"down": {"uv": [133.996, 80.444], "uv_size": [11.001, -11.446]}
							}
						},
						{
							"origin": [-9.00645, 14.97441, 0.29308],
							"size": [1.47881, 4.24764, 1.5732],
							"inflate": 0.1,
							"pivot": [-8.31135, 17.29456, 0.96704],
							"rotation": [-15, 1, 0],
							"uv": {
								"north": {"uv": [13.258, 15.375], "uv_size": [-3.008, 14.449]},
								"east": {"uv": [13.258, 15.375], "uv_size": [-3.008, 14.449]},
								"south": {"uv": [13.258, 15.375], "uv_size": [-3.008, 14.449]},
								"west": {"uv": [13.258, 15.375], "uv_size": [-3.008, 14.449]},
								"up": {"uv": [10.25, 29.824], "uv_size": [3.008, -14.449]},
								"down": {"uv": [133.996, 80.444], "uv_size": [11.001, -11.446]}
							}
						},
						{
							"origin": [-6.66728, 14.70749, 0.34399],
							"size": [1.51027, 4.40496, 1.5732],
							"inflate": 0.1,
							"pivot": [-5.2908, 17.29456, 0.96704],
							"rotation": [-15, -6, 0],
							"uv": {
								"north": {"uv": [13.258, 15.375], "uv_size": [-3.008, 14.449]},
								"east": {"uv": [13.258, 15.375], "uv_size": [-3.008, 14.449]},
								"south": {"uv": [13.258, 15.375], "uv_size": [-3.008, 14.449]},
								"west": {"uv": [13.258, 15.375], "uv_size": [-3.008, 14.449]},
								"up": {"uv": [10.25, 29.824], "uv_size": [3.008, -14.449]},
								"down": {"uv": [133.996, 80.444], "uv_size": [11.001, -11.446]}
							}
						},
						{
							"origin": [-5.527, 16.66611, 3.3431],
							"size": [1.51027, 3.17786, 1.73052],
							"pivot": [-4.01673, 20.85082, 5.7029],
							"rotation": [-10, -46, 0],
							"uv": {
								"north": {"uv": [13.258, 15.375], "uv_size": [-3.008, 14.449]},
								"east": {"uv": [13.258, 15.375], "uv_size": [-3.008, 14.449]},
								"south": {"uv": [13.258, 15.375], "uv_size": [-3.008, 14.449]},
								"west": {"uv": [13.258, 15.375], "uv_size": [-3.008, 14.449]},
								"up": {"uv": [10.25, 29.824], "uv_size": [3.008, -14.449]},
								"down": {"uv": [133.996, 80.444], "uv_size": [11.001, -11.446]}
							}
						},
						{
							"origin": [-5.527, 18.39663, 4.75898],
							"size": [1.51027, 4.58006, 1.88784],
							"pivot": [-4.01673, 20.85082, 5.7029],
							"rotation": [-55, -46, 0],
							"uv": {
								"north": {"uv": [13.258, 15.375], "uv_size": [-3.008, 14.449]},
								"east": {"uv": [13.258, 15.375], "uv_size": [-3.008, 14.449]},
								"south": {"uv": [13.258, 15.375], "uv_size": [-3.008, 14.449]},
								"west": {"uv": [13.258, 15.375], "uv_size": [-3.008, 14.449]},
								"up": {"uv": [10.25, 29.824], "uv_size": [3.008, -14.449]},
								"down": {"uv": [10.25, 29.824], "uv_size": [3.008, -14.449]}
							}
						},
						{
							"origin": [-9.02302, 17.26159, 2.80863],
							"size": [1.51027, 5.41363, 1.88784],
							"inflate": 0.1,
							"pivot": [-7.79241, 20.09569, 3.81506],
							"rotation": [-55, 0, 0],
							"uv": {
								"north": {"uv": [13.258, 15.375], "uv_size": [-3.008, 14.449]},
								"east": {"uv": [13.258, 15.375], "uv_size": [-3.008, 14.449]},
								"south": {"uv": [13.258, 15.375], "uv_size": [-3.008, 14.449]},
								"west": {"uv": [13.258, 15.375], "uv_size": [-3.008, 14.449]},
								"up": {"uv": [10.25, 29.824], "uv_size": [3.008, -14.449]},
								"down": {"uv": [10.25, 29.824], "uv_size": [3.008, -14.449]}
							}
						},
						{
							"origin": [-6.96641, 17.21435, 2.92088],
							"size": [1.51027, 5.64163, 1.88784],
							"inflate": 0.1,
							"pivot": [-5.14943, 20.09569, 3.81506],
							"rotation": [-55, -6, 0],
							"uv": {
								"north": {"uv": [13.258, 15.375], "uv_size": [-3.008, 14.449]},
								"east": {"uv": [13.258, 15.375], "uv_size": [-3.008, 14.449]},
								"south": {"uv": [13.258, 15.375], "uv_size": [-3.008, 14.449]},
								"west": {"uv": [13.258, 15.375], "uv_size": [-3.008, 14.449]},
								"up": {"uv": [10.25, 29.824], "uv_size": [3.008, -14.449]},
								"down": {"uv": [10.25, 29.824], "uv_size": [3.008, -14.449]}
							}
						},
						{
							"origin": [-10.23983, 17.25073, 4.73422],
							"size": [1.51027, 5.75563, 1.88784],
							"inflate": 0.1,
							"pivot": [-11.19052, 21.07024, 5.20686],
							"rotation": [-55, 15, 0],
							"uv": {
								"north": {"uv": [13.258, 15.375], "uv_size": [-3.008, 14.449]},
								"east": {"uv": [13.258, 15.375], "uv_size": [-3.008, 14.449]},
								"south": {"uv": [13.258, 15.375], "uv_size": [-3.008, 14.449]},
								"west": {"uv": [13.258, 15.375], "uv_size": [-3.008, 14.449]},
								"up": {"uv": [10.25, 29.824], "uv_size": [3.008, -14.449]},
								"down": {"uv": [10.25, 29.824], "uv_size": [3.008, -14.449]}
							}
						}
					]
				}
			]
		}
	]
}