{
	"format_version": "1.12.0",
	"minecraft:geometry": [
		{
			"description": {
				"identifier": "geometry.ettins",
				"texture_width": 1600,
				"texture_height": 1600,
				"visible_bounds_width": 5,
				"visible_bounds_height": 6.5,
				"visible_bounds_offset": [0, 2.75, 0]
			},
			"bones": [
				{
					"name": "bone",
					"pivot": [0, -1, 0],
					"cubes": [
						{
							"origin": [-6.82, 29.76, -0.8],
							"size": [13.64, 5.32, 0.52],
							"pivot": [0.46, 17.6, -1.68],
							"rotation": [12, 0, 0],
							"uv": {
								"north": {"uv": [384.822, 327.902], "uv_size": [-142.857, 42.857]},
								"east": {"uv": [384.822, 327.902], "uv_size": [-142.857, 42.857]},
								"south": {"uv": [384.822, 327.902], "uv_size": [-142.857, 42.857]},
								"west": {"uv": [384.822, 327.902], "uv_size": [-142.857, 42.857]},
								"up": {"uv": [241.965, 370.759], "uv_size": [142.857, -42.857]},
								"down": {"uv": [241.965, 370.759], "uv_size": [142.857, -42.857]}
							}
						},
						{
							"origin": [-9.12, 25.76, -3.66],
							"size": [18.04, 19.32, 7.82],
							"pivot": [0.46, 27.6, -3.68],
							"rotation": [12, 0, 0],
							"uv": {
								"north": {"uv": [1259.636, 509.948], "uv_size": [-162.709, 212.761]},
								"east": {"uv": [392.657, 372.969], "uv_size": [-99.688, 212.76]},
								"south": {"uv": [384.822, 327.902], "uv_size": [-142.857, 42.857]},
								"west": {"uv": [392.657, 372.969], "uv_size": [-99.688, 212.76]},
								"up": {"uv": [360, 432.709], "uv_size": [162.709, -69.74]},
								"down": {"uv": [241.965, 370.759], "uv_size": [142.857, -42.857]}
							}
						},
						{
							"origin": [-6.072, 18.56, -3.26],
							"size": [12.144, 10.04, 8.26],
							"pivot": [2.392, 18.4, -1.84],
							"rotation": [-1, 0, 0],
							"uv": {
								"north": {"uv": [1306.771, 1092.969], "uv_size": [-126.771, 122.76]},
								"east": {"uv": [1306.771, 1092.969], "uv_size": [-126.771, 122.76]},
								"south": {"uv": [1306.771, 1092.969], "uv_size": [-126.771, 122.76]},
								"west": {"uv": [1306.771, 1092.969], "uv_size": [-126.771, 122.76]},
								"up": {"uv": [1180, 1215.729], "uv_size": [126.771, -122.76]},
								"down": {"uv": [1180, 1215.729], "uv_size": [126.771, -122.76]}
							}
						},
						{
							"origin": [-3.972, 21.72099, -4.96906],
							"size": [8.444, 6.94, 1.06],
							"pivot": [0.65, 23.64099, -5.28906],
							"rotation": [-9, 0, 0],
							"uv": {
								"north": {"uv": [1389.641, 1425], "uv_size": [-104.687, 122.743]},
								"east": {"uv": [1389.641, 1425], "uv_size": [-104.687, 122.743]},
								"south": {"uv": [1389.641, 1425], "uv_size": [-104.687, 122.743]},
								"west": {"uv": [1389.641, 1425], "uv_size": [-104.687, 122.743]},
								"up": {"uv": [1284.954, 1547.743], "uv_size": [104.687, -122.743]},
								"down": {"uv": [1284.954, 1547.743], "uv_size": [104.687, -122.743]}
							}
						},
						{
							"origin": [-8.74, 27.048, -1.472],
							"size": [17.48, 16.56, 7.36],
							"pivot": [3.22, 31.28, 1.84],
							"rotation": [-14, 0, 0],
							"uv": {
								"north": {"uv": [384.822, 327.902], "uv_size": [-142.857, 42.857]},
								"east": {"uv": [392.657, 372.969], "uv_size": [-99.688, 212.76]},
								"south": {"uv": [1249.636, 1406.979], "uv_size": [-166.667, 168.646]},
								"west": {"uv": [392.657, 372.969], "uv_size": [-99.688, 212.76]},
								"up": {"uv": [241.965, 370.759], "uv_size": [142.857, -42.857]},
								"down": {"uv": [241.965, 370.759], "uv_size": [142.857, -42.857]}
							}
						},
						{
							"origin": [-6.44, 20.24, -2.76],
							"size": [2.256, 9.016, 7.36],
							"pivot": [1.472, 20.24, -1.84],
							"rotation": [-1, 0, -10],
							"uv": {
								"north": {"uv": [1235.625, 1112.917], "uv_size": [-22.708, 76.667]},
								"east": {"uv": [1295.626, 1112.917], "uv_size": [-82.709, 76.667]},
								"south": {"uv": [1235.625, 1112.917], "uv_size": [-22.708, 76.667]},
								"west": {"uv": [1295.626, 1112.917], "uv_size": [-82.709, 76.667]},
								"up": {"uv": [1212.917, 1189.584], "uv_size": [82.709, -76.667]},
								"down": {"uv": [1212.917, 1189.584], "uv_size": [82.709, -76.667]}
							}
						},
						{
							"origin": [4.184, 20.24, -2.76],
							"size": [2.256, 9.016, 7.36],
							"pivot": [-1.472, 20.24, -1.84],
							"rotation": [-1, 0, 10],
							"uv": {
								"north": {"uv": [1212.917, 1112.917], "uv_size": [22.708, 76.667]},
								"east": {"uv": [1212.917, 1112.917], "uv_size": [82.709, 76.667]},
								"south": {"uv": [1212.917, 1112.917], "uv_size": [22.708, 76.667]},
								"west": {"uv": [1212.917, 1112.917], "uv_size": [82.709, 76.667]},
								"up": {"uv": [1295.626, 1189.584], "uv_size": [-82.709, -76.667]},
								"down": {"uv": [1295.626, 1189.584], "uv_size": [-82.709, -76.667]}
							}
						},
						{
							"origin": [-8.74, 39.928, -5.788],
							"size": [17.48, 7.36, 13.7],
							"inflate": 0.6,
							"pivot": [3.22, 38.64, 0],
							"rotation": [-9, 0, 0],
							"uv": {
								"north": {"uv": [482.657, 372.969], "uv_size": [-189.688, 115.677]},
								"east": {"uv": [482.657, 372.969], "uv_size": [-189.688, 115.677]},
								"south": {"uv": [482.657, 372.969], "uv_size": [-189.688, 115.677]},
								"west": {"uv": [482.657, 372.969], "uv_size": [-189.688, 115.677]},
								"up": {"uv": [292.969, 488.646], "uv_size": [189.688, -115.677]},
								"down": {"uv": [292.969, 488.646], "uv_size": [189.688, -115.677]}
							}
						},
						{
							"origin": [-11, 41.7, -13.2],
							"size": [22, 10.9, 18.3],
							"pivot": [0, 54.5, -1.9],
							"rotation": [27.5, 0, 0],
							"uv": {
								"north": {"uv": [552.657, 405.99], "uv_size": [-166.667, 115.625]},
								"east": {"uv": [552.657, 405.99], "uv_size": [-166.667, 115.625]},
								"south": {"uv": [552.657, 405.99], "uv_size": [-166.667, 115.625]},
								"west": {"uv": [552.657, 405.99], "uv_size": [-166.667, 115.625]},
								"up": {"uv": [1082.969, 1575.625], "uv_size": [166.667, -168.646]},
								"down": {"uv": [385.99, 521.615], "uv_size": [166.667, -115.625]}
							}
						},
						{
							"origin": [-11, 38.19011, -9.62172],
							"size": [11, 9.5, 2],
							"pivot": [-5.5, 42.94011, -8.62172],
							"rotation": [27.5, 0, -9],
							"uv": {
								"north": {"uv": [1288.542, 1250.984], "uv_size": [-81.597, 115.625]},
								"east": {"uv": [1343.982, 1447.975], "uv_size": [29.629, 115.625]},
								"south": {"uv": [552.657, 405.99], "uv_size": [-166.667, 115.625]},
								"west": {"uv": [1343.982, 1447.975], "uv_size": [29.629, 115.625]},
								"up": {"uv": [361.517, 518.577], "uv_size": [-99.538, -37.616]},
								"down": {"uv": [361.517, 518.577], "uv_size": [-99.538, -37.616]}
							}
						},
						{
							"origin": [0, 38.19011, -9.62172],
							"size": [11, 9.5, 2],
							"pivot": [5.5, 42.94011, -8.62172],
							"rotation": [27.5, 0, 9],
							"uv": {
								"north": {"uv": [1206.945, 1250.984], "uv_size": [77.662, 115.625]},
								"east": {"uv": [1343.982, 1447.975], "uv_size": [29.629, 115.625]},
								"south": {"uv": [385.99, 405.99], "uv_size": [166.667, 115.625]},
								"west": {"uv": [1343.982, 1447.975], "uv_size": [29.629, 115.625]},
								"up": {"uv": [361.517, 518.577], "uv_size": [-99.538, -37.616]},
								"down": {"uv": [361.517, 518.577], "uv_size": [-99.538, -37.616]}
							}
						},
						{
							"origin": [-11, 41.73771, -0.56322],
							"size": [22, 10.7, 9.6],
							"inflate": -0.1,
							"pivot": [0, 46.98771, -0.41322],
							"rotation": [146.5, 0, 0],
							"uv": {
								"north": {"uv": [552.657, 405.99], "uv_size": [-166.667, 95.625]},
								"east": {"uv": [552.657, 405.99], "uv_size": [-166.667, 95.625]},
								"south": {"uv": [552.657, 405.99], "uv_size": [-166.667, 95.625]},
								"west": {"uv": [552.657, 405.99], "uv_size": [-166.667, 95.625]},
								"up": {"uv": [385.99, 501.615], "uv_size": [166.667, -95.625]},
								"down": {"uv": [385.99, 501.615], "uv_size": [166.667, -95.625]}
							}
						},
						{
							"origin": [-11, 41.73771, -0.56322],
							"size": [22, 11.1, 9.5],
							"inflate": -0.2,
							"pivot": [0, 46.98771, -0.41322],
							"rotation": [86.5, 0, 0],
							"uv": {
								"north": {"uv": [552.657, 405.99], "uv_size": [-166.667, 95.625]},
								"east": {"uv": [552.657, 405.99], "uv_size": [-166.667, 95.625]},
								"south": {"uv": [552.657, 405.99], "uv_size": [-166.667, 95.625]},
								"west": {"uv": [552.657, 405.99], "uv_size": [-166.667, 95.625]},
								"up": {"uv": [385.99, 501.615], "uv_size": [166.667, -95.625]},
								"down": {"uv": [385.99, 501.615], "uv_size": [166.667, -95.625]}
							}
						}
					]
				},
				{
					"name": "bone6",
					"parent": "bone",
					"pivot": [-3.61418, 52.62428, -4.18132],
					"cubes": [
						{
							"origin": [-9.568, 49.656, -15.7224],
							"size": [9.568, 7.192, 8.476],
							"pivot": [0, 47.28, -10.46],
							"rotation": [-5, 15, 0],
							"uv": {
								"north": {"uv": [1162.708, 1090], "uv_size": [-136.77, 92.709]},
								"east": {"uv": [1306.713, 1092.94], "uv_size": [-126.736, 100.695]},
								"south": {"uv": [1306.771, 1092.969], "uv_size": [-126.771, 122.76]},
								"west": {"uv": [1306.771, 1092.969], "uv_size": [-126.771, 122.76]},
								"up": {"uv": [1180, 1215.729], "uv_size": [126.771, -122.76]},
								"down": {"uv": [1069.966, 1017.998], "uv_size": [35.821, 0]}
							}
						},
						{
							"origin": [-9.568, 47.656, -15.7224],
							"size": [0.568, 1.992, 8.476],
							"pivot": [0, 47.28, -10.46],
							"rotation": [-5, 15, 0],
							"uv": {
								"north": {"uv": [1213.6, 1191.956], "uv_size": [-10.648, 29.688]},
								"east": {"uv": [1306.655, 1162.905], "uv_size": [-126.678, 30.672]},
								"south": {"uv": [384.822, 327.902], "uv_size": [-142.857, 42.857]},
								"west": {"uv": [1105.787, 1017.998], "uv_size": [-35.821, 0]},
								"up": {"uv": [1180, 1215.729], "uv_size": [126.771, -122.76]},
								"down": {"uv": [241.965, 370.759], "uv_size": [142.857, -42.857]}
							}
						},
						{
							"origin": [-0.568, 47.656, -15.7224],
							"size": [0.568, 1.992, 8.476],
							"pivot": [0, 47.28, -10.46],
							"rotation": [-5, 15, 0],
							"uv": {
								"north": {"uv": [1213.6, 1191.956], "uv_size": [-10.648, 29.688]},
								"east": {"uv": [1105.787, 1017.998], "uv_size": [-35.821, 0]},
								"south": {"uv": [384.822, 327.902], "uv_size": [-142.857, 42.857]},
								"west": {"uv": [1306.713, 1185.938], "uv_size": [-126.736, 29.687]},
								"up": {"uv": [1180, 1215.729], "uv_size": [126.771, -122.76]},
								"down": {"uv": [241.965, 370.759], "uv_size": [142.857, -42.857]}
							}
						},
						{
							"origin": [-4.36582, 52.26401, -14.59806],
							"size": [3.248, 1.052, 4.756],
							"inflate": 0.3,
							"pivot": [-3.00182, 53.22501, -12.22006],
							"rotation": [-5, 15, -3],
							"uv": {
								"north": {"uv": [1387.732, 1417.998], "uv_size": [-36.748, 39.699]},
								"east": {"uv": [1387.732, 1417.998], "uv_size": [-36.748, 39.699]},
								"south": {"uv": [1387.732, 1417.998], "uv_size": [-36.748, 39.699]},
								"west": {"uv": [1387.732, 1417.998], "uv_size": [-36.748, 39.699]},
								"up": {"uv": [1350.984, 1457.697], "uv_size": [36.748, -39.699]},
								"down": {"uv": [1350.984, 1457.697], "uv_size": [36.748, -39.699]}
							}
						},
						{
							"origin": [-9.89441, 52.43298, -13.22399],
							"size": [3.378, 1.182, 0.856],
							"inflate": 0.3,
							"pivot": [-8.27041, 53.52398, -12.79599],
							"rotation": [-5, 15, 6],
							"uv": {
								"north": {"uv": [1387.732, 1417.998], "uv_size": [-36.748, 39.699]},
								"east": {"uv": [1387.732, 1417.998], "uv_size": [-36.748, 39.699]},
								"south": {"uv": [1387.732, 1417.998], "uv_size": [-36.748, 39.699]},
								"west": {"uv": [1387.732, 1417.998], "uv_size": [-36.748, 39.699]},
								"up": {"uv": [1350.984, 1457.697], "uv_size": [36.748, -39.699]},
								"down": {"uv": [1350.984, 1457.697], "uv_size": [36.748, -39.699]}
							}
						}
					]
				},
				{
					"name": "bone4",
					"parent": "bone6",
					"pivot": [-4.7504, 48.71856, -11.35478],
					"rotation": [22.5, 0, 0.5],
					"cubes": [
						{
							"origin": [-9.03351, 47.51055, -14.51099],
							"size": [8.568, 2.392, 5.776],
							"pivot": [-4.72422, 50.31867, -9.70478],
							"rotation": [-5, 15, 0],
							"uv": {
								"north": {"uv": [1291.667, 1184.954], "uv_size": [-92.708, 25.637]},
								"east": {"uv": [1306.713, 1092.94], "uv_size": [-126.736, 100.695]},
								"south": {"uv": [384.822, 327.902], "uv_size": [-142.857, 42.857]},
								"west": {"uv": [1306.771, 1092.969], "uv_size": [-126.771, 122.76]},
								"up": {"uv": [1117.998, 1017.998], "uv_size": [0, 0]},
								"down": {"uv": [313.947, 503.704], "uv_size": [126.736, -122.743]}
							}
						},
						{
							"origin": [-2.03351, 49.91055, -14.51099],
							"size": [1.568, 0.992, 0.476],
							"pivot": [-4.72422, 50.31867, -9.70478],
							"rotation": [-5, 15, 0],
							"uv": {
								"north": {"uv": [1502.489, 1269.966], "uv_size": [-25.521, 13.483]},
								"east": {"uv": [1502.489, 1269.966], "uv_size": [-25.521, 13.483]},
								"south": {"uv": [1502.489, 1269.966], "uv_size": [-25.521, 13.483]},
								"west": {"uv": [1502.489, 1269.966], "uv_size": [-25.521, 13.483]},
								"up": {"uv": [1476.968, 1283.449], "uv_size": [25.521, -13.483]},
								"down": {"uv": [1476.968, 1283.449], "uv_size": [25.521, -13.483]}
							}
						},
						{
							"origin": [-10.52172, 49.87806, -13.39687],
							"size": [1.568, 1.292, 0.476],
							"pivot": [-9.45578, 50.70321, -15.01957],
							"rotation": [-5, 15, 0],
							"uv": {
								"north": {"uv": [1476.968, 1269.966], "uv_size": [25.521, 13.483]},
								"east": {"uv": [1476.968, 1269.966], "uv_size": [25.521, 13.483]},
								"south": {"uv": [1476.968, 1269.966], "uv_size": [25.521, 13.483]},
								"west": {"uv": [1476.968, 1269.966], "uv_size": [25.521, 13.483]},
								"up": {"uv": [1502.489, 1283.449], "uv_size": [-25.521, -13.483]},
								"down": {"uv": [1502.489, 1283.449], "uv_size": [-25.521, -13.483]}
							}
						}
					]
				},
				{
					"name": "bone8",
					"parent": "bone6",
					"pivot": [-2.96942, 47.10388, -8.52219]
				},
				{
					"name": "bone7",
					"parent": "bone",
					"pivot": [3.21418, 52.92428, -4.18132],
					"rotation": [-4.92643, -6.89313, -1.22144],
					"cubes": [
						{
							"origin": [-0.68913, 49.71854, -16.64569],
							"size": [10.33344, 7.76736, 9.15408],
							"pivot": [-0.68913, 47.15246, -10.96229],
							"rotation": [-5, -15, 0],
							"uv": {
								"north": {"uv": [1025.938, 1090], "uv_size": [136.77, 92.709]},
								"east": {"uv": [1180, 1092.969], "uv_size": [126.771, 122.76]},
								"south": {"uv": [1180, 1092.969], "uv_size": [126.771, 122.76]},
								"west": {"uv": [1179.977, 1092.94], "uv_size": [126.736, 100.695]},
								"up": {"uv": [1306.771, 1215.729], "uv_size": [-126.771, -122.76]},
								"down": {"uv": [1105.787, 1017.998], "uv_size": [-35.821, 0]}
							}
						},
						{
							"origin": [9.03087, 47.55854, -16.64569],
							"size": [0.61344, 2.15136, 9.15408],
							"pivot": [-0.68913, 47.15246, -10.96229],
							"rotation": [-5, -15, 0],
							"uv": {
								"north": {"uv": [1202.952, 1191.956], "uv_size": [10.648, 29.688]},
								"east": {"uv": [1069.966, 1017.998], "uv_size": [35.821, 0]},
								"south": {"uv": [241.965, 327.902], "uv_size": [142.857, 42.857]},
								"west": {"uv": [1179.977, 1162.905], "uv_size": [126.678, 30.672]},
								"up": {"uv": [1306.771, 1215.729], "uv_size": [-126.771, -122.76]},
								"down": {"uv": [384.822, 370.759], "uv_size": [-142.857, -42.857]}
							}
						},
						{
							"origin": [-0.68913, 47.55854, -16.64569],
							"size": [0.61344, 2.15136, 9.15408],
							"pivot": [-0.68913, 47.15246, -10.96229],
							"rotation": [-5, -15, 0],
							"uv": {
								"north": {"uv": [1202.952, 1191.956], "uv_size": [10.648, 29.688]},
								"east": {"uv": [1179.977, 1185.938], "uv_size": [126.736, 29.687]},
								"south": {"uv": [241.965, 327.902], "uv_size": [142.857, 42.857]},
								"west": {"uv": [1069.966, 1017.998], "uv_size": [35.821, 0]},
								"up": {"uv": [1306.771, 1215.729], "uv_size": [-126.771, -122.76]},
								"down": {"uv": [384.822, 370.759], "uv_size": [-142.857, -42.857]}
							}
						},
						{
							"origin": [0.49411, 52.51119, -15.4554],
							"size": [3.55584, 1.18416, 5.18448],
							"inflate": 0.3,
							"pivot": [2.55283, 53.57307, -12.86316],
							"rotation": [-5, -15, 3],
							"uv": {
								"north": {"uv": [1387.732, 1417.998], "uv_size": [-36.748, 39.699]},
								"east": {"uv": [1387.732, 1417.998], "uv_size": [-36.748, 39.699]},
								"south": {"uv": [1387.732, 1417.998], "uv_size": [-36.748, 39.699]},
								"west": {"uv": [1387.732, 1417.998], "uv_size": [-36.748, 39.699]},
								"up": {"uv": [1350.984, 1457.697], "uv_size": [36.748, -39.699]},
								"down": {"uv": [1350.984, 1457.697], "uv_size": [36.748, -39.699]}
							}
						},
						{
							"origin": [6.32458, 52.69367, -13.97141],
							"size": [3.69624, 1.32456, 0.97248],
							"inflate": 0.3,
							"pivot": [8.2429, 53.89595, -13.48517],
							"rotation": [-5, -15, -6],
							"uv": {
								"north": {"uv": [1387.732, 1417.998], "uv_size": [-36.748, 39.699]},
								"east": {"uv": [1387.732, 1417.998], "uv_size": [-36.748, 39.699]},
								"south": {"uv": [1387.732, 1417.998], "uv_size": [-36.748, 39.699]},
								"west": {"uv": [1387.732, 1417.998], "uv_size": [-36.748, 39.699]},
								"up": {"uv": [1350.984, 1457.697], "uv_size": [36.748, -39.699]},
								"down": {"uv": [1350.984, 1457.697], "uv_size": [36.748, -39.699]}
							}
						}
					]
				},
				{
					"name": "bone10",
					"parent": "bone7",
					"pivot": [4.73043, 48.91604, -10.26316],
					"rotation": [22.5, 0, -0.5],
					"cubes": [
						{
							"origin": [-0.15148, 47.48473, -15.16099],
							"size": [9.25344, 2.58336, 6.23808],
							"pivot": [4.44793, 50.5175, -9.97028],
							"rotation": [-5, -15, 0],
							"uv": {
								"north": {"uv": [1198.959, 1184.954], "uv_size": [92.708, 25.637]},
								"east": {"uv": [1180, 1092.969], "uv_size": [126.771, 122.76]},
								"south": {"uv": [241.965, 327.902], "uv_size": [142.857, 42.857]},
								"west": {"uv": [1179.977, 1092.94], "uv_size": [126.736, 100.695]},
								"up": {"uv": [1117.998, 1017.998], "uv_size": [0, 0]},
								"down": {"uv": [440.683, 503.704], "uv_size": [-126.736, -122.743]}
							}
						},
						{
							"origin": [-0.15148, 50.07673, -15.16099],
							"size": [1.69344, 1.07136, 0.51408],
							"pivot": [4.44793, 50.5175, -9.97028],
							"rotation": [-5, -15, 0],
							"uv": {
								"north": {"uv": [1476.968, 1269.966], "uv_size": [25.521, 13.483]},
								"east": {"uv": [1476.968, 1269.966], "uv_size": [25.521, 13.483]},
								"south": {"uv": [1476.968, 1269.966], "uv_size": [25.521, 13.483]},
								"west": {"uv": [1476.968, 1269.966], "uv_size": [25.521, 13.483]},
								"up": {"uv": [1502.489, 1283.449], "uv_size": [-25.521, -13.483]},
								"down": {"uv": [1502.489, 1283.449], "uv_size": [-25.521, -13.483]}
							}
						},
						{
							"origin": [9.01579, 50.04164, -13.95774],
							"size": [1.69344, 1.39536, 0.51408],
							"pivot": [9.55801, 50.93281, -15.71025],
							"rotation": [-5, -15, 0],
							"uv": {
								"north": {"uv": [1502.489, 1269.966], "uv_size": [-25.521, 13.483]},
								"east": {"uv": [1502.489, 1269.966], "uv_size": [-25.521, 13.483]},
								"south": {"uv": [1502.489, 1269.966], "uv_size": [-25.521, 13.483]},
								"west": {"uv": [1502.489, 1269.966], "uv_size": [-25.521, 13.483]},
								"up": {"uv": [1476.968, 1283.449], "uv_size": [25.521, -13.483]},
								"down": {"uv": [1476.968, 1283.449], "uv_size": [25.521, -13.483]}
							}
						}
					]
				},
				{
					"name": "bone11",
					"parent": "bone",
					"pivot": [2.80698, 51.1722, -9.20396]
				},
				{
					"name": "bone24",
					"parent": "bone11",
					"pivot": [5.3, 52.5, 7.1],
					"rotation": [0, 28, 0],
					"cubes": [
						{
							"origin": [2.3, 46.7, 3.8],
							"size": [6, 5.9, 8.3],
							"pivot": [3.3, 54.5, -1.9],
							"rotation": [27.5, 0, 0],
							"uv": {
								"north": {"uv": [995.949, 1306.945], "uv_size": [59.665, 63.599]},
								"east": {"uv": [995.949, 1306.945], "uv_size": [59.665, 63.599]},
								"south": {"uv": [995.949, 1306.945], "uv_size": [59.665, 63.599]},
								"west": {"uv": [995.949, 1306.945], "uv_size": [59.665, 63.599]},
								"up": {"uv": [1055.614, 1370.544], "uv_size": [-59.665, -63.599]},
								"down": {"uv": [1055.614, 1370.544], "uv_size": [-59.665, -63.599]}
							}
						}
					]
				},
				{
					"name": "bone25",
					"parent": "bone24",
					"pivot": [3.3, 54.5, -1.9],
					"cubes": [
						{
							"origin": [2.3, 46.7, 10.8],
							"size": [6, 5.9, 8.4],
							"inflate": -0.5,
							"pivot": [3.3, 54.5, -1.9],
							"rotation": [27.5, 0, 0],
							"uv": {
								"north": {"uv": [1198.959, 899.48], "uv_size": [163.599, -74.48]},
								"east": {"uv": [1362.5, 899.422], "uv_size": [-163.541, -63.426]},
								"south": {"uv": [480.961, 1333.449], "uv_size": [163.542, -74.479]},
								"west": {"uv": [1198.959, 899.422], "uv_size": [163.541, -63.426]},
								"up": {"uv": [1067.419, 1243.982], "uv_size": [-71.47, 130.44]},
								"down": {"uv": [1067.419, 1374.422], "uv_size": [-71.47, -130.44]}
							}
						}
					]
				},
				{
					"name": "bone44",
					"parent": "bone11",
					"pivot": [-5.3, 52.5, 7.1],
					"rotation": [0, -28, 0],
					"cubes": [
						{
							"origin": [-8.3, 46.7, 3.8],
							"size": [6, 5.9, 8.3],
							"pivot": [-3.3, 54.5, -1.9],
							"rotation": [27.5, 0, 0],
							"uv": {
								"north": {"uv": [1055.614, 1306.945], "uv_size": [-59.665, 63.599]},
								"east": {"uv": [1055.614, 1306.945], "uv_size": [-59.665, 63.599]},
								"south": {"uv": [1055.614, 1306.945], "uv_size": [-59.665, 63.599]},
								"west": {"uv": [1055.614, 1306.945], "uv_size": [-59.665, 63.599]},
								"up": {"uv": [995.949, 1370.544], "uv_size": [59.665, -63.599]},
								"down": {"uv": [995.949, 1370.544], "uv_size": [59.665, -63.599]}
							}
						}
					]
				},
				{
					"name": "bone45",
					"parent": "bone44",
					"pivot": [-3.3, 54.5, -1.9],
					"cubes": [
						{
							"origin": [-8.3, 46.7, 10.8],
							"size": [6, 5.9, 11.4],
							"inflate": -0.5,
							"pivot": [-3.3, 54.5, -1.9],
							"rotation": [27.5, 0, 0],
							"uv": {
								"north": {"uv": [1362.558, 899.48], "uv_size": [-163.599, -74.48]},
								"east": {"uv": [1362.5, 899.422], "uv_size": [-163.541, -63.426]},
								"south": {"uv": [644.503, 1333.449], "uv_size": [-163.542, -74.479]},
								"west": {"uv": [1198.959, 899.422], "uv_size": [163.541, -63.426]},
								"up": {"uv": [995.949, 1243.982], "uv_size": [71.47, 130.44]},
								"down": {"uv": [995.949, 1374.422], "uv_size": [71.47, -130.44]}
							}
						}
					]
				},
				{
					"name": "bone20",
					"parent": "bone11",
					"pivot": [-0.1, 52.5, 7.1],
					"rotation": [2.5, 0, 0],
					"cubes": [
						{
							"origin": [-3.1, 46.7, 3.8],
							"size": [6, 5.9, 8.3],
							"inflate": 0.3,
							"pivot": [1.9, 54.5, -1.9],
							"rotation": [27.5, 0, 0],
							"uv": {
								"north": {"uv": [1055.614, 1306.945], "uv_size": [-59.665, 63.599]},
								"east": {"uv": [1055.614, 1306.945], "uv_size": [-59.665, 63.599]},
								"south": {"uv": [1055.614, 1306.945], "uv_size": [-59.665, 63.599]},
								"west": {"uv": [1055.614, 1306.945], "uv_size": [-59.665, 63.599]},
								"up": {"uv": [995.949, 1370.544], "uv_size": [59.665, -63.599]},
								"down": {"uv": [995.949, 1370.544], "uv_size": [59.665, -63.599]}
							}
						}
					]
				},
				{
					"name": "bone21",
					"parent": "bone20",
					"pivot": [1.9, 54.5, -1.9],
					"cubes": [
						{
							"origin": [-3.1, 46.7, 10.8],
							"size": [6, 5.9, 10.4],
							"inflate": -0.2,
							"pivot": [1.9, 54.5, -1.9],
							"rotation": [27.5, 0, 0],
							"uv": {
								"north": {"uv": [1362.558, 899.48], "uv_size": [-163.599, -74.48]},
								"east": {"uv": [1362.5, 899.422], "uv_size": [-163.541, -63.426]},
								"south": {"uv": [644.503, 1333.449], "uv_size": [-163.542, -74.479]},
								"west": {"uv": [1198.959, 899.422], "uv_size": [163.541, -63.426]},
								"up": {"uv": [995.949, 1243.982], "uv_size": [71.47, 130.44]},
								"down": {"uv": [995.949, 1374.422], "uv_size": [71.47, -130.44]}
							}
						}
					]
				},
				{
					"name": "bone34",
					"parent": "bone11",
					"pivot": [-0.1, 52.5, 7.1],
					"rotation": [37.5, 0, 25],
					"cubes": [
						{
							"origin": [-3.1, 46.7, 3.8],
							"size": [6, 5.9, 8.3],
							"inflate": 0.3,
							"pivot": [1.9, 54.5, -1.9],
							"rotation": [27.5, 0, 0],
							"uv": {
								"north": {"uv": [1055.614, 1306.945], "uv_size": [-59.665, 63.599]},
								"east": {"uv": [1055.614, 1306.945], "uv_size": [-59.665, 63.599]},
								"south": {"uv": [1055.614, 1306.945], "uv_size": [-59.665, 63.599]},
								"west": {"uv": [1055.614, 1306.945], "uv_size": [-59.665, 63.599]},
								"up": {"uv": [995.949, 1370.544], "uv_size": [59.665, -63.599]},
								"down": {"uv": [995.949, 1370.544], "uv_size": [59.665, -63.599]}
							}
						}
					]
				},
				{
					"name": "bone35",
					"parent": "bone34",
					"pivot": [1.9, 54.5, -1.9],
					"cubes": [
						{
							"origin": [-3.1, 46.7, 10.8],
							"size": [6, 5.9, 9.4],
							"inflate": -0.2,
							"pivot": [1.9, 54.5, -1.9],
							"rotation": [27.5, 0, 0],
							"uv": {
								"north": {"uv": [1362.558, 899.48], "uv_size": [-163.599, -74.48]},
								"east": {"uv": [1362.5, 899.422], "uv_size": [-163.541, -63.426]},
								"south": {"uv": [644.503, 1333.449], "uv_size": [-163.542, -74.479]},
								"west": {"uv": [1198.959, 899.422], "uv_size": [163.541, -63.426]},
								"up": {"uv": [995.949, 1243.982], "uv_size": [71.47, 130.44]},
								"down": {"uv": [995.949, 1374.422], "uv_size": [71.47, -130.44]}
							}
						}
					]
				},
				{
					"name": "bone36",
					"parent": "bone11",
					"pivot": [0.1, 52.5, 7.1],
					"rotation": [37.5, 0, -25],
					"cubes": [
						{
							"origin": [-2.9, 46.7, 3.8],
							"size": [6, 5.9, 8.3],
							"inflate": 0.3,
							"pivot": [-1.9, 54.5, -1.9],
							"rotation": [27.5, 0, 0],
							"uv": {
								"north": {"uv": [995.949, 1306.945], "uv_size": [59.665, 63.599]},
								"east": {"uv": [995.949, 1306.945], "uv_size": [59.665, 63.599]},
								"south": {"uv": [995.949, 1306.945], "uv_size": [59.665, 63.599]},
								"west": {"uv": [995.949, 1306.945], "uv_size": [59.665, 63.599]},
								"up": {"uv": [1055.614, 1370.544], "uv_size": [-59.665, -63.599]},
								"down": {"uv": [1055.614, 1370.544], "uv_size": [-59.665, -63.599]}
							}
						}
					]
				},
				{
					"name": "bone37",
					"parent": "bone36",
					"pivot": [-1.9, 54.5, -1.9],
					"cubes": [
						{
							"origin": [-2.9, 46.7, 10.8],
							"size": [6, 5.9, 8.4],
							"inflate": -0.2,
							"pivot": [-1.9, 54.5, -1.9],
							"rotation": [27.5, 0, 0],
							"uv": {
								"north": {"uv": [1198.959, 899.48], "uv_size": [163.599, -74.48]},
								"east": {"uv": [1362.5, 899.422], "uv_size": [-163.541, -63.426]},
								"south": {"uv": [480.961, 1333.449], "uv_size": [163.542, -74.479]},
								"west": {"uv": [1198.959, 899.422], "uv_size": [163.541, -63.426]},
								"up": {"uv": [1067.419, 1243.982], "uv_size": [-71.47, 130.44]},
								"down": {"uv": [1067.419, 1374.422], "uv_size": [-71.47, -130.44]}
							}
						}
					]
				},
				{
					"name": "bone14",
					"parent": "bone11",
					"pivot": [-6.9, 50.8, 5.2],
					"rotation": [-49.5864, -35.17462, 24.61241],
					"cubes": [
						{
							"origin": [-9.9, 45, 1.9],
							"size": [6, 5.9, 8.3],
							"pivot": [-4.9, 52.8, -3.8],
							"rotation": [27.5, 0, 0],
							"uv": {
								"north": {"uv": [1055.614, 1306.945], "uv_size": [-59.665, 63.599]},
								"east": {"uv": [1055.614, 1306.945], "uv_size": [-59.665, 63.599]},
								"south": {"uv": [1055.614, 1306.945], "uv_size": [-59.665, 63.599]},
								"west": {"uv": [1055.614, 1306.945], "uv_size": [-59.665, 63.599]},
								"up": {"uv": [995.949, 1370.544], "uv_size": [59.665, -63.599]},
								"down": {"uv": [995.949, 1370.544], "uv_size": [59.665, -63.599]}
							}
						}
					]
				},
				{
					"name": "bone15",
					"parent": "bone14",
					"pivot": [-4.9, 52.8, -3.8],
					"cubes": [
						{
							"origin": [-9.9, 45, 4.9],
							"size": [6, 5.9, 10.4],
							"inflate": -0.5,
							"pivot": [-4.9, 52.8, -3.8],
							"rotation": [27.5, 0, 0],
							"uv": {
								"north": {"uv": [1362.558, 899.48], "uv_size": [-163.599, -74.48]},
								"east": {"uv": [1362.5, 899.422], "uv_size": [-163.541, -63.426]},
								"south": {"uv": [644.503, 1333.449], "uv_size": [-163.542, -74.479]},
								"west": {"uv": [1198.959, 899.422], "uv_size": [163.541, -63.426]},
								"up": {"uv": [995.949, 1243.982], "uv_size": [71.47, 130.44]},
								"down": {"uv": [995.949, 1374.422], "uv_size": [71.47, -130.44]}
							}
						}
					]
				},
				{
					"name": "bone32",
					"parent": "bone11",
					"pivot": [-0.1, 46.5, 7.1],
					"rotation": [-12.5, 0, 0],
					"cubes": [
						{
							"origin": [-3.1, 40.7, 3.8],
							"size": [6, 5.9, 8.3],
							"inflate": 0.3,
							"pivot": [1.9, 48.5, -1.9],
							"rotation": [27.5, 0, 0],
							"uv": {
								"north": {"uv": [1055.614, 1306.945], "uv_size": [-59.665, 63.599]},
								"east": {"uv": [1055.614, 1306.945], "uv_size": [-59.665, 63.599]},
								"south": {"uv": [1055.614, 1306.945], "uv_size": [-59.665, 63.599]},
								"west": {"uv": [1055.614, 1306.945], "uv_size": [-59.665, 63.599]},
								"up": {"uv": [995.949, 1370.544], "uv_size": [59.665, -63.599]},
								"down": {"uv": [995.949, 1370.544], "uv_size": [59.665, -63.599]}
							}
						}
					]
				},
				{
					"name": "bone33",
					"parent": "bone32",
					"pivot": [1.9, 48.5, -1.9],
					"cubes": [
						{
							"origin": [-3.1, 40.7, 10.8],
							"size": [6, 5.9, 11.4],
							"inflate": -0.2,
							"pivot": [1.9, 48.5, -1.9],
							"rotation": [27.5, 0, 0],
							"uv": {
								"north": {"uv": [1362.558, 899.48], "uv_size": [-163.599, -74.48]},
								"east": {"uv": [1362.5, 899.422], "uv_size": [-163.541, -63.426]},
								"south": {"uv": [644.503, 1333.449], "uv_size": [-163.542, -74.479]},
								"west": {"uv": [1198.959, 899.422], "uv_size": [163.541, -63.426]},
								"up": {"uv": [995.949, 1243.982], "uv_size": [71.47, 130.44]},
								"down": {"uv": [995.949, 1374.422], "uv_size": [71.47, -130.44]}
							}
						}
					]
				},
				{
					"name": "bone22",
					"parent": "bone11",
					"pivot": [-0.1, 46.5, 7.1],
					"rotation": [-60, 0, 0],
					"cubes": [
						{
							"origin": [-3.1, 40.7, 3.8],
							"size": [6, 5.9, 8.3],
							"inflate": 0.3,
							"pivot": [1.9, 48.5, -1.9],
							"rotation": [27.5, 0, 0],
							"uv": {
								"north": {"uv": [1055.614, 1306.945], "uv_size": [-59.665, 63.599]},
								"east": {"uv": [1055.614, 1306.945], "uv_size": [-59.665, 63.599]},
								"south": {"uv": [1055.614, 1306.945], "uv_size": [-59.665, 63.599]},
								"west": {"uv": [1055.614, 1306.945], "uv_size": [-59.665, 63.599]},
								"up": {"uv": [995.949, 1370.544], "uv_size": [59.665, -63.599]},
								"down": {"uv": [995.949, 1370.544], "uv_size": [59.665, -63.599]}
							}
						}
					]
				},
				{
					"name": "bone23",
					"parent": "bone22",
					"pivot": [1.9, 48.5, -1.9],
					"cubes": [
						{
							"origin": [-3.1, 40.7, 10.8],
							"size": [6, 5.9, 11.4],
							"inflate": -0.2,
							"pivot": [1.9, 48.5, -1.9],
							"rotation": [27.5, 0, 0],
							"uv": {
								"north": {"uv": [1362.558, 899.48], "uv_size": [-163.599, -74.48]},
								"east": {"uv": [1362.5, 899.422], "uv_size": [-163.541, -63.426]},
								"south": {"uv": [644.503, 1333.449], "uv_size": [-163.542, -74.479]},
								"west": {"uv": [1198.959, 899.422], "uv_size": [163.541, -63.426]},
								"up": {"uv": [995.949, 1243.982], "uv_size": [71.47, 130.44]},
								"down": {"uv": [995.949, 1374.422], "uv_size": [71.47, -130.44]}
							}
						}
					]
				},
				{
					"name": "bone26",
					"parent": "bone11",
					"pivot": [6.9, 50.8, 5.2],
					"rotation": [-49.5864, 35.17462, -24.61241],
					"cubes": [
						{
							"origin": [3.9, 45, 1.9],
							"size": [6, 5.9, 8.3],
							"pivot": [4.9, 52.8, -3.8],
							"rotation": [27.5, 0, 0],
							"uv": {
								"north": {"uv": [995.949, 1306.945], "uv_size": [59.665, 63.599]},
								"east": {"uv": [995.949, 1306.945], "uv_size": [59.665, 63.599]},
								"south": {"uv": [995.949, 1306.945], "uv_size": [59.665, 63.599]},
								"west": {"uv": [995.949, 1306.945], "uv_size": [59.665, 63.599]},
								"up": {"uv": [1055.614, 1370.544], "uv_size": [-59.665, -63.599]},
								"down": {"uv": [1055.614, 1370.544], "uv_size": [-59.665, -63.599]}
							}
						}
					]
				},
				{
					"name": "bone27",
					"parent": "bone26",
					"pivot": [4.9, 52.8, -3.8],
					"cubes": [
						{
							"origin": [3.9, 45, 4.9],
							"size": [6, 5.9, 10.4],
							"inflate": -0.5,
							"pivot": [4.9, 52.8, -3.8],
							"rotation": [27.5, 0, 0],
							"uv": {
								"north": {"uv": [1198.959, 899.48], "uv_size": [163.599, -74.48]},
								"east": {"uv": [1362.5, 899.422], "uv_size": [-163.541, -63.426]},
								"south": {"uv": [480.961, 1333.449], "uv_size": [163.542, -74.479]},
								"west": {"uv": [1198.959, 899.422], "uv_size": [163.541, -63.426]},
								"up": {"uv": [1067.419, 1243.982], "uv_size": [-71.47, 130.44]},
								"down": {"uv": [1067.419, 1374.422], "uv_size": [-71.47, -130.44]}
							}
						}
					]
				},
				{
					"name": "bone16",
					"parent": "bone11",
					"pivot": [5.6, 46.7, 7.1],
					"rotation": [-48.76776, 24.00842, 4.98155],
					"cubes": [
						{
							"origin": [2.6, 40.9, 3.8],
							"size": [6, 5.9, 8.3],
							"pivot": [3.6, 48.7, -1.9],
							"rotation": [27.5, 0, 0],
							"uv": {
								"north": {"uv": [995.949, 1306.945], "uv_size": [59.665, 63.599]},
								"east": {"uv": [995.949, 1306.945], "uv_size": [59.665, 63.599]},
								"south": {"uv": [995.949, 1306.945], "uv_size": [59.665, 63.599]},
								"west": {"uv": [995.949, 1306.945], "uv_size": [59.665, 63.599]},
								"up": {"uv": [1055.614, 1370.544], "uv_size": [-59.665, -63.599]},
								"down": {"uv": [1055.614, 1370.544], "uv_size": [-59.665, -63.599]}
							}
						}
					]
				},
				{
					"name": "bone17",
					"parent": "bone16",
					"pivot": [3.6, 48.7, -1.9],
					"cubes": [
						{
							"origin": [2.6, 40.9, 4.8],
							"size": [6, 5.9, 13.4],
							"inflate": -0.5,
							"pivot": [3.6, 48.7, -1.9],
							"rotation": [27.5, 0, 0],
							"uv": {
								"north": {"uv": [1198.959, 899.48], "uv_size": [163.599, -74.48]},
								"east": {"uv": [1362.5, 899.422], "uv_size": [-163.541, -63.426]},
								"south": {"uv": [480.961, 1333.449], "uv_size": [163.542, -74.479]},
								"west": {"uv": [1198.959, 899.422], "uv_size": [163.541, -63.426]},
								"up": {"uv": [1067.419, 1243.982], "uv_size": [-71.47, 130.44]},
								"down": {"uv": [1067.419, 1374.422], "uv_size": [-71.47, -130.44]}
							}
						}
					]
				},
				{
					"name": "bone30",
					"parent": "bone11",
					"pivot": [-5.6, 46.7, 7.1],
					"rotation": [-48.76776, -24.00842, -4.98155],
					"cubes": [
						{
							"origin": [-8.6, 40.9, 3.8],
							"size": [6, 5.9, 8.3],
							"pivot": [-3.6, 48.7, -1.9],
							"rotation": [27.5, 0, 0],
							"uv": {
								"north": {"uv": [1055.614, 1306.945], "uv_size": [-59.665, 63.599]},
								"east": {"uv": [1055.614, 1306.945], "uv_size": [-59.665, 63.599]},
								"south": {"uv": [1055.614, 1306.945], "uv_size": [-59.665, 63.599]},
								"west": {"uv": [1055.614, 1306.945], "uv_size": [-59.665, 63.599]},
								"up": {"uv": [995.949, 1370.544], "uv_size": [59.665, -63.599]},
								"down": {"uv": [995.949, 1370.544], "uv_size": [59.665, -63.599]}
							}
						}
					]
				},
				{
					"name": "bone31",
					"parent": "bone30",
					"pivot": [-3.6, 48.7, -1.9],
					"cubes": [
						{
							"origin": [-8.6, 40.9, 4.8],
							"size": [6, 5.9, 13.4],
							"inflate": -0.5,
							"pivot": [-3.6, 48.7, -1.9],
							"rotation": [27.5, 0, 0],
							"uv": {
								"north": {"uv": [1362.558, 899.48], "uv_size": [-163.599, -74.48]},
								"east": {"uv": [1362.5, 899.422], "uv_size": [-163.541, -63.426]},
								"south": {"uv": [644.503, 1333.449], "uv_size": [-163.542, -74.479]},
								"west": {"uv": [1198.959, 899.422], "uv_size": [163.541, -63.426]},
								"up": {"uv": [995.949, 1243.982], "uv_size": [71.47, 130.44]},
								"down": {"uv": [995.949, 1374.422], "uv_size": [71.47, -130.44]}
							}
						}
					]
				},
				{
					"name": "bone18",
					"parent": "bone11",
					"pivot": [2.2, 45.2, 7.1],
					"rotation": [-97.19596, 7.32864, -15.7448],
					"cubes": [
						{
							"origin": [-0.8, 39.4, 3.8],
							"size": [6, 5.9, 8.3],
							"pivot": [0.2, 47.2, -1.9],
							"rotation": [27.5, 0, 0],
							"uv": {
								"north": {"uv": [995.949, 1306.945], "uv_size": [59.665, 63.599]},
								"east": {"uv": [995.949, 1306.945], "uv_size": [59.665, 63.599]},
								"south": {"uv": [995.949, 1306.945], "uv_size": [59.665, 63.599]},
								"west": {"uv": [995.949, 1306.945], "uv_size": [59.665, 63.599]},
								"up": {"uv": [1055.614, 1370.544], "uv_size": [-59.665, -63.599]},
								"down": {"uv": [1055.614, 1370.544], "uv_size": [-59.665, -63.599]}
							}
						}
					]
				},
				{
					"name": "bone19",
					"parent": "bone18",
					"pivot": [0.2, 47.2, -1.9],
					"cubes": [
						{
							"origin": [-0.8, 39.4, 4.8],
							"size": [6, 5.9, 13.4],
							"inflate": -0.5,
							"pivot": [0.2, 47.2, -1.9],
							"rotation": [27.5, 0, 0],
							"uv": {
								"north": {"uv": [1198.959, 899.48], "uv_size": [163.599, -74.48]},
								"east": {"uv": [1362.5, 899.422], "uv_size": [-163.541, -63.426]},
								"south": {"uv": [480.961, 1333.449], "uv_size": [163.542, -74.479]},
								"west": {"uv": [1198.959, 899.422], "uv_size": [163.541, -63.426]},
								"up": {"uv": [1067.419, 1243.982], "uv_size": [-71.47, 130.44]},
								"down": {"uv": [1067.419, 1374.422], "uv_size": [-71.47, -130.44]}
							}
						}
					]
				},
				{
					"name": "bone28",
					"parent": "bone11",
					"pivot": [-2.2, 45.2, 7.1],
					"rotation": [-97.19596, -7.32864, 15.7448],
					"cubes": [
						{
							"origin": [-5.2, 39.4, 3.8],
							"size": [6, 5.9, 8.3],
							"pivot": [-0.2, 47.2, -1.9],
							"rotation": [27.5, 0, 0],
							"uv": {
								"north": {"uv": [1055.614, 1306.945], "uv_size": [-59.665, 63.599]},
								"east": {"uv": [1055.614, 1306.945], "uv_size": [-59.665, 63.599]},
								"south": {"uv": [1055.614, 1306.945], "uv_size": [-59.665, 63.599]},
								"west": {"uv": [1055.614, 1306.945], "uv_size": [-59.665, 63.599]},
								"up": {"uv": [995.949, 1370.544], "uv_size": [59.665, -63.599]},
								"down": {"uv": [995.949, 1370.544], "uv_size": [59.665, -63.599]}
							}
						}
					]
				},
				{
					"name": "bone29",
					"parent": "bone28",
					"pivot": [-0.2, 47.2, -1.9],
					"cubes": [
						{
							"origin": [-5.2, 39.4, 4.8],
							"size": [6, 5.9, 13.4],
							"inflate": -0.5,
							"pivot": [-0.2, 47.2, -1.9],
							"rotation": [27.5, 0, 0],
							"uv": {
								"north": {"uv": [1362.558, 899.48], "uv_size": [-163.599, -74.48]},
								"east": {"uv": [1362.5, 899.422], "uv_size": [-163.541, -63.426]},
								"south": {"uv": [644.503, 1333.449], "uv_size": [-163.542, -74.479]},
								"west": {"uv": [1198.959, 899.422], "uv_size": [163.541, -63.426]},
								"up": {"uv": [995.949, 1243.982], "uv_size": [71.47, 130.44]},
								"down": {"uv": [995.949, 1374.422], "uv_size": [71.47, -130.44]}
							}
						}
					]
				},
				{
					"name": "bone3",
					"pivot": [0, 0, 0],
					"cubes": [
						{
							"origin": [-11.28, 11.96, -6.08],
							"size": [8.52, 6.776, 9.392],
							"pivot": [-7.36, 14.72, -1.84],
							"rotation": [-10, 0, 10],
							"uv": {
								"north": {"uv": [1306.771, 1159.896], "uv_size": [-126.771, 55.625]},
								"east": {"uv": [1306.771, 1159.896], "uv_size": [-126.771, 55.625]},
								"south": {"uv": [1306.771, 1159.896], "uv_size": [-126.771, 55.625]},
								"west": {"uv": [1306.771, 1159.896], "uv_size": [-126.771, 55.625]},
								"up": {"uv": [1180, 1215.521], "uv_size": [126.771, -55.625]},
								"down": {"uv": [1180, 1215.521], "uv_size": [126.771, -55.625]}
							}
						},
						{
							"origin": [-10.38, 18.06, -5.08],
							"size": [9.22, 7.976, 9.692],
							"pivot": [-5.56, 20.82, -0.84],
							"rotation": [-10, 0, 10],
							"uv": {
								"north": {"uv": [1306.771, 1092.969], "uv_size": [-126.771, 122.76]},
								"east": {"uv": [1306.771, 1092.969], "uv_size": [-126.771, 122.76]},
								"south": {"uv": [1306.771, 1092.969], "uv_size": [-126.771, 122.76]},
								"west": {"uv": [1306.771, 1092.969], "uv_size": [-126.771, 122.76]},
								"up": {"uv": [1180, 1215.729], "uv_size": [126.771, -122.76]},
								"down": {"uv": [1180, 1215.729], "uv_size": [126.771, -122.76]}
							}
						}
					]
				},
				{
					"name": "pierna2",
					"parent": "bone3",
					"pivot": [0, 0, 0],
					"cubes": [
						{
							"origin": [-11.98, -0.04, -6.58],
							"size": [9.62, 14.776, 9.892],
							"uv": {
								"north": {"uv": [1379.792, 1412.969], "uv_size": [-99.792, 168.75]},
								"east": {"uv": [1379.792, 1412.969], "uv_size": [-99.792, 168.75]},
								"south": {"uv": [1379.792, 1412.969], "uv_size": [-99.792, 168.75]},
								"west": {"uv": [1379.792, 1412.969], "uv_size": [-99.792, 168.75]},
								"up": {"uv": [1280, 1581.719], "uv_size": [99.792, -168.75]},
								"down": {"uv": [1280, 1581.719], "uv_size": [99.792, -168.75]}
							}
						}
					]
				},
				{
					"name": "bone9",
					"pivot": [10.1931, 51.38425, -0.96271],
					"rotation": [-5, 0, -10],
					"cubes": [
						{
							"origin": [9.932, 43.51226, -5.65029],
							"size": [8.92, 10.2, 10.34],
							"pivot": [14.84, 44.51226, -0.43029],
							"rotation": [5, 0, -35],
							"uv": {
								"north": {"uv": [1480, 1066.927], "uv_size": [99.792, 95.73]},
								"east": {"uv": [1480, 1066.927], "uv_size": [99.792, 95.73]},
								"south": {"uv": [1480, 1066.927], "uv_size": [99.792, 95.73]},
								"west": {"uv": [1480, 1066.927], "uv_size": [99.792, 95.73]},
								"up": {"uv": [1579.792, 1162.657], "uv_size": [-99.792, -95.73]},
								"down": {"uv": [1579.792, 1162.657], "uv_size": [-99.792, -95.73]}
							}
						},
						{
							"origin": [13.792, 24.78034, -8.931],
							"size": [6.164, 10, 7.408],
							"inflate": 1,
							"pivot": [22.2, 27.95926, -3.94992],
							"rotation": [-24, 0, -5],
							"uv": {
								"north": {"uv": [1280, 1412.969], "uv_size": [99.792, 168.75]},
								"east": {"uv": [1280, 1412.969], "uv_size": [99.792, 168.75]},
								"south": {"uv": [1280, 1412.969], "uv_size": [99.792, 168.75]},
								"west": {"uv": [1280, 1412.969], "uv_size": [99.792, 168.75]},
								"up": {"uv": [1379.792, 1581.719], "uv_size": [-99.792, -168.75]},
								"down": {"uv": [1379.792, 1581.719], "uv_size": [-99.792, -168.75]}
							}
						},
						{
							"origin": [14.05623, 20.19917, -10.30641],
							"size": [6.164, 4.5, 7.408],
							"inflate": 0.8,
							"pivot": [17.2, 24.70921, -6.67704],
							"rotation": [-24, 7, 12.5],
							"uv": {
								"north": {"uv": [385.981, 640.973], "uv_size": [82.726, 76.736]},
								"east": {"uv": [1329.992, 1057.986], "uv_size": [121.614, 103.646]},
								"south": {"uv": [468.707, 640.973], "uv_size": [-82.726, 76.736]},
								"west": {"uv": [1335.981, 937.978], "uv_size": [121.615, 103.646]},
								"up": {"uv": [1379.792, 1581.719], "uv_size": [-99.792, -168.75]},
								"down": {"uv": [341.71, 757.683], "uv_size": [-55.729, -130.686]}
							}
						},
						{
							"origin": [12.96015, 32.18426, -6.31829],
							"size": [6.816, 14.72, 8.832],
							"pivot": [16.68, 35.31226, -2.27029],
							"rotation": [-10, 0, -10],
							"uv": {
								"north": {"uv": [1480, 1066.979], "uv_size": [99.792, 168.75]},
								"east": {"uv": [1480, 1066.979], "uv_size": [99.792, 168.75]},
								"south": {"uv": [1480, 1066.979], "uv_size": [99.792, 168.75]},
								"west": {"uv": [1480, 1066.979], "uv_size": [99.792, 168.75]},
								"up": {"uv": [1579.792, 1235.729], "uv_size": [-99.792, -168.75]},
								"down": {"uv": [1579.792, 1235.729], "uv_size": [-99.792, -168.75]}
							}
						}
					]
				},
				{
					"name": "bone38",
					"parent": "bone9",
					"pivot": [14.22251, 47.47525, 0.81402],
					"rotation": [47.5, 0, 27.5],
					"cubes": [
						{
							"origin": [11.22251, 41.67525, -2.48598],
							"size": [6, 5.9, 8.3],
							"pivot": [16.22251, 49.47525, -8.18598],
							"rotation": [27.5, 0, 0],
							"uv": {
								"north": {"uv": [1055.614, 1306.945], "uv_size": [-59.665, 63.599]},
								"east": {"uv": [1055.614, 1306.945], "uv_size": [-59.665, 63.599]},
								"south": {"uv": [1055.614, 1306.945], "uv_size": [-59.665, 63.599]},
								"west": {"uv": [1055.614, 1306.945], "uv_size": [-59.665, 63.599]},
								"up": {"uv": [995.949, 1370.544], "uv_size": [59.665, -63.599]},
								"down": {"uv": [995.949, 1370.544], "uv_size": [59.665, -63.599]}
							}
						}
					]
				},
				{
					"name": "bone39",
					"parent": "bone38",
					"pivot": [16.22251, 49.47525, -8.18598],
					"cubes": [
						{
							"origin": [8.45538, 50.40471, 4.30845],
							"size": [6, 5.9, 11.4],
							"inflate": -0.5,
							"pivot": [14.22251, 53.66942, 10.3745],
							"rotation": [27.5, -32.5, 0],
							"uv": {
								"north": {"uv": [1362.558, 899.48], "uv_size": [-163.599, -74.48]},
								"east": {"uv": [1362.5, 899.422], "uv_size": [-163.541, -63.426]},
								"south": {"uv": [644.503, 1333.449], "uv_size": [-163.542, -74.479]},
								"west": {"uv": [1198.959, 899.422], "uv_size": [163.541, -63.426]},
								"up": {"uv": [995.949, 1243.982], "uv_size": [71.47, 130.44]},
								"down": {"uv": [995.949, 1374.422], "uv_size": [71.47, -130.44]}
							}
						},
						{
							"origin": [8.45538, 50.40471, 4.30845],
							"size": [6, 5.9, 21.4],
							"inflate": -0.9,
							"pivot": [14.22251, 53.66942, 10.3745],
							"rotation": [27.5, -32.5, 0],
							"uv": {
								"north": {"uv": [1362.558, 899.48], "uv_size": [-163.599, -74.48]},
								"east": {"uv": [1362.5, 899.422], "uv_size": [-163.541, -63.426]},
								"south": {"uv": [644.503, 1333.449], "uv_size": [-163.542, -74.479]},
								"west": {"uv": [1198.959, 899.422], "uv_size": [163.541, -63.426]},
								"up": {"uv": [995.949, 1243.982], "uv_size": [71.47, 130.44]},
								"down": {"uv": [995.949, 1374.422], "uv_size": [71.47, -130.44]}
							}
						}
					]
				},
				{
					"name": "bone2",
					"pivot": [0, 0, 0],
					"cubes": [
						{
							"origin": [2.76, 11.96, -6.08],
							"size": [8.52, 6.776, 9.392],
							"pivot": [7.36, 14.72, -1.84],
							"rotation": [-10, 0, -10],
							"uv": {
								"north": {"uv": [1180, 1159.896], "uv_size": [126.771, 55.625]},
								"east": {"uv": [1180, 1159.896], "uv_size": [126.771, 55.625]},
								"south": {"uv": [1180, 1159.896], "uv_size": [126.771, 55.625]},
								"west": {"uv": [1180, 1159.896], "uv_size": [126.771, 55.625]},
								"up": {"uv": [1306.771, 1215.521], "uv_size": [-126.771, -55.625]},
								"down": {"uv": [1306.771, 1215.521], "uv_size": [-126.771, -55.625]}
							}
						},
						{
							"origin": [1.16, 18.06, -5.08],
							"size": [9.22, 7.976, 9.692],
							"pivot": [5.56, 20.82, -0.84],
							"rotation": [-10, 0, -10],
							"uv": {
								"north": {"uv": [1306.771, 1092.969], "uv_size": [-126.771, 122.76]},
								"east": {"uv": [1306.771, 1092.969], "uv_size": [-126.771, 122.76]},
								"south": {"uv": [1306.771, 1092.969], "uv_size": [-126.771, 122.76]},
								"west": {"uv": [1306.771, 1092.969], "uv_size": [-126.771, 122.76]},
								"up": {"uv": [1180, 1215.729], "uv_size": [126.771, -122.76]},
								"down": {"uv": [1180, 1215.729], "uv_size": [126.771, -122.76]}
							}
						}
					]
				},
				{
					"name": "Pierna3",
					"parent": "bone2",
					"pivot": [0, 0, 0],
					"cubes": [
						{
							"origin": [2.36, -0.04, -6.58],
							"size": [9.62, 14.776, 9.892],
							"uv": {
								"north": {"uv": [1280, 1412.969], "uv_size": [99.792, 168.75]},
								"east": {"uv": [1280, 1412.969], "uv_size": [99.792, 168.75]},
								"south": {"uv": [1280, 1412.969], "uv_size": [99.792, 168.75]},
								"west": {"uv": [1280, 1412.969], "uv_size": [99.792, 168.75]},
								"up": {"uv": [1379.792, 1581.719], "uv_size": [-99.792, -168.75]},
								"down": {"uv": [1379.792, 1581.719], "uv_size": [-99.792, -168.75]}
							}
						}
					]
				},
				{
					"name": "bone5",
					"pivot": [-10.1931, 51.38425, -0.96271],
					"rotation": [-5, 0, 10],
					"cubes": [
						{
							"origin": [-18.852, 43.51226, -5.65029],
							"size": [8.92, 10.2, 10.34],
							"pivot": [-14.84, 44.51226, -0.43029],
							"rotation": [5, 0, 35],
							"uv": {
								"north": {"uv": [1579.792, 1066.927], "uv_size": [-99.792, 95.73]},
								"east": {"uv": [1579.792, 1066.927], "uv_size": [-99.792, 95.73]},
								"south": {"uv": [1579.792, 1066.927], "uv_size": [-99.792, 95.73]},
								"west": {"uv": [1579.792, 1066.927], "uv_size": [-99.792, 95.73]},
								"up": {"uv": [1480, 1162.657], "uv_size": [99.792, -95.73]},
								"down": {"uv": [1480, 1162.657], "uv_size": [99.792, -95.73]}
							}
						},
						{
							"origin": [-19.956, 24.78034, -8.931],
							"size": [6.164, 10, 7.408],
							"inflate": 1,
							"pivot": [-22.2, 27.95926, -3.94992],
							"rotation": [-24, 0, 5],
							"uv": {
								"north": {"uv": [1379.792, 1412.969], "uv_size": [-99.792, 168.75]},
								"east": {"uv": [1379.792, 1412.969], "uv_size": [-99.792, 168.75]},
								"south": {"uv": [1379.792, 1412.969], "uv_size": [-99.792, 168.75]},
								"west": {"uv": [1379.792, 1412.969], "uv_size": [-99.792, 168.75]},
								"up": {"uv": [1280, 1581.719], "uv_size": [99.792, -168.75]},
								"down": {"uv": [1280, 1581.719], "uv_size": [99.792, -168.75]}
							}
						},
						{
							"origin": [-20.22023, 20.19917, -10.30641],
							"size": [6.164, 4.5, 7.408],
							"inflate": 0.8,
							"pivot": [-17.2, 24.70921, -6.67704],
							"rotation": [-24, -7, -12.5],
							"uv": {
								"north": {"uv": [468.707, 640.973], "uv_size": [-82.726, 76.736]},
								"east": {"uv": [1457.596, 937.978], "uv_size": [-121.615, 103.646]},
								"south": {"uv": [385.981, 640.973], "uv_size": [82.726, 76.736]},
								"west": {"uv": [1451.606, 1057.986], "uv_size": [-121.614, 103.646]},
								"up": {"uv": [1280, 1581.719], "uv_size": [99.792, -168.75]},
								"down": {"uv": [285.981, 757.683], "uv_size": [55.729, -130.686]}
							}
						},
						{
							"origin": [-19.77615, 32.18426, -6.31829],
							"size": [6.816, 14.72, 8.832],
							"pivot": [-16.68, 35.31226, -2.27029],
							"rotation": [-10, 0, 10],
							"uv": {
								"north": {"uv": [1579.792, 1066.979], "uv_size": [-99.792, 168.75]},
								"east": {"uv": [1579.792, 1066.979], "uv_size": [-99.792, 168.75]},
								"south": {"uv": [1579.792, 1066.979], "uv_size": [-99.792, 168.75]},
								"west": {"uv": [1579.792, 1066.979], "uv_size": [-99.792, 168.75]},
								"up": {"uv": [1480, 1235.729], "uv_size": [99.792, -168.75]},
								"down": {"uv": [1480, 1235.729], "uv_size": [99.792, -168.75]}
							}
						}
					]
				},
				{
					"name": "bone40",
					"parent": "bone5",
					"pivot": [-14.22251, 47.47525, 0.81402],
					"rotation": [47.5, 0, -27.5],
					"cubes": [
						{
							"origin": [-17.22251, 41.67525, -2.48598],
							"size": [6, 5.9, 8.3],
							"pivot": [-16.22251, 49.47525, -8.18598],
							"rotation": [27.5, 0, 0],
							"uv": {
								"north": {"uv": [995.949, 1306.945], "uv_size": [59.665, 63.599]},
								"east": {"uv": [995.949, 1306.945], "uv_size": [59.665, 63.599]},
								"south": {"uv": [995.949, 1306.945], "uv_size": [59.665, 63.599]},
								"west": {"uv": [995.949, 1306.945], "uv_size": [59.665, 63.599]},
								"up": {"uv": [1055.614, 1370.544], "uv_size": [-59.665, -63.599]},
								"down": {"uv": [1055.614, 1370.544], "uv_size": [-59.665, -63.599]}
							}
						}
					]
				},
				{
					"name": "bone41",
					"parent": "bone40",
					"pivot": [-16.22251, 49.47525, -8.18598],
					"cubes": [
						{
							"origin": [-14.45538, 50.40471, 4.30845],
							"size": [6, 5.9, 11.4],
							"inflate": -0.5,
							"pivot": [-14.22251, 53.66942, 10.3745],
							"rotation": [27.5, 32.5, 0],
							"uv": {
								"north": {"uv": [1198.959, 899.48], "uv_size": [163.599, -74.48]},
								"east": {"uv": [1362.5, 899.422], "uv_size": [-163.541, -63.426]},
								"south": {"uv": [480.961, 1333.449], "uv_size": [163.542, -74.479]},
								"west": {"uv": [1198.959, 899.422], "uv_size": [163.541, -63.426]},
								"up": {"uv": [1067.419, 1243.982], "uv_size": [-71.47, 130.44]},
								"down": {"uv": [1067.419, 1374.422], "uv_size": [-71.47, -130.44]}
							}
						},
						{
							"origin": [-14.45538, 50.40471, 4.30845],
							"size": [6, 5.9, 23.9],
							"inflate": -0.9,
							"pivot": [-14.22251, 53.66942, 10.3745],
							"rotation": [27.5, 32.5, 0],
							"uv": {
								"north": {"uv": [1198.959, 899.48], "uv_size": [163.599, -74.48]},
								"east": {"uv": [1362.5, 899.422], "uv_size": [-163.541, -63.426]},
								"south": {"uv": [480.961, 1333.449], "uv_size": [163.542, -74.479]},
								"west": {"uv": [1198.959, 899.422], "uv_size": [163.541, -63.426]},
								"up": {"uv": [1067.419, 1243.982], "uv_size": [-71.47, 130.44]},
								"down": {"uv": [1067.419, 1374.422], "uv_size": [-71.47, -130.44]}
							}
						}
					]
				}
			]
		}
	]
}