{
	"format_version": "1.12.0",
	"minecraft:geometry": [
		{
			"description": {
				"identifier": "geometry.jack_o_lantern",
				"texture_width": 128,
				"texture_height": 64,
				"visible_bounds_width": 4,
				"visible_bounds_height": 4.5,
				"visible_bounds_offset": [0, 1.75, 0]
			},
			"bones": [
				{
					"name": "bone",
					"pivot": [0, 24, -2],
					"cubes": [
						{
							"origin": [-4, 40, -6],
							"size": [8, 4, 8],
							"uv": {
								"north": {"uv": [8, 8], "uv_size": [8, 4]},
								"east": {"uv": [0, 8], "uv_size": [8, 4]},
								"south": {"uv": [24, 8], "uv_size": [8, 4]},
								"west": {"uv": [16, 8], "uv_size": [8, 4]},
								"up": {"uv": [8, 0], "uv_size": [8, 8]},
								"down": {"uv": [16, 8], "uv_size": [8, -8]}
							}
						},
						{
							"origin": [-4, 38, -6],
							"size": [8, 2, 8],
							"uv": {
								"north": {"uv": [40, 33], "uv_size": [8, 2]},
								"east": {"uv": [32, 33], "uv_size": [8, 2]},
								"south": {"uv": [56, 33], "uv_size": [8, 2]},
								"west": {"uv": [48, 33], "uv_size": [8, 2]},
								"up": {"uv": [40, 25], "uv_size": [8, 8]},
								"down": {"uv": [48, 33], "uv_size": [8, -8]}
							}
						}
					]
				},
				{
					"name": "bone2",
					"pivot": [0, 30, 4],
					"rotation": [37.5, 0, 0],
					"cubes": [
						{
							"origin": [-4, 37, 0],
							"size": [8, 2, 8],
							"uv": {
								"north": {"uv": [8, 24], "uv_size": [8, 2]},
								"east": {"uv": [0, 24], "uv_size": [8, 2]},
								"south": {"uv": [24, 24], "uv_size": [8, 2]},
								"west": {"uv": [16, 24], "uv_size": [8, 2]},
								"up": {"uv": [8, 16], "uv_size": [8, 8]},
								"down": {"uv": [16, 24], "uv_size": [8, -8]}
							}
						},
						{
							"origin": [-4, 39, 0],
							"size": [8, 2, 8],
							"uv": {
								"north": {"uv": [40, 46], "uv_size": [8, 2]},
								"east": {"uv": [32, 46], "uv_size": [8, 2]},
								"south": {"uv": [56, 46], "uv_size": [8, 2]},
								"west": {"uv": [48, 46], "uv_size": [8, 2]},
								"up": {"uv": [40, 38], "uv_size": [8, 8]},
								"down": {"uv": [48, 46], "uv_size": [8, -8]}
							}
						}
					]
				},
				{
					"name": "bone16",
					"pivot": [1, 44, -3],
					"cubes": [
						{
							"origin": [-1, 43, -3],
							"size": [2, 3, 2],
							"pivot": [1, 44, -3],
							"rotation": [-25, 0, 0],
							"uv": {
								"north": {"uv": [2, 2], "uv_size": [2, 3]},
								"east": {"uv": [0, 2], "uv_size": [2, 3]},
								"south": {"uv": [6, 2], "uv_size": [2, 3]},
								"west": {"uv": [4, 2], "uv_size": [2, 3]},
								"up": {"uv": [2, 0], "uv_size": [2, 2]},
								"down": {"uv": [4, 2], "uv_size": [2, -2]}
							}
						}
					]
				},
				{
					"name": "bone3",
					"pivot": [-1, 29, 0],
					"cubes": [
						{
							"origin": [-4, 28, 4],
							"size": [8, 10, 4],
							"pivot": [4, 28, 4],
							"rotation": [25, 0, 0],
							"uv": {
								"north": {"uv": [44, 13], "uv_size": [8, 10]},
								"east": {"uv": [40, 13], "uv_size": [4, 10]},
								"south": {"uv": [56, 13], "uv_size": [8, 10]},
								"west": {"uv": [52, 13], "uv_size": [4, 10]},
								"up": {"uv": [44, 9], "uv_size": [8, 4]},
								"down": {"uv": [52, 13], "uv_size": [8, -4]}
							}
						}
					]
				},
				{
					"name": "bone4",
					"parent": "bone3",
					"pivot": [-1, 6, 0],
					"cubes": [
						{
							"origin": [-4, 22.2, 0],
							"size": [8, 10, 4],
							"pivot": [4, 23, 0],
							"rotation": [-25, 0, 0],
							"uv": {
								"north": {"uv": [44, 13], "uv_size": [8, 10]},
								"east": {"uv": [40, 13], "uv_size": [4, 10]},
								"south": {"uv": [56, 13], "uv_size": [8, 10]},
								"west": {"uv": [52, 13], "uv_size": [4, 10]},
								"up": {"uv": [44, 9], "uv_size": [8, 4]},
								"down": {"uv": [52, 13], "uv_size": [8, -4]}
							}
						}
					]
				},
				{
					"name": "bone5",
					"pivot": [-2, 13, -2],
					"cubes": [
						{
							"origin": [-3, 13, -4],
							"size": [2, 10, 2],
							"pivot": [-1, 13, -4],
							"rotation": [-27.5, 0, 0],
							"uv": {
								"north": {"uv": [2, 32], "uv_size": [2, 10]},
								"east": {"uv": [0, 32], "uv_size": [2, 10]},
								"south": {"uv": [6, 32], "uv_size": [2, 10]},
								"west": {"uv": [4, 32], "uv_size": [2, 10]},
								"up": {"uv": [2, 30], "uv_size": [2, 2]},
								"down": {"uv": [4, 32], "uv_size": [2, -2]}
							}
						}
					]
				},
				{
					"name": "bone6",
					"parent": "bone5",
					"pivot": [0, 6, 0],
					"cubes": [
						{
							"origin": [-3, 6, 0],
							"size": [2, 8, 2],
							"pivot": [-1, 6, 0],
							"rotation": [30, 0, 0],
							"uv": {
								"north": {"uv": [2, 46], "uv_size": [2, 8]},
								"east": {"uv": [0, 46], "uv_size": [2, 8]},
								"south": {"uv": [6, 46], "uv_size": [2, 8]},
								"west": {"uv": [4, 46], "uv_size": [2, 8]},
								"up": {"uv": [2, 44], "uv_size": [2, 2]},
								"down": {"uv": [4, 46], "uv_size": [2, -2]}
							}
						}
					]
				},
				{
					"name": "bone7",
					"parent": "bone6",
					"pivot": [0, 0, 0],
					"cubes": [
						{
							"origin": [-3, 0, -1],
							"size": [2, 8, 2],
							"uv": {
								"north": {"uv": [2, 46], "uv_size": [2, 8]},
								"east": {"uv": [0, 46], "uv_size": [2, 8]},
								"south": {"uv": [6, 46], "uv_size": [2, 8]},
								"west": {"uv": [4, 46], "uv_size": [2, 8]},
								"up": {"uv": [2, 44], "uv_size": [2, 2]},
								"down": {"uv": [4, 46], "uv_size": [2, -2]}
							}
						}
					]
				},
				{
					"name": "bone8",
					"pivot": [3, 14, 0],
					"cubes": [
						{
							"origin": [1, 13, -4],
							"size": [2, 10, 2],
							"pivot": [3, 13, -4],
							"rotation": [-27.5, 0, 0],
							"uv": {
								"north": {"uv": [2, 32], "uv_size": [2, 10]},
								"east": {"uv": [0, 32], "uv_size": [2, 10]},
								"south": {"uv": [6, 32], "uv_size": [2, 10]},
								"west": {"uv": [4, 32], "uv_size": [2, 10]},
								"up": {"uv": [2, 30], "uv_size": [2, 2]},
								"down": {"uv": [4, 32], "uv_size": [2, -2]}
							}
						}
					]
				},
				{
					"name": "bone9",
					"parent": "bone8",
					"pivot": [3, 13, -4],
					"cubes": [
						{
							"origin": [1, 6, 0],
							"size": [2, 8, 2],
							"pivot": [3, 6, 0],
							"rotation": [30, 0, 0],
							"uv": {
								"north": {"uv": [2, 46], "uv_size": [2, 8]},
								"east": {"uv": [0, 46], "uv_size": [2, 8]},
								"south": {"uv": [6, 46], "uv_size": [2, 8]},
								"west": {"uv": [4, 46], "uv_size": [2, 8]},
								"up": {"uv": [2, 44], "uv_size": [2, 2]},
								"down": {"uv": [4, 46], "uv_size": [2, -2]}
							}
						}
					]
				},
				{
					"name": "bone10",
					"parent": "bone9",
					"pivot": [3, 6, 0],
					"cubes": [
						{
							"origin": [1, 0, -1],
							"size": [2, 8, 2],
							"uv": {
								"north": {"uv": [2, 46], "uv_size": [2, 8]},
								"east": {"uv": [0, 46], "uv_size": [2, 8]},
								"south": {"uv": [6, 46], "uv_size": [2, 8]},
								"west": {"uv": [4, 46], "uv_size": [2, 8]},
								"up": {"uv": [2, 44], "uv_size": [2, 2]},
								"down": {"uv": [4, 46], "uv_size": [2, -2]}
							}
						}
					]
				},
				{
					"name": "bone11",
					"pivot": [-12, 27, 0],
					"cubes": [
						{
							"origin": [-15, 29, 6],
							"size": [2, 14, 2],
							"pivot": [-13, 29, 6],
							"rotation": [55, -72.5, 5],
							"uv": {
								"north": {"uv": [12, 32], "uv_size": [2, 14]},
								"east": {"uv": [10, 32], "uv_size": [2, 14]},
								"south": {"uv": [16, 32], "uv_size": [2, 14]},
								"west": {"uv": [14, 32], "uv_size": [2, 14]},
								"up": {"uv": [12, 30], "uv_size": [2, 2]},
								"down": {"uv": [14, 32], "uv_size": [2, -2]}
							}
						}
					]
				},
				{
					"name": "bone12",
					"parent": "bone11",
					"pivot": [0, 0, 0],
					"cubes": [
						{
							"origin": [-3, 24, 3],
							"size": [2, 14, 2],
							"pivot": [-1, 24, 3],
							"rotation": [-62.5, -77.5, 0],
							"uv": {
								"north": {"uv": [12, 32], "uv_size": [2, 14]},
								"east": {"uv": [10, 32], "uv_size": [2, 14]},
								"south": {"uv": [16, 32], "uv_size": [2, 14]},
								"west": {"uv": [14, 32], "uv_size": [2, 14]},
								"up": {"uv": [12, 30], "uv_size": [2, 2]},
								"down": {"uv": [14, 32], "uv_size": [2, -2]}
							}
						}
					]
				},
				{
					"name": "bone13",
					"pivot": [7, 19, -5],
					"cubes": [
						{
							"origin": [11, 29, 4],
							"size": [2, 14, 2],
							"pivot": [13, 29, 4],
							"rotation": [55, 72.5, -5],
							"uv": {
								"north": {"uv": [12, 32], "uv_size": [2, 14]},
								"east": {"uv": [10, 32], "uv_size": [2, 14]},
								"south": {"uv": [16, 32], "uv_size": [2, 14]},
								"west": {"uv": [14, 32], "uv_size": [2, 14]},
								"up": {"uv": [12, 30], "uv_size": [2, 2]},
								"down": {"uv": [14, 32], "uv_size": [2, -2]}
							}
						}
					]
				},
				{
					"name": "bone14",
					"pivot": [7, 23, 7],
					"cubes": [
						{
							"origin": [-1, 22, 3],
							"size": [2, 14, 2],
							"pivot": [1, 22, 3],
							"rotation": [62.5, -102.5, 0],
							"uv": {
								"north": {"uv": [12, 32], "uv_size": [2, 14]},
								"east": {"uv": [10, 32], "uv_size": [2, 14]},
								"south": {"uv": [16, 32], "uv_size": [2, 14]},
								"west": {"uv": [14, 32], "uv_size": [2, 14]},
								"up": {"uv": [12, 30], "uv_size": [2, 2]},
								"down": {"uv": [14, 32], "uv_size": [2, -2]}
							}
						}
					]
				},
				{
					"name": "bone15",
					"pivot": [0, 31, 6],
					"rotation": [12.5, 0, 0],
					"cubes": [
						{
							"origin": [-5, 29.02887, 7.06558],
							"size": [10, 11, 5],
							"pivot": [0, 31, 6],
							"rotation": [15, 0, 0],
							"uv": {
								"north": {"uv": [95, 5], "uv_size": [10, 11]},
								"east": {"uv": [90, 5], "uv_size": [5, 11]},
								"south": {"uv": [110, 5], "uv_size": [10, 11]},
								"west": {"uv": [105, 5], "uv_size": [5, 11]},
								"up": {"uv": [95, 0], "uv_size": [10, 5]},
								"down": {"uv": [105, 5], "uv_size": [10, -5]}
							}
						},
						{
							"origin": [-6, 32.78895, 1.39964],
							"size": [1, 1, 9],
							"pivot": [0, 31, 6],
							"rotation": [15, 0, 0],
							"uv": {
								"north": {"uv": [117, 63], "uv_size": [1, 1]},
								"east": {"uv": [108, 63], "uv_size": [9, 1]},
								"south": {"uv": [127, 63], "uv_size": [1, 1]},
								"west": {"uv": [118, 63], "uv_size": [9, 1]},
								"up": {"uv": [117, 54], "uv_size": [1, 9]},
								"down": {"uv": [118, 63], "uv_size": [1, -9]}
							}
						},
						{
							"origin": [5, 32.78895, 1.39964],
							"size": [1, 1, 9],
							"pivot": [0, 31, 6],
							"rotation": [15, 0, 0],
							"uv": {
								"north": {"uv": [117, 63], "uv_size": [1, 1]},
								"east": {"uv": [108, 63], "uv_size": [9, 1]},
								"south": {"uv": [127, 63], "uv_size": [1, 1]},
								"west": {"uv": [118, 63], "uv_size": [9, 1]},
								"up": {"uv": [117, 54], "uv_size": [1, 9]},
								"down": {"uv": [118, 63], "uv_size": [1, -9]}
							}
						},
						{
							"origin": [-5.88611, 31.28497, 0.33431],
							"size": [1, 1, 11],
							"pivot": [0, 31, 6],
							"rotation": [0, -90, 0],
							"uv": {
								"north": {"uv": [115, 63], "uv_size": [1, 1]},
								"east": {"uv": [104, 63], "uv_size": [11, 1]},
								"south": {"uv": [127, 63], "uv_size": [1, 1]},
								"west": {"uv": [116, 63], "uv_size": [11, 1]},
								"up": {"uv": [115, 52], "uv_size": [1, 11]},
								"down": {"uv": [116, 63], "uv_size": [1, -11]}
							}
						},
						{
							"origin": [-1, 34.96831, 11.42026],
							"size": [2, 3, 2],
							"pivot": [0, 31, 6],
							"rotation": [12.5, 0, 0],
							"uv": {
								"north": {"uv": [95, 28], "uv_size": [2, 3]},
								"east": {"uv": [93, 28], "uv_size": [2, 3]},
								"south": {"uv": [99, 28], "uv_size": [2, 3]},
								"west": {"uv": [97, 28], "uv_size": [2, 3]},
								"up": {"uv": [95, 26], "uv_size": [2, 2]},
								"down": {"uv": [97, 28], "uv_size": [2, -2]}
							}
						}
					]
				},
				{
					"name": "bone17",
					"pivot": [-1, 35, 8],
					"cubes": [
						{
							"origin": [-1, 32, 7],
							"size": [1, 4, 1],
							"uv": {
								"north": {"uv": [1, 59], "uv_size": [1, 4]},
								"east": {"uv": [0, 59], "uv_size": [1, 4]},
								"south": {"uv": [3, 59], "uv_size": [1, 4]},
								"west": {"uv": [2, 59], "uv_size": [1, 4]},
								"up": {"uv": [1, 58], "uv_size": [1, 1]},
								"down": {"uv": [2, 59], "uv_size": [1, -1]}
							}
						},
						{
							"origin": [-2, 35, 6],
							"size": [3, 1, 3],
							"uv": {
								"north": {"uv": [74, 14], "uv_size": [3, 1]},
								"east": {"uv": [71, 14], "uv_size": [3, 1]},
								"south": {"uv": [80, 14], "uv_size": [3, 1]},
								"west": {"uv": [77, 14], "uv_size": [3, 1]},
								"up": {"uv": [74, 11], "uv_size": [3, 3]},
								"down": {"uv": [77, 14], "uv_size": [3, -3]}
							}
						},
						{
							"origin": [-1, 36, 7],
							"size": [1, 3, 1],
							"uv": {
								"north": {"uv": [49, 1], "uv_size": [1, 3]},
								"east": {"uv": [48, 1], "uv_size": [1, 3]},
								"south": {"uv": [51, 1], "uv_size": [1, 3]},
								"west": {"uv": [50, 1], "uv_size": [1, 3]},
								"up": {"uv": [49, 0], "uv_size": [1, 1]},
								"down": {"uv": [50, 1], "uv_size": [1, -1]}
							}
						},
						{
							"origin": [-1, 37, 8],
							"size": [1, 3, 0],
							"uv": {
								"north": {"uv": [48, 0], "uv_size": [1, 3]},
								"east": {"uv": [48, 0], "uv_size": [0, 3]},
								"south": {"uv": [49, 0], "uv_size": [1, 3]},
								"west": {"uv": [49, 0], "uv_size": [0, 3]},
								"up": {"uv": [48, 0], "uv_size": [1, 0]},
								"down": {"uv": [49, 0], "uv_size": [1, 0]}
							}
						}
					]
				},
				{
					"name": "bone18",
					"pivot": [1, 41, -3],
					"cubes": [
						{
							"origin": [-2, 41, -5],
							"size": [4, 2, 1],
							"uv": {
								"north": {"uv": [69, 3], "uv_size": [4, 2]},
								"east": {"uv": [68, 3], "uv_size": [1, 2]},
								"south": {"uv": [74, 3], "uv_size": [4, 2]},
								"west": {"uv": [73, 3], "uv_size": [1, 2]},
								"up": {"uv": [69, 2], "uv_size": [4, 1]},
								"down": {"uv": [73, 3], "uv_size": [4, -1]}
							}
						}
					]
				}
			]
		}
	]
}