{
	"format_version": "1.10.0",
	"geometry.skeleton_wolf": {
		"texturewidth": 64,
		"textureheight": 32,
		"visible_bounds_width": 3,
		"visible_bounds_height": 2,
		"visible_bounds_offset": [0, 1, 0],
		"bones": [
			{
				"name": "root",
				"pivot": [0, 0, 0]
			},
			{
				"name": "head",
				"parent": "root",
				"pivot": [0, 10.5, -7],
				"cubes": [
					{"origin": [-3, 7.5, -9], "size": [6, 6, 4], "uv": [0, 0]},
					{"origin": [-3, 13.5, -7], "size": [2, 2, 1], "uv": [16, 14]},
					{"origin": [1, 13.5, -7], "size": [2, 2, 1], "uv": [16, 14]},
					{"origin": [-1.5, 7.51563, -12], "size": [3, 3, 4], "uv": [0, 10]}
				],
				"locators": {
					"lead": [0, 10.5, -7]
				}
			},
			{
				"name": "upperBody",
				"parent": "root",
				"pivot": [0, 10, -3],
				"rotation": [90, 0, 0],
				"cubes": [
					{"origin": [-4, 7, -6], "size": [8, 6, 7], "uv": [21, 0]}
				]
			},
			{
				"name": "body",
				"parent": "upperBody",
				"pivot": [0, 7, 0],
				"cubes": [
					{"origin": [-3, -1, -6], "size": [6, 9, 6], "uv": [18, 14]}
				]
			},
			{
				"name": "leg0",
				"parent": "root",
				"pivot": [-1.5, 8, 6],
				"cubes": [
					{"origin": [-2.5, 0, 5], "size": [2, 8, 2], "uv": [0, 18]}
				]
			},
			{
				"name": "leg1",
				"parent": "root",
				"pivot": [1.5, 8, 6],
				"cubes": [
					{"origin": [0.5, 0, 5], "size": [2, 8, 2], "uv": [0, 18]}
				]
			},
			{
				"name": "leg2",
				"parent": "root",
				"pivot": [-1.5, 8, -4],
				"cubes": [
					{"origin": [-2.5, 0, -5], "size": [2, 8, 2], "uv": [0, 18]}
				]
			},
			{
				"name": "leg3",
				"parent": "root",
				"pivot": [1.5, 8, -4],
				"cubes": [
					{"origin": [0.5, 0, -5], "size": [2, 8, 2], "uv": [0, 18]}
				]
			},
			{
				"name": "tail",
				"parent": "root",
				"pivot": [0, 12, 7],
				"rotation": [25, 0, 0],
				"cubes": [
					{"origin": [-1, 4, 6], "size": [2, 8, 2], "uv": [9, 19]}
				]
			}
		]
	}
}