{
  "format_version": "1.10.0",
  "minecraft:attachable": {
    "description": {
      "identifier": "pocket:carnival_goblin_mask",
      "item": { "pocket:carnival_goblin_mask_item": "query.owner_identifier == 'minecraft:player'" },
      "materials": {
        "default": "armor",
        "enchanted": "armor_enchanted"
      },
      "textures": {
        "default": "textures/entity/carnival_goblin_mask",
        "enchanted": "textures/misc/enchanted_item_glint"
      },
      "geometry": {
        "default": "geometry.carnival_goblin_mask"
      },
      "render_controllers": [ "controller.render.armor" ]
    }
  }
}
