{
	"format_version": "1.8.0",
	"animations": {
		"animation.ciclope.roar": {
			"animation_length": 2.24,
			"bones": {
				"bone20": {
					"rotation": {
						"0.0": [0, 0, 0],
						"0.56": [-27.5, 0, 0],
						"1.12": [-27.5, 0, -35],
						"1.68": [-27.5, 0, 35],
						"2.24": [0, 0, 0]
					},
					"position": {
						"0.0": [0.3, -0.4, 0],
						"1.12": [-0.5, -0.4, 0],
						"1.68": [-0.07, -0.71, 0],
						"2.24": [0.3, -0.4, 0]
					}
				},
				"bone21": {
					"rotation": {
						"0.0": [0, 0, 0],
						"0.56": [17.5, 0, 0],
						"1.12": [15, 0, 0],
						"2.24": [0, 0, 0]
					},
					"position": {
						"0.0": [0, 0, 0],
						"0.56": [0, -0.4, -1.6],
						"1.12": [0, -0.4, -1.6],
						"2.24": [0, 0, 0]
					}
				},
				"bone11": {
					"rotation": {
						"0.0": [0, 0, 0],
						"0.56": [12.5, 0, 15],
						"1.12": [12.5, 0, 20],
						"1.68": [12.5, 0, 25],
						"2.24": [0, 0, 0]
					},
					"position": {
						"0.0": [0, 0, 0],
						"0.56": [0, 0, 0],
						"1.12": [0, 0, 0],
						"1.68": [0, 0, 0],
						"2.24": [0, 0, 0]
					}
				},
				"bone13": {
					"rotation": {
						"0.0": [0, 0, 0],
						"0.56": [0, 0, 27.5],
						"2.24": [0, 0, 0]
					},
					"position": {
						"0.0": [0, 0, 0],
						"0.56": [0.2, 0, 0],
						"2.24": [0, 0, 0]
					}
				},
				"bone14": {
					"rotation": {
						"0.0": [0, 0, 0],
						"0.56": [0, 0, -12.5],
						"2.24": [0, 0, 0]
					},
					"position": {
						"0.0": [0, 0, 0],
						"0.56": [0, 0.5, 0],
						"2.24": [0, 0, 0]
					}
				},
				"bone15": {
					"rotation": {
						"0.0": [0, 0, 0],
						"0.56": [12.5, 0, -15],
						"1.12": [12.5, 0, -20],
						"1.68": [12.5, 0, -25],
						"2.24": [0, 0, 0]
					},
					"position": {
						"0.0": [0, 0, 0],
						"0.56": [0, 0, 0],
						"1.12": [0, 0, 0],
						"1.68": [0, 0, 0],
						"2.24": [0, 0, 0]
					}
				},
				"bone17": {
					"rotation": {
						"0.0": [0, 0, 0],
						"0.56": [0, 0, -27.5],
						"2.24": [0, 0, 0]
					},
					"position": {
						"0.0": [0, 0, 0],
						"0.56": [-0.2, 0, 0],
						"2.24": [0, 0, 0]
					}
				},
				"bone18": {
					"rotation": {
						"0.0": [0, 0, 0],
						"0.56": [0, 0, 12.5],
						"2.24": [0, 0, 0]
					},
					"position": {
						"0.0": [0, 0, 0],
						"0.56": [0, 0.5, 0],
						"2.24": [0, 0, 0]
					}
				},
				"bone19": {
					"rotation": {
						"0.0": [0, 0, 0],
						"0.56": [-20, 0, 0],
						"1.12": [-20, 0, -35],
						"1.68": [20, 0, 35],
						"2.24": [0, 0, 0]
					},
					"position": {
						"0.0": [0, -0.8, -0.3],
						"1.12": [0, -0.8, -0.3],
						"1.68": [0, -0.8, -0.3],
						"2.24": [0, -0.8, -0.3]
					}
				}
			}
		},
		"animation.cyclops.static": {
			"loop": true,
			"animation_length": 4,
			"bones": {
				"bone20": {
					"rotation": {
						"0.0": [0, 0, 0],
						"2.0": [-5, 0, 0],
						"4.0": [0, 0, 0]
					}
				},
				"bone21": {
					"rotation": {
						"0.0": [0, 0, 0],
						"2.0": [7.5, 0, 0],
						"4.0": [0, 0, 0]
					},
					"position": {
						"0.0": [0, 0, 0],
						"2.0": [0, -0.3, -1],
						"4.0": [0, 0, 0]
					}
				},
				"bone11": {
					"rotation": {
						"0.0": [0, 0, 0],
						"2.0": [0, 0, 7.5],
						"4.0": [0, 0, 0]
					},
					"position": {
						"0.0": [0, 0, 0],
						"2.0": [0, 0, 0],
						"4.0": [0, 0, 0]
					}
				},
				"bone15": {
					"rotation": {
						"0.0": [0, 0, 0],
						"2.0": [0, 0, -7.5],
						"4.0": [0, 0, 0]
					},
					"position": {
						"0.0": [0, 0, 0],
						"2.0": [0, 0, 0],
						"4.0": [0, 0, 0]
					}
				},
				"bone": {
					"rotation": {
						"0.0": [0, 0, 0],
						"2.0": [-5, 0, 0],
						"4.0": [0, 0, 0]
					}
				}
			}
		},
		"animation.cyclops.attack": {
			"loop": true,
			"animation_length": 1.44,
			"bones": {
				"bone20": {
					"rotation": {
						"0.0": [0, 0, 0],
						"0.48": [-7.5, 0, 0],
						"0.96": [7.5, 0, 0],
						"1.44": [0, 0, 0]
					},
					"position": {
						"0.0": [0, 0, 0],
						"0.48": [0, 0.1, 0.3],
						"0.96": [0, 0.1, 0.3],
						"1.44": [0, 0, 0]
					}
				},
				"bone21": {
					"rotation": {
						"0.0": [0, 0, 0],
						"0.48": [15, 0, 0],
						"1.44": [0, 0, 0]
					},
					"position": {
						"0.0": [0, 0, 0],
						"0.48": [0, -0.6, -1],
						"1.44": [0, 0, 0]
					}
				},
				"bone11": {
					"rotation": {
						"0.0": [0, 0, 0],
						"0.48": [-180, 0, 0],
						"0.96": [-40, 0, -7.5],
						"1.44": [0, 0, 0]
					},
					"position": {
						"0.0": [0, 0, 0],
						"0.48": [0, 0, 0],
						"1.44": [0, 0, 0]
					}
				},
				"bone15": {
					"rotation": {
						"0.0": [0, 0, 0],
						"0.48": [-180, 0, 0],
						"0.96": [-40, 0, 5],
						"1.44": [0, 0, 0]
					},
					"position": {
						"0.0": [0, 0, 0],
						"0.48": [0, 0, 0],
						"1.44": [0, 0, 0]
					}
				},
				"bone": {
					"rotation": {
						"0.0": [0, 0, 0],
						"0.48": [-5, 0, 0],
						"0.96": [7.5, 0, 0],
						"1.44": [0, 0, 0]
					},
					"position": {
						"0.0": [0, 0, 0],
						"0.48": [0, 0, 0],
						"0.96": [0, 0, 0],
						"1.44": [0, 0, 0]
					}
				}
			}
		},
		"animation.cyclops.move": {
			"loop": true,
			"animation_length": 0.84,
			"bones": {
				"bone3": {
					"rotation": {
						"0.0": [17.5, 0, 0],
						"0.4": [-35, 0, 0],
						"0.8": [17.5, 0, 0]
					},
					"position": {
						"0.0": [0, 0, 0],
						"0.4": [0, 0, 0],
						"0.8": [0, 0, 0]
					}
				},
				"bone21": {
					"rotation": {
						"0.0": [0, 0, 0],
						"0.4": [7.5, 0, 0],
						"0.8": [0, 0, 0]
					},
					"position": {
						"0.0": [0, 0, 0],
						"0.4": [0, -0.3, -1],
						"0.8": [0, 0, 0]
					}
				},
				"bone11": {
					"rotation": {
						"0.0": [17.5, 0, 0],
						"0.4": [-35, 0, 0],
						"0.8": [17.5, 0, 0]
					},
					"position": {
						"0.0": [0, 0, 0],
						"0.4": [0, 0, 0],
						"0.8": [0, 0, 0]
					}
				},
				"bone15": {
					"rotation": {
						"0.0": [-35, 0, 0],
						"0.4": [20, 0, 0],
						"0.8": [-35, 0, 0]
					},
					"position": {
						"0.0": [0, 0, 0],
						"0.4": [0, 0, 0],
						"0.8": [0, 0, 0]
					}
				},
				"bone6": {
					"rotation": {
						"0.0": [-35, 0, 0],
						"0.4": [17.5, 0, 0],
						"0.8": [-35, 0, 0]
					},
					"position": {
						"0.0": [0, 0, 0],
						"0.4": [0, 0, 0],
						"0.8": [0, 0, 0]
					}
				}
			}
		},
		"animation.ciclope.attack2": {
			"animation_length": 1,
			"bones": {
				"bone21": {
					"rotation": {
						"0.0": [0, 0, 0],
						"0.4": [5, 0, 0],
						"0.6": [5, 0, 0],
						"1.0": [0, 0, 0]
					},
					"position": {
						"0.0": [0, 0, 0],
						"0.4": [0, -0.4, -0.5],
						"0.6": [0, -0.4, -0.5],
						"1.0": [0, 0, 0]
					}
				},
				"bone11": {
					"rotation": {
						"0.0": [0, 0, 0],
						"0.4": [0, 0, 7.5],
						"0.6": [0, 0, 7.5],
						"1.0": [0, 0, 0]
					},
					"position": {
						"0.0": [0, 0, 0],
						"0.4": [0, 0, 0],
						"0.6": [0, 0, 0],
						"1.0": [0, 0, 0]
					}
				},
				"bone15": {
					"rotation": {
						"0.0": [0, 0, 0],
						"0.4": [-42.5, 0, 0],
						"0.6": [-42.5, 0, 40],
						"1.0": [0, 0, 0]
					},
					"position": {
						"0.0": [0, 0, 0],
						"0.4": [0, 0, 0],
						"0.6": [0, 0, 0],
						"1.0": [0, 0, 0]
					}
				}
			}
		}
	}
}