{
	"format_version" : "1.10.0",
	"animation_controllers" : {
		"controller.animation.skeleton_wolf.sitting" : {
			"initial_state" : "default",
			"states" : {
				"default" : {
					"animations" : [ "wolf_leg_default", "wolf_look_at" ],
					"blend_transition" : 0.15,
					"transitions" : [
						{
							"sitting" : "query.is_sitting && query.is_alive"
						},
						{
							"cancel_animation": "!query.is_alive"
						  }
					]
				},
				"cancel_animation": {
					"animations": [
						"death",
						"death_cancel"
					],
					"transitions": [
					  {
						"default": "query.is_alive && query.all_animations_finished"
					  }
					]
				  },
				"sitting" : {
					"animations" : [ "wolf_sitting" , "wolf_look_at" ],
					"blend_transition" : 0.15,
					"transitions" : [
						{
							"default" : "!query.is_sitting || !query.is_alive"
						},
						{
							"howling" : "math.random(0, 2000) < 1.0 && !query.is_interested && !query.is_baby && !query.is_angry && query.is_sitting && query.is_alive"
						}
					]
				},
				"howling" : {
					"animations" : [
						"howl"
					],
					"blend_transition" : 0.3,
					"transitions" : [
						{
							"sitting" : "query.all_animations_finished || !query.is_alive"
						},
						{
							"default" : "!query.is_sitting || !query.is_alive"
						}
					]
				}
			}
		},
	
			  "controller.animation.mwolf.death": {
				"initial_state": "default",
				"states": {
				  "default": {
					"transitions": [
					  {
						"cancel_animation": "!query.is_alive"
					  }
					]
				  },
				  "cancel_animation": {
					"animations": [
						"death",
						"death_cancel"
					],
					"transitions": [
					  {
						"default": "query.is_alive && query.all_animations_finished"
					  }
					]
				  }
				}
			  },
			  "controller.animation.mwolf.tail" : {
				"initial_state" : "default",
				"states" : {
					
					
					"default" : {
						
						"blend_transition" : 0.2,
						"transitions" : [
						
							{
								"tail" : "math.random(0, 500) < 1.0 && !query.is_angry && !query.is_sitting && query.is_alive"
							}
						
						]
					},
				
				
				
					"tail" : {
						"animations" : [
							"tail"
						
						],
						"blend_transition" : 0.2,
						"transitions" : [
							{
								"default" : "query.is_interested || query.is_angry || query.is_sitting || !query.is_alive"
							}
						]
					}
				}
			},
		"controller.animation.mwolf.idle": {
			"states": {
			   "default": {
				  "transitions": [
					 {
						"idle_1": "math.random(0, 2300) < 1.0 && !query.is_angry && !query.is_roaring && !query.has_target && !query.is_interested && query.is_alive"
					 },
					 {
						"idle_2": "math.random(0, 2600) < 1.0 && !query.is_angry && query.is_sitting && !query.is_roaring  && !query.has_target && !query.is_interested && query.is_alive"
					 },
					 {
						"bark_1": "math.random(0, 1000) < 1.0 && !query.is_angry && !query.is_baby && !query.is_roaring  && !query.has_target && !query.is_interested && query.is_alive"
					 },
					 {
						"baby_bark_1": "math.random(0, 500) < 1.0 && !query.is_angry && query.is_baby && !query.is_roaring  && !query.has_target && query.is_alive"
					 },
					 {
						"angry_1": "math.random(0, 230) < 1.0  && !query.is_roaring && !query.is_baby && query.has_target && !query.is_interested && query.is_alive"
					 },
					 {
						"baby_angry_1": "math.random(0, 40) < 1.0  && !query.is_roaring && query.is_baby && query.has_target && !query.is_interested && query.is_alive"
					 }
				  ],
				  "blend_transition": 0.01
			   },
			   "idle_1": {
				  "animations": [
					 "idle_1"
				  ],
				  "transitions": [
					 {
						"default": "query.all_animations_finished || query.is_angry || query.is_interested || query.has_target || query.is_roaring || !query.is_alive"
					 }
				  ],
				  "blend_transition": 0.1
			   },
			   "idle_2": {
				"animations": [
				   "idle_2"
				],
				"transitions": [
				   {
					  "default": "query.all_animations_finished || query.is_angry || query.is_interested || query.has_target || query.is_roaring || !query.is_alive"
				   }
				],
				"blend_transition": 0.1
			 },
			 "bark_1": {
				"animations": [
				   "angry_1"
				],
				"transitions": [
				   {
					  "default": "query.all_animations_finished || query.is_interested || query.has_target || query.is_roaring || !query.is_alive"
				   }
				],
				"blend_transition": 0.01
			 },	 
			 "angry_1": {
				"animations": [
				   "angry_1"
				],
				"transitions": [
				   {
					  "default": "query.all_animations_finished || query.is_interested || !query.has_target || query.is_roaring || !query.is_alive"
				   }
				],
				"blend_transition": 0.01
			 },	 	 	  
			 "baby_bark_1": {
				"animations": [
				   "baby_angry_1"
				],
				"transitions": [
				   {
					  "default": "query.all_animations_finished || query.has_target || query.is_roaring || !query.is_alive"
				   }
				],
				"blend_transition": 0.01
			 },	 
			 "baby_angry_1": {
				"animations": [
				   "baby_angry_1"
				],
				"transitions": [
				   {
					  "default": "query.all_animations_finished || query.is_interested || !query.has_target || query.is_roaring || !query.is_alive"
				   }
				],
				"blend_transition": 0.01
			 }	 	
			}
		 },
		"controller.animation.skeleton_wolf.shake": {
			"states": {
				"default": {
					"transitions": [
						{ "in_water": "query.is_in_water_or_rain" }
					]
				},
				"in_water": {
					"transitions": [
						{ "shake": "!query.is_in_water_or_rain && query.is_on_ground"  }
					],
					"blend_transition": 0.2
				},
				"shake": {
					"animations": [
						"shaking"
					],
				
					"transitions": [
						{ "default": "query.all_animations_finished" },
						{ "in_water": "query.is_in_water_or_rain" }
					],
					"blend_transition": 0.2
				}
			}
		},
		"controller.animation.skeleton_wolf.general" : {
			"initial_state" : "default",
			"states" : {
				
				
				"default" : {
					"animations" : [
					
						"walk"
					
					],
					"blend_transition" : 0.2,
					"transitions" : [
					
						{
							"angry" : "query.is_angry && query.is_alive"
						}
					
					]
				},
			
			
			
				"angry" : {
					"animations" : [
					
						"angry"
					
					],
					"blend_transition" : 0.2,
					"transitions" : [
						{
							"default" : "!query.is_angry || !query.is_alive"
						}
					]
				}
			}
		},
		"controller.animation.mwolf.baby_big_head" : {
			"initial_state" : "default",
			"states" : {
				
				
				"default" : {
					
					"blend_transition" : 0.0,
					"transitions" : [
					
						{
							"baby" : "query.is_baby"
						}
					
					]
				},
			
			
			
				"baby" : {
					"animations" : [
						"big_head"
					
					],
					"blend_transition" : 0.0,
					"transitions" : [
						{
							"default" : "!query.is_baby"
						}
					]
				}
			}
		},
		"controller.animation.mwolf.general" : {
			"initial_state" : "default",
			"states" : {
				
				
				"default" : {
					"animations" : [
						"look_at_target"
					],
					"blend_transition" : 0.2,
					"transitions" : [
					
						{
							"angry" : "query.is_angry"
						}
					
					]
				},
			
			
			
				"angry" : {
					"animations" : [
						"look_at_target",
						"angry"
					
					],
					"blend_transition" : 0.2,
					"transitions" : [
						{
							"default" : "!query.is_angry"
						}
					]
				}
			}
		},
	
		"controller.animation.mwolf.beg" : {
			"initial_state" : "default",
			"states" : {
				
				
				"default" : {
					
					"blend_transition" : 0.2,
					"transitions" : [
					
						{
							"beg" : "query.is_interested && !query.is_angry && query.is_alive"
						}
					
					]
				},
			
			
			
				"beg" : {
					"animations" : [
						"begging"
					
					],
					"blend_transition" : 0.2,
					"transitions" : [
						{
							"default" : "!query.is_interested || query.is_angry || !query.is_alive"
						}
					]
				}
			}
		},
		"controller.animation.mwolf.biting" : {
			"initial_state" : "default",
			"states" : {
				
				
				"default" : {
					
					"blend_transition" : 0.1,
					"transitions" : [
					
						{
							"biting" : "query.is_delayed_attacking == 1"
						}
					
					]
				},
			
			
			
				"biting" : {
					"animations" : [
						"biting"
					
					],
					"blend_transition" : 0.4,
					"transitions" : [
						{
							"default" : "query.is_delayed_attacking == 0"
						}
					]
				}
			}
		}
	}
}
