{
   "format_version": "1.10.0",
   "animation_controllers": {
   
    "controller.animation.mwolf.walking": {
      "states": {
        "default": {
        
          "animations": [ 
        
    { "walk": "query.modified_move_speed*variable.mpet_walk_multiplier"
    
} 
],

          "transitions": [
            {
              "sitting": "query.is_sitting && query.is_alive"
            }
         
          ],
          "blend_transition": 0.2
        },

       
        "sitting": {
          "animations": [
             "sit"
            
         
          ],
          
          "transitions": [
            {
              "default": "!query.is_sitting || !query.is_alive"
            },
            {
              "sleeping": "math.random(0, 2070) < 1.0 && query.is_sitting && query.is_alive"
            }
          ],
          "blend_transition": 0.3
        },
        "sleeping": {
          "animations": [
             "sleep"
            
         
          ],
          
          "transitions": [
            {
              "default": "!query.is_sitting || !query.is_alive"
            },
            {
              "sitting": "math.random(0, 8600) < 1.0 && query.is_sitting && query.is_alive"
            }
          ],
          "blend_transition": 0.55
        }
      }
    }
  }
}